Delta,Time,CPU_FREQUENCY_0,CPU_FREQUENCY_1,CPU_FREQUENCY_2,CPU_FREQUENCY_3,CPU_FREQUENCY_4,CPU_FREQUENCY_5,CPU_FREQUENCY_6,CPU_FREQUENCY_7,CPU_TEMP_0,CPU_TEMP_1,CPU_TEMP_2,CPU_TEMP_3,CPU_TEMP_4,CPU_TEMP_5,CPU_TEMP_6,CPU_TEMP_7,CPU_TEMP_8,CPU_TEMP_9,CPU_USAGE_0,CPU_USAGE_1,CPU_USAGE_2,CPU_USAGE_3,CPU_USAGE_4,CPU_USAGE_5,CPU_USAGE_6,CPU_USAGE_7,SYSTEM_POWER (Watts),TOTAL_MEMORY,TOTAL_SWAP,USED_MEMORY,USED_SWAP
0,1729584368599,3228,3228,3228,3228,3228,3228,3228,3228,58.25984573364258,55.684146881103516,56.55883026123047,58.57843017578125,58.29393768310547,56.7672119140625,56.279296875,57.16741180419922,58.75621795654297,58.553611755371094,0,0,0,0,0,0,0,0,4.922540187835693,17179869184,22548578304,4433641472,21102788608
304,1729584368599,3228,3228,3228,3228,3228,3228,3228,3228,58.25984573364258,55.684146881103516,56.55883026123047,58.57843017578125,58.29393768310547,56.7672119140625,56.279296875,57.16741180419922,58.75621795654297,58.553611755371094,0,0,50,100,0,0,0,0,4.922540187835693,17179869184,22548578304,4433641472,21102788608
8,1729584368904,3228,3228,3228,3228,3228,3228,3228,3228,58.25984573364258,55.684146881103516,56.55883026123047,58.57843017578125,58.29393768310547,56.7672119140625,56.279296875,57.16741180419922,58.75621795654297,58.553611755371094,10,15.625,31.034481048583984,20,25.80644989013672,12.90322494506836,3.3333334922790527,0,4.922540187835693,17179869184,22548578304,4433641472,21102788608
