Delta,Time,CPU_FREQUENCY_0,CPU_FREQUENCY_1,CPU_FREQUENCY_2,CPU_FREQUENCY_3,CPU_FREQUENCY_4,CPU_FREQUENCY_5,CPU_FREQUENCY_6,CPU_FREQUENCY_7,CPU_TEMP_0,CPU_TEMP_1,CPU_TEMP_2,CPU_TEMP_3,CPU_TEMP_4,CPU_TEMP_5,CPU_TEMP_6,CPU_TEMP_7,CPU_TEMP_8,CPU_TEMP_9,CPU_USAGE_0,CPU_USAGE_1,CPU_USAGE_2,CPU_USAGE_3,CPU_USAGE_4,CPU_USAGE_5,CPU_USAGE_6,CPU_USAGE_7,SYSTEM_POWER (Watts),TOTAL_MEMORY,TOTAL_SWAP,USED_MEMORY,USED_SWAP
0,1729539949518,3228,3228,3228,3228,3228,3228,3228,3228,59.21806716918945,56.41333770751953,57.71247100830078,58.03864288330078,59.603485107421875,57.23646926879883,57.77764129638672,57.520267486572266,60.19689178466797,59.059425354003906,0,50,100,50,0,0,0,0,4.565418243408203,17179869184,21474836480,6546161664,20369506304
307,1729539949518,3228,3228,3228,3228,3228,3228,3228,3228,59.21806716918945,56.41333770751953,57.71247100830078,58.03864288330078,59.603485107421875,57.23646926879883,57.77764129638672,57.520267486572266,60.19689178466797,59.059425354003906,NaN,0,0,0,0,50,0,0,4.565418243408203,17179869184,21474836480,6548996096,20369506304
10,1729539949825,3228,3228,3228,3228,3228,3228,3228,3228,59.21806716918945,56.41333770751953,57.71247100830078,58.03864288330078,59.603485107421875,57.23646926879883,57.77764129638672,57.520267486572266,60.19689178466797,59.059425354003906,12.90322494506836,13.333333969116211,37.5,56.66666793823242,23.33333396911621,17.241378784179688,0,3.22580623626709,4.565418243408203,17179869184,21474836480,6548996096,20369506304
