Delta,Time,CPU_FREQUENCY_0,CPU_FREQUENCY_1,CPU_FREQUENCY_2,CPU_FREQUENCY_3,CPU_FREQUENCY_4,CPU_FREQUENCY_5,CPU_FREQUENCY_6,CPU_FREQUENCY_7,CPU_TEMP_0,CPU_TEMP_1,CPU_TEMP_2,CPU_TEMP_3,CPU_TEMP_4,CPU_TEMP_5,CPU_TEMP_6,CPU_TEMP_7,CPU_TEMP_8,CPU_TEMP_9,CPU_USAGE_0,CPU_USAGE_1,CPU_USAGE_2,CPU_USAGE_3,CPU_USAGE_4,CPU_USAGE_5,CPU_USAGE_6,CPU_USAGE_7,SYSTEM_POWER (Watts),TOTAL_MEMORY,TOTAL_SWAP,USED_MEMORY,USED_SWAP
0,1729540912683,3228,3228,3228,3228,3228,3228,3228,3228,66.4940414428711,62.79106903076172,67.0997314453125,68.1583023071289,66.47188568115234,64.1363525390625,65.99551391601563,65.1799087524414,65.36292266845703,64.9051284790039,NaN,0,50,0,0,0,0,0,22.145105361938477,17179869184,21474836480,5579833344,20369506304
309,1729540912683,3228,3228,3228,3228,3228,3228,3228,3228,66.4940414428711,62.79106903076172,67.0997314453125,68.1583023071289,66.47188568115234,64.1363525390625,65.99551391601563,65.1799087524414,65.36292266845703,64.9051284790039,0,0,0,100,50,0,0,0,22.145105361938477,17179869184,21474836480,5582667776,20369506304
306,1729540912993,3228,3228,3228,3228,3228,3228,3228,3228,66.4940414428711,62.79106903076172,67.0997314453125,68.1583023071289,66.47188568115234,64.1363525390625,65.99551391601563,65.1799087524414,65.36292266845703,64.9051284790039,59.375,58.06451416015625,83.87096405029297,67.74193572998047,68.96551513671875,74.19355010986328,67.74193572998047,63.33333206176758,22.145105361938477,17179869184,21474836480,8003272704,20369506304
10,1729540913299,3228,3228,3228,3228,3228,3228,3228,3228,64.602783203125,61.87637710571289,64.60584259033203,65.72166442871094,64.59032440185547,62.628173828125,64.69581604003906,64.37753295898438,65.68059539794922,64.0561752319336,9.67741870880127,9.67741870880127,33.333335876464844,13.333333969116211,6.45161247253418,9.67741870880127,6.45161247253418,3.22580623626709,22.145105361938477,17179869184,21474836480,5561892864,20369506304
