Delta,Time,CPU_FREQUENCY_0,CPU_FREQUENCY_1,CPU_FREQUENCY_2,CPU_FREQUENCY_3,CPU_FREQUENCY_4,CPU_FREQUENCY_5,CPU_FREQUENCY_6,CPU_FREQUENCY_7,CPU_TEMP_0,CPU_TEMP_1,CPU_TEMP_2,CPU_TEMP_3,CPU_TEMP_4,CPU_TEMP_5,CPU_TEMP_6,CPU_TEMP_7,CPU_TEMP_8,CPU_TEMP_9,CPU_USAGE_0,CPU_USAGE_1,CPU_USAGE_2,CPU_USAGE_3,CPU_USAGE_4,CPU_USAGE_5,CPU_USAGE_6,CPU_USAGE_7,SYSTEM_POWER (Watts),TOTAL_MEMORY,TOTAL_SWAP,USED_MEMORY,USED_SWAP
0,1729591826315,3228,3228,3228,3228,3228,3228,3228,3228,73.9120864868164,71.35169982910156,79.27758026123047,82.2502212524414,77.64788818359375,71.48804473876953,79.31044006347656,81.21343994140625,75.16016387939453,72.29133605957031,0,NaN,100,100,50,100,NaN,100,14.59867000579834,17179869184,22548578304,5143314432,21060845568
309,1729591826316,3228,3228,3228,3228,3228,3228,3228,3228,73.9120864868164,71.35169982910156,79.27758026123047,82.2502212524414,77.64788818359375,71.48804473876953,79.31044006347656,81.21343994140625,75.16016387939453,72.29133605957031,100,50,NaN,0,NaN,NaN,100,100,14.59867000579834,17179869184,22548578304,5146066944,21060845568
9,1729591826625,3228,3228,3228,3228,3228,3228,3228,3228,73.9120864868164,71.35169982910156,79.27758026123047,82.2502212524414,77.64788818359375,71.48804473876953,79.31044006347656,81.21343994140625,75.16016387939453,72.29133605957031,23.33333396911621,23.33333396911621,67.74193572998047,71.875,58.06451416015625,46.875,35.48387145996094,30.000001907348633,14.59867000579834,17179869184,22548578304,5207834624,21060845568
