Delta,Time,CPU_FREQUENCY_0,CPU_FREQUENCY_1,CPU_FREQUENCY_2,CPU_FREQUENCY_3,CPU_FREQUENCY_4,CPU_FREQUENCY_5,CPU_FREQUENCY_6,CPU_FREQUENCY_7,CPU_TEMP_0,CPU_TEMP_1,CPU_TEMP_2,CPU_TEMP_3,CPU_TEMP_4,CPU_TEMP_5,CPU_TEMP_6,CPU_TEMP_7,CPU_TEMP_8,CPU_TEMP_9,CPU_USAGE_0,CPU_USAGE_1,CPU_USAGE_2,CPU_USAGE_3,CPU_USAGE_4,CPU_USAGE_5,CPU_USAGE_6,CPU_USAGE_7,SYSTEM_POWER (Watts),TOTAL_MEMORY,TOTAL_SWAP,USED_MEMORY,USED_SWAP
0,1729588706977,3228,3228,3228,3228,3228,3228,3228,3228,67.67657470703125,65.17132568359375,69.21089935302734,69.92720031738281,68.09819793701172,65.99949645996094,67.21527862548828,67.16313934326172,67.317138671875,66.6772689819336,0,100,50,0,0,0,0,0,15.82132339477539,17179869184,22548578304,5027168256,21077622784
304,1729588706977,3228,3228,3228,3228,3228,3228,3228,3228,67.67657470703125,65.17132568359375,69.21089935302734,69.92720031738281,68.09819793701172,65.99949645996094,67.21527862548828,67.16313934326172,67.317138671875,66.6772689819336,100,0,0,100,NaN,0,0,0,15.82132339477539,17179869184,22548578304,5027168256,21077622784
9,1729588707282,3228,3228,3228,3228,3228,3228,3228,3228,65.72936248779297,63.638694763183594,65.68955993652344,66.7771987915039,65.7907943725586,64.4684066772461,64.26425170898438,64.83717346191406,65.7088394165039,65.32640075683594,26.666667938232422,30.000001907348633,53.333335876464844,33.333335876464844,35.48387145996094,25,9.67741870880127,3.3333334922790527,15.82132339477539,17179869184,22548578304,5027168256,21077622784
