Delta,Time,CPU_FREQUENCY_0,CPU_FREQUENCY_1,CPU_FREQUENCY_2,CPU_FREQUENCY_3,CPU_FREQUENCY_4,CPU_FREQUENCY_5,CPU_FREQUENCY_6,CPU_FREQUENCY_7,CPU_TEMP_0,CPU_TEMP_1,CPU_TEMP_2,CPU_TEMP_3,CPU_TEMP_4,CPU_TEMP_5,CPU_TEMP_6,CPU_TEMP_7,CPU_TEMP_8,CPU_TEMP_9,CPU_USAGE_0,CPU_USAGE_1,CPU_USAGE_2,CPU_USAGE_3,CPU_USAGE_4,CPU_USAGE_5,CPU_USAGE_6,CPU_USAGE_7,SYSTEM_POWER (Watts),TOTAL_MEMORY,TOTAL_SWAP,USED_MEMORY,USED_SWAP
0,1729577752241,3228,3228,3228,3228,3228,3228,3228,3228,61.407142639160156,58.848392486572266,60.36729431152344,62.01589584350586,61.634803771972656,60.179542541503906,59.810054779052734,60.75071334838867,62.27225112915039,61.661842346191406,0,50,0,0,0,0,0,0,10.797394752502441,17179869184,22548578304,6341246976,21248278528
309,1729577752241,3228,3228,3228,3228,3228,3228,3228,3228,61.407142639160156,58.848392486572266,60.36729431152344,62.01589584350586,61.634803771972656,60.179542541503906,59.810054779052734,60.75071334838867,62.27225112915039,61.661842346191406,50,0,0,100,0,0,0,0,10.797394752502441,17179869184,22548578304,6343114752,21248278528
9,1729577752551,3228,3228,3228,3228,3228,3228,3228,3228,61.407142639160156,58.848392486572266,60.36729431152344,62.01589584350586,61.634803771972656,60.179542541503906,59.810054779052734,60.75071334838867,62.27225112915039,61.661842346191406,16.129032135009766,16.129032135009766,43.33333206176758,25,12.5,19.35483741760254,0,0,5.106066703796387,17179869184,22548578304,6360580096,21248278528
