Delta,Time,CPU_FREQUENCY_0,CPU_FREQUENCY_1,CPU_FREQUENCY_2,CPU_FREQUENCY_3,CPU_FREQUENCY_4,CPU_FREQUENCY_5,CPU_FREQUENCY_6,CPU_FREQUENCY_7,CPU_TEMP_0,CPU_TEMP_1,CPU_TEMP_2,CPU_TEMP_3,CPU_TEMP_4,CPU_TEMP_5,CPU_TEMP_6,CPU_TEMP_7,CPU_TEMP_8,CPU_TEMP_9,CPU_USAGE_0,CPU_USAGE_1,CPU_USAGE_2,CPU_USAGE_3,CPU_USAGE_4,CPU_USAGE_5,CPU_USAGE_6,CPU_USAGE_7,SYSTEM_POWER (Watts),TOTAL_MEMORY,TOTAL_SWAP,USED_MEMORY,USED_SWAP
0,1729594886954,3228,3228,3228,3228,3228,3228,3228,3228,69.28376007080078,64.7307357788086,74.41835021972656,76.2527084350586,73.00688934326172,67.03030395507813,70.75713348388672,71.23822021484375,67.7647933959961,66.54270935058594,50,0,100,50,0,50,0,0,20.96596336364746,17179869184,22548578304,6101336064,20968570880
309,1729594886954,3228,3228,3228,3228,3228,3228,3228,3228,69.28376007080078,64.7307357788086,74.41835021972656,76.2527084350586,73.00688934326172,67.03030395507813,70.75713348388672,71.23822021484375,67.7647933959961,66.54270935058594,100,NaN,100,50,100,0,0,100,20.96596336364746,17179869184,22548578304,6106038272,20968570880
309,1729594887263,3228,3228,3228,3228,3228,3228,3228,3228,69.28376007080078,64.7307357788086,74.41835021972656,76.2527084350586,73.00688934326172,67.03030395507813,70.75713348388672,71.23822021484375,67.7647933959961,66.54270935058594,74.19355010986328,76.66666412353516,96.66666412353516,93.54838562011719,87.09677124023438,80.6451644897461,75,74.19355010986328,20.96596336364746,17179869184,22548578304,6106038272,20968570880
10,1729594887573,3228,3228,3228,3228,3228,3228,3228,3228,68.12875366210938,64.0979232788086,72.05748748779297,72.54054260253906,70.10203552246094,65.58415985107422,67.21456909179688,68.10575866699219,67.737548828125,65.90351104736328,19.35483741760254,18.75,54.83871078491211,43.33333206176758,26.666667938232422,12.90322494506836,10,3.22580623626709,20.96596336364746,17179869184,22548578304,6121734144,20968570880
