Delta,Time,CPU_FREQUENCY_0,CPU_FREQUENCY_1,CPU_FREQUENCY_2,CPU_FREQUENCY_3,CPU_FREQUENCY_4,CPU_FREQUENCY_5,CPU_FREQUENCY_6,CPU_FREQUENCY_7,CPU_TEMP_0,CPU_TEMP_1,CPU_TEMP_2,CPU_TEMP_3,CPU_TEMP_4,CPU_TEMP_5,CPU_TEMP_6,CPU_TEMP_7,CPU_TEMP_8,CPU_TEMP_9,CPU_USAGE_0,CPU_USAGE_1,CPU_USAGE_2,CPU_USAGE_3,CPU_USAGE_4,CPU_USAGE_5,CPU_USAGE_6,CPU_USAGE_7,SYSTEM_POWER (Watts),TOTAL_MEMORY,TOTAL_SWAP,USED_MEMORY,USED_SWAP
0,1729563182140,3228,3228,3228,3228,3228,3228,3228,3228,63.989959716796875,61.38066864013672,62.164093017578125,63.63350296020508,63.977638244628906,62.23814010620117,62.27021789550781,62.37590408325195,64.90493774414063,63.582763671875,50,0,50,0,0,0,0,0,4.819143772125244,17179869184,22548578304,5284921344,21256667136
308,1729563182140,3228,3228,3228,3228,3228,3228,3228,3228,63.989959716796875,61.38066864013672,62.164093017578125,63.63350296020508,63.977638244628906,62.23814010620117,62.27021789550781,62.37590408325195,64.90493774414063,63.582763671875,0,0,0,NaN,50,0,0,0,4.819143772125244,17179869184,22548578304,5288083456,21256667136
309,1729563182449,3228,3228,3228,3228,3228,3228,3228,3228,63.989959716796875,61.38066864013672,62.164093017578125,63.63350296020508,63.977638244628906,62.23814010620117,62.27021789550781,62.37590408325195,64.90493774414063,63.582763671875,90.32257843017578,90.32257843017578,96.66666412353516,100,93.54838562011719,93.54838562011719,93.54838562011719,93.54838562011719,4.819143772125244,17179869184,22548578304,5325111296,21256667136
308,1729563182758,3228,3228,3228,3228,3228,3228,3228,3228,66.46886444091797,64.19895935058594,67.17057037353516,69.29385375976563,67.88701629638672,64.64315795898438,66.9029541015625,67.23393249511719,68.38810729980469,65.68795013427734,30.000001907348633,19.35483741760254,93.75,84.8484878540039,83.87096405029297,67.74193572998047,54.83871078491211,43.75,4.819143772125244,17179869184,22548578304,5327847424,21256667136
8,1729563183067,3228,3228,3228,3228,3228,3228,3228,3228,66.46886444091797,64.19895935058594,67.17057037353516,69.29385375976563,67.88701629638672,64.64315795898438,66.9029541015625,67.23393249511719,68.38810729980469,65.68795013427734,22.580644607543945,29.032257080078125,83.33332824707031,86.20689392089844,83.87096405029297,56.66666793823242,40,13.333333969116211,6.035221576690674,17179869184,22548578304,5286559744,21256667136
