Delta,Time,CPU_FREQUENCY_0,CPU_FREQUENCY_1,CPU_FREQUENCY_2,CPU_FREQUENCY_3,CPU_FREQUENCY_4,CPU_FREQUENCY_5,CPU_FREQUENCY_6,CPU_FREQUENCY_7,CPU_TEMP_0,CPU_TEMP_1,CPU_TEMP_2,CPU_TEMP_3,CPU_TEMP_4,CPU_TEMP_5,CPU_TEMP_6,CPU_TEMP_7,CPU_TEMP_8,CPU_TEMP_9,CPU_USAGE_0,CPU_USAGE_1,CPU_USAGE_2,CPU_USAGE_3,CPU_USAGE_4,CPU_USAGE_5,CPU_USAGE_6,CPU_USAGE_7,SYSTEM_POWER (Watts),TOTAL_MEMORY,TOTAL_SWAP,USED_MEMORY,USED_SWAP
0,1729589052548,3228,3228,3228,3228,3228,3228,3228,3228,67.41571807861328,63.053279876708984,71.10086822509766,72.82388305664063,69.93421936035156,65.65234375,67.9627456665039,66.322998046875,64.0594482421875,64.09678649902344,100,50,100,100,100,100,0,0,23.934324264526367,17179869184,22548578304,6325796864,21069234176
309,1729589052548,3228,3228,3228,3228,3228,3228,3228,3228,67.41571807861328,63.053279876708984,71.10086822509766,72.82388305664063,69.93421936035156,65.65234375,67.9627456665039,66.322998046875,64.0594482421875,64.09678649902344,0,0,100,100,NaN,0,NaN,66.66667175292969,23.934324264526367,17179869184,22548578304,6329057280,21069234176
301,1729589052858,3228,3228,3228,3228,3228,3228,3228,3228,67.41571807861328,63.053279876708984,71.10086822509766,72.82388305664063,69.93421936035156,65.65234375,67.9627456665039,66.322998046875,64.0594482421875,64.09678649902344,96.66666412353516,96.7741928100586,96.875,100,100,100,96.875,100,19.69017219543457,17179869184,22548578304,6378045440,21069234176
5,1729589053159,3228,3228,3228,3228,3228,3228,3228,3228,68.96449279785156,66.16997528076172,73.09840393066406,75.32803344726563,72.24569702148438,67.47953796386719,71.82237243652344,71.44100952148438,68.75301361083984,67.14501190185547,19.35483741760254,13.793103218078613,89.6551742553711,86.66666412353516,80,83.33332824707031,63.33333206176758,61.29032516479492,19.69017219543457,17179869184,22548578304,6376177664,21069234176
