Delta,Time,CPU_FREQUENCY_0,CPU_FREQUENCY_1,CPU_FREQUENCY_2,CPU_FREQUENCY_3,CPU_FREQUENCY_4,CPU_FREQUENCY_5,CPU_FREQUENCY_6,CPU_FREQUENCY_7,CPU_TEMP_0,CPU_TEMP_1,CPU_TEMP_2,CPU_TEMP_3,CPU_TEMP_4,CPU_TEMP_5,CPU_TEMP_6,CPU_TEMP_7,CPU_TEMP_8,CPU_TEMP_9,CPU_USAGE_0,CPU_USAGE_1,CPU_USAGE_2,CPU_USAGE_3,CPU_USAGE_4,CPU_USAGE_5,CPU_USAGE_6,CPU_USAGE_7,SYSTEM_POWER (Watts),TOTAL_MEMORY,TOTAL_SWAP,USED_MEMORY,USED_SWAP
0,1729571239910,3228,3228,3228,3228,3228,3228,3228,3228,68.9552001953125,65.15880584716797,73.31998443603516,73.62494659423828,71.26654052734375,67.16814422607422,69.49639892578125,68.30648040771484,66.61295318603516,66.40633392333984,0,0,100,100,100,NaN,50,50,19.25859832763672,17179869184,22548578304,5025628160,21248278528
309,1729571239910,3228,3228,3228,3228,3228,3228,3228,3228,68.9552001953125,65.15880584716797,73.31998443603516,73.62494659423828,71.26654052734375,67.16814422607422,69.49639892578125,68.30648040771484,66.61295318603516,66.40633392333984,0,0,0,NaN,0,100,100,0,19.25859832763672,17179869184,22548578304,5027627008,21248278528
8,1729571240220,3228,3228,3228,3228,3228,3228,3228,3228,68.9552001953125,65.15880584716797,73.31998443603516,73.62494659423828,71.26654052734375,67.16814422607422,69.49639892578125,68.30648040771484,66.61295318603516,66.40633392333984,20,21.875,50,51.61289978027344,45.16128921508789,43.33333206176758,40,32.25806427001953,15.898990631103516,17179869184,22548578304,5065916416,21248278528
