Delta,Time,CPU_FREQUENCY_0,CPU_FREQUENCY_1,CPU_FREQUENCY_2,CPU_FREQUENCY_3,CPU_FREQUENCY_4,CPU_FREQUENCY_5,CPU_FREQUENCY_6,CPU_FREQUENCY_7,CPU_TEMP_0,CPU_TEMP_1,CPU_TEMP_2,CPU_TEMP_3,CPU_TEMP_4,CPU_TEMP_5,CPU_TEMP_6,CPU_TEMP_7,CPU_TEMP_8,CPU_TEMP_9,CPU_USAGE_0,CPU_USAGE_1,CPU_USAGE_2,CPU_USAGE_3,CPU_USAGE_4,CPU_USAGE_5,CPU_USAGE_6,CPU_USAGE_7,SYSTEM_POWER (Watts),TOTAL_MEMORY,TOTAL_SWAP,USED_MEMORY,USED_SWAP
0,1729592739849,3228,3228,3228,3228,3228,3228,3228,3228,63.34746551513672,60.51384353637695,62.25403594970703,63.23801803588867,63.370140075683594,61.38639450073242,61.145774841308594,62.572811126708984,63.79664611816406,63.30553436279297,33.333335876464844,0,50,66.66667175292969,100,NaN,0,0,4.695377349853516,17179869184,22548578304,4061200384,21060845568
309,1729592739849,3228,3228,3228,3228,3228,3228,3228,3228,63.34746551513672,60.51384353637695,62.25403594970703,63.23801803588867,63.370140075683594,61.38639450073242,61.145774841308594,62.572811126708984,63.79664611816406,63.30553436279297,NaN,NaN,NaN,NaN,NaN,100,0,0,4.695377349853516,17179869184,22548578304,4064526336,21060845568
307,1729592740159,3228,3228,3228,3228,3228,3228,3228,3228,63.34746551513672,60.51384353637695,62.25403594970703,63.23801803588867,63.370140075683594,61.38639450073242,61.145774841308594,62.572811126708984,63.79664611816406,63.30553436279297,93.54838562011719,93.33333587646484,96.96969604492188,100,100,96.96969604492188,100,96.875,4.695377349853516,17179869184,22548578304,4109467648,21060845568
308,1729592740467,3228,3228,3228,3228,3228,3228,3228,3228,67.34871673583984,64.30420684814453,70.36964416503906,71.30545043945313,69.22651672363281,65.15625762939453,68.52993774414063,69.65765380859375,68.28367614746094,66.35111236572266,41.935482025146484,35.48387145996094,96.66666412353516,93.54838562011719,93.75,100,96.7741928100586,96.55171966552734,4.695377349853516,17179869184,22548578304,4121264128,21060845568
11,1729592740775,3228,3228,3228,3228,3228,3228,3228,3228,67.34871673583984,64.30420684814453,70.36964416503906,71.30545043945313,69.22651672363281,65.15625762939453,68.52993774414063,69.65765380859375,68.28367614746094,66.35111236572266,19.35483741760254,19.35483741760254,93.33333587646484,86.66666412353516,80.6451644897461,74.19355010986328,64.51612854003906,58.06451416015625,6.526690483093262,17179869184,22548578304,4054138880,21060845568
