Delta,Time,CPU_FREQUENCY_0,CPU_FREQUENCY_1,CPU_FREQUENCY_2,CPU_FREQUENCY_3,CPU_FREQUENCY_4,CPU_FREQUENCY_5,CPU_FREQUENCY_6,CPU_FREQUENCY_7,CPU_TEMP_0,CPU_TEMP_1,CPU_TEMP_2,CPU_TEMP_3,CPU_TEMP_4,CPU_TEMP_5,CPU_TEMP_6,CPU_TEMP_7,CPU_TEMP_8,CPU_TEMP_9,CPU_USAGE_0,CPU_USAGE_1,CPU_USAGE_2,CPU_USAGE_3,CPU_USAGE_4,CPU_USAGE_5,CPU_USAGE_6,CPU_USAGE_7,SYSTEM_POWER (Watts),TOTAL_MEMORY,TOTAL_SWAP,USED_MEMORY,USED_SWAP
0,1729596565591,3228,3228,3228,3228,3228,3228,3228,3228,60.94302749633789,57.62445068359375,60.668724060058594,61.57879638671875,61.1746826171875,58.715553283691406,59.26451873779297,59.59962844848633,60.34893035888672,59.14239501953125,50,0,0,0,0,0,0,0,23.565479278564453,17179869184,22548578304,5907234816,20968570880
308,1729596565591,3228,3228,3228,3228,3228,3228,3228,3228,60.94302749633789,57.62445068359375,60.668724060058594,61.57879638671875,61.1746826171875,58.715553283691406,59.26451873779297,59.59962844848633,60.34893035888672,59.14239501953125,0,0,100,0,0,100,0,0,23.565479278564453,17179869184,22548578304,5907234816,20968570880
7,1729596565899,3228,3228,3228,3228,3228,3228,3228,3228,60.94302749633789,57.62445068359375,60.668724060058594,61.57879638671875,61.1746826171875,58.715553283691406,59.26451873779297,59.59962844848633,60.34893035888672,59.14239501953125,13.333333969116211,13.333333969116211,34.375,38.70967483520508,19.35483741760254,13.333333969116211,6.45161247253418,3.3333334922790527,13.984444618225098,17179869184,22548578304,5907234816,20968570880
