Delta,Time,CPU_FREQUENCY_0,CPU_FREQUENCY_1,CPU_FREQUENCY_2,CPU_FREQUENCY_3,CPU_FREQUENCY_4,CPU_FREQUENCY_5,CPU_FREQUENCY_6,CPU_FREQUENCY_7,CPU_TEMP_0,CPU_TEMP_1,CPU_TEMP_2,CPU_TEMP_3,CPU_TEMP_4,CPU_TEMP_5,CPU_TEMP_6,CPU_TEMP_7,CPU_TEMP_8,CPU_TEMP_9,CPU_USAGE_0,CPU_USAGE_1,CPU_USAGE_2,CPU_USAGE_3,CPU_USAGE_4,CPU_USAGE_5,CPU_USAGE_6,CPU_USAGE_7,SYSTEM_POWER (Watts),TOTAL_MEMORY,TOTAL_SWAP,USED_MEMORY,USED_SWAP
0,1729537307692,3228,3228,3228,3228,3228,3228,3228,3228,60.83464813232422,57.706295013427734,59.399513244628906,60.15696334838867,60.97693634033203,59.24480056762695,59.47996520996094,59.15224075317383,60.887210845947266,61.01246643066406,50,0,33.333335876464844,0,0,0,0,0,4.912089824676514,17179869184,20401094656,5863374848,19915210752
308,1729537307692,3228,3228,3228,3228,3228,3228,3228,3228,60.83464813232422,57.706295013427734,59.399513244628906,60.15696334838867,60.97693634033203,59.24480056762695,59.47996520996094,59.15224075317383,60.887210845947266,61.01246643066406,0,0,100,0,0,0,0,0,4.912089824676514,17179869184,20401094656,5863374848,19915210752
11,1729537308001,3228,3228,3228,3228,3228,3228,3228,3228,60.95060348510742,57.899288177490234,60.269187927246094,61.05600357055664,61.22937774658203,59.376468658447266,59.68031311035156,59.60856246948242,61.08826446533203,60.70518493652344,3.3333334922790527,9.375,20,22.580644607543945,3.22580623626709,6.45161247253418,0,0,4.912089824676514,17179869184,20401094656,5863374848,19915210752
