Delta,Time,CPU_FREQUENCY_0,CPU_FREQUENCY_1,CPU_FREQUENCY_2,CPU_FREQUENCY_3,CPU_FREQUENCY_4,CPU_FREQUENCY_5,CPU_FREQUENCY_6,CPU_FREQUENCY_7,CPU_TEMP_0,CPU_TEMP_1,CPU_TEMP_2,CPU_TEMP_3,CPU_TEMP_4,CPU_TEMP_5,CPU_TEMP_6,CPU_TEMP_7,CPU_TEMP_8,CPU_TEMP_9,CPU_USAGE_0,CPU_USAGE_1,CPU_USAGE_2,CPU_USAGE_3,CPU_USAGE_4,CPU_USAGE_5,CPU_USAGE_6,CPU_USAGE_7,SYSTEM_POWER (Watts),TOTAL_MEMORY,TOTAL_SWAP,USED_MEMORY,USED_SWAP
0,1729594742194,3228,3228,3228,3228,3228,3228,3228,3228,60.43049240112305,58.56425857543945,58.97621154785156,60.300899505615234,61.16509246826172,58.48943328857422,58.51988983154297,60.19240951538086,61.23496627807617,60.98475646972656,0,NaN,100,100,0,NaN,NaN,50,4.673856258392334,17179869184,22548578304,4916477952,20976959488
307,1729594742195,3228,3228,3228,3228,3228,3228,3228,3228,60.43049240112305,58.56425857543945,58.97621154785156,60.300899505615234,61.16509246826172,58.48943328857422,58.51988983154297,60.19240951538086,61.23496627807617,60.98475646972656,50,0,100,NaN,100,100,100,NaN,4.673856258392334,17179869184,22548578304,4919705600,20976959488
8,1729594742503,3228,3228,3228,3228,3228,3228,3228,3228,61.72293472290039,59.02345275878906,61.99175262451172,63.42241668701172,62.96314239501953,59.575096130371094,60.065155029296875,61.58218765258789,61.89393615722656,61.31035614013672,40,40,96.66666412353516,93.54838562011719,96.66666412353516,90.625,90,90.32257843017578,4.673856258392334,17179869184,22548578304,4919705600,20976959488
