Delta,Time,CPU_FREQUENCY_0,CPU_FREQUENCY_1,CPU_FREQUENCY_2,CPU_FREQUENCY_3,CPU_FREQUENCY_4,CPU_FREQUENCY_5,CPU_FREQUENCY_6,CPU_FREQUENCY_7,CPU_TEMP_0,CPU_TEMP_1,CPU_TEMP_2,CPU_TEMP_3,CPU_TEMP_4,CPU_TEMP_5,CPU_TEMP_6,CPU_TEMP_7,CPU_TEMP_8,CPU_TEMP_9,CPU_USAGE_0,CPU_USAGE_1,CPU_USAGE_2,CPU_USAGE_3,CPU_USAGE_4,CPU_USAGE_5,CPU_USAGE_6,CPU_USAGE_7,SYSTEM_POWER (Watts),TOTAL_MEMORY,TOTAL_SWAP,USED_MEMORY,USED_SWAP
0,1729601619824,3228,3228,3228,3228,3228,3228,3228,3228,65.09986877441406,62.775062561035156,66.88976287841797,68.6178970336914,67.13289642333984,63.51785659790039,65.17141723632813,65.64335632324219,64.7294692993164,64.25038146972656,NaN,0,NaN,100,NaN,100,0,0,20.34623146057129,17179869184,22548578304,5703450624,20918173696
309,1729601619824,3228,3228,3228,3228,3228,3228,3228,3228,65.09986877441406,62.775062561035156,66.88976287841797,68.6178970336914,67.13289642333984,63.51785659790039,65.17141723632813,65.64335632324219,64.7294692993164,64.25038146972656,0,0,100,0,100,NaN,0,100,20.34623146057129,17179869184,22548578304,5706350592,20918173696
308,1729601620134,3228,3228,3228,3228,3228,3228,3228,3228,65.09986877441406,62.775062561035156,66.88976287841797,68.6178970336914,67.13289642333984,63.51785659790039,65.17141723632813,65.64335632324219,64.7294692993164,64.25038146972656,93.75,96.66666412353516,100,100,100,100,100,96.7741928100586,10.490357398986816,17179869184,22548578304,5754945536,20918173696
308,1729601620443,3228,3228,3228,3228,3228,3228,3228,3228,69.74197387695313,67.21247863769531,74.68894958496094,77.14580535888672,73.57870483398438,68.03662109375,73.27346801757813,74.27044677734375,70.457275390625,68.37286376953125,23.33333396911621,18.75,93.75,96.55171966552734,93.54838562011719,93.54838562011719,86.20689392089844,46.66666793823242,10.490357398986816,17179869184,22548578304,5768871936,20918173696
12,1729601620751,3228,3228,3228,3228,3228,3228,3228,3228,69.74197387695313,67.21247863769531,74.68894958496094,77.14580535888672,73.57870483398438,68.03662109375,73.27346801757813,74.27044677734375,70.457275390625,68.37286376953125,19.35483741760254,20,80,77.41934967041016,58.06451416015625,58.06451416015625,31.25,12.90322494506836,10.490357398986816,17179869184,22548578304,5721997312,20918173696
