Delta,Time,CPU_FREQUENCY_0,CPU_FREQUENCY_1,CPU_FREQUENCY_2,CPU_FREQUENCY_3,CPU_FREQUENCY_4,CPU_FREQUENCY_5,CPU_FREQUENCY_6,CPU_FREQUENCY_7,CPU_TEMP_0,CPU_TEMP_1,CPU_TEMP_2,CPU_TEMP_3,CPU_TEMP_4,CPU_TEMP_5,CPU_TEMP_6,CPU_TEMP_7,CPU_TEMP_8,CPU_TEMP_9,CPU_USAGE_0,CPU_USAGE_1,CPU_USAGE_2,CPU_USAGE_3,CPU_USAGE_4,CPU_USAGE_5,CPU_USAGE_6,CPU_USAGE_7,SYSTEM_POWER (Watts),TOTAL_MEMORY,TOTAL_SWAP,USED_MEMORY,USED_SWAP
0,1729598722221,3228,3228,3228,3228,3228,3228,3228,3228,57.16670227050781,54.89086151123047,56.70500946044922,57.359500885009766,57.92564392089844,55.84648513793945,55.47174835205078,57.154666900634766,58.1463737487793,58.065673828125,0,0,0,0,0,NaN,0,0,4.7640156745910645,17179869184,22548578304,5287772160,20968570880
305,1729598722221,3228,3228,3228,3228,3228,3228,3228,3228,57.16670227050781,54.89086151123047,56.70500946044922,57.359500885009766,57.92564392089844,55.84648513793945,55.47174835205078,57.154666900634766,58.1463737487793,58.065673828125,NaN,50,100,100,0,100,100,100,4.7640156745910645,17179869184,22548578304,5287772160,20968570880
7,1729598722527,3228,3228,3228,3228,3228,3228,3228,3228,57.482418060302734,55.20209503173828,58.344085693359375,58.98833084106445,58.608055114746094,56.076351165771484,56.57837677001953,58.02765655517578,58.646480560302734,58.2799072265625,21.875,17.241378784179688,83.33332824707031,70.96774291992188,70,70.96774291992188,46.66666793823242,40.625,4.7640156745910645,17179869184,22548578304,5287772160,20968570880
