Delta,Time,CPU_FREQUENCY_0,CPU_FREQUENCY_1,CPU_FREQUENCY_2,CPU_FREQUENCY_3,CPU_FREQUENCY_4,CPU_FREQUENCY_5,CPU_FREQUENCY_6,CPU_FREQUENCY_7,CPU_TEMP_0,CPU_TEMP_1,CPU_TEMP_2,CPU_TEMP_3,CPU_TEMP_4,CPU_TEMP_5,CPU_TEMP_6,CPU_TEMP_7,CPU_TEMP_8,CPU_TEMP_9,CPU_USAGE_0,CPU_USAGE_1,CPU_USAGE_2,CPU_USAGE_3,CPU_USAGE_4,CPU_USAGE_5,CPU_USAGE_6,CPU_USAGE_7,SYSTEM_POWER (Watts),TOTAL_MEMORY,TOTAL_SWAP,USED_MEMORY,USED_SWAP
0,1729595573379,3228,3228,3228,3228,3228,3228,3228,3228,69.9725112915039,64.82611083984375,72.2844467163086,72.8310775756836,71.8792953491211,67.88365173339844,67.65083312988281,68.88491821289063,68.14704895019531,67.31317138671875,0,0,0,0,0,0,0,0,15.727710723876953,17179869184,22548578304,4687708160,20968570880
309,1729595573380,3228,3228,3228,3228,3228,3228,3228,3228,69.9725112915039,64.82611083984375,72.2844467163086,72.8310775756836,71.8792953491211,67.88365173339844,67.65083312988281,68.88491821289063,68.14704895019531,67.31317138671875,50,0,50,100,0,0,0,0,15.727710723876953,17179869184,22548578304,4687708160,20968570880
9,1729595573690,3228,3228,3228,3228,3228,3228,3228,3228,69.9725112915039,64.82611083984375,72.2844467163086,72.8310775756836,71.8792953491211,67.88365173339844,67.65083312988281,68.88491821289063,68.14704895019531,67.31317138671875,23.33333396911621,22.580644607543945,40,48.3870964050293,25.80644989013672,12.90322494506836,12.90322494506836,6.45161247253418,15.727710723876953,17179869184,22548578304,4687708160,20968570880
