Delta,Time,CPU_FREQUENCY_0,CPU_FREQUENCY_1,CPU_FREQUENCY_2,CPU_FREQUENCY_3,CPU_FREQUENCY_4,CPU_FREQUENCY_5,CPU_FREQUENCY_6,CPU_FREQUENCY_7,CPU_TEMP_0,CPU_TEMP_1,CPU_TEMP_2,CPU_TEMP_3,CPU_TEMP_4,CPU_TEMP_5,CPU_TEMP_6,CPU_TEMP_7,CPU_TEMP_8,CPU_TEMP_9,CPU_USAGE_0,CPU_USAGE_1,CPU_USAGE_2,CPU_USAGE_3,CPU_USAGE_4,CPU_USAGE_5,CPU_USAGE_6,CPU_USAGE_7,SYSTEM_POWER (Watts),TOTAL_MEMORY,TOTAL_SWAP,USED_MEMORY,USED_SWAP
0,1729570565894,3228,3228,3228,3228,3228,3228,3228,3228,64.11677551269531,60.857696533203125,69.08494567871094,69.94361114501953,66.8299789428711,61.720115661621094,67.552978515625,67.187255859375,62.829734802246094,62.22523498535156,0,50,50,100,0,0,0,0,4.793799877166748,17179869184,22548578304,4034150400,21248278528
306,1729570565894,3228,3228,3228,3228,3228,3228,3228,3228,64.11677551269531,60.857696533203125,69.08494567871094,69.94361114501953,66.8299789428711,61.720115661621094,67.552978515625,67.187255859375,62.829734802246094,62.22523498535156,50,0,NaN,0,NaN,50,0,0,4.793799877166748,17179869184,22548578304,4038230016,21248278528
309,1729570566201,3228,3228,3228,3228,3228,3228,3228,3228,64.11677551269531,60.857696533203125,69.08494567871094,69.94361114501953,66.8299789428711,61.720115661621094,67.552978515625,67.187255859375,62.829734802246094,62.22523498535156,96.66666412353516,96.7741928100586,96.7741928100586,100,96.875,100,96.7741928100586,96.7741928100586,21.99688720703125,17179869184,22548578304,4105240576,21248278528
10,1729570566511,3228,3228,3228,3228,3228,3228,3228,3228,64.11677551269531,60.857696533203125,69.08494567871094,69.94361114501953,66.8299789428711,61.720115661621094,67.552978515625,67.187255859375,62.829734802246094,62.22523498535156,16.666667938232422,16.129032135009766,93.33333587646484,87.09677124023438,83.87096405029297,93.54838562011719,63.33333206176758,64.51612854003906,21.99688720703125,17179869184,22548578304,4054614016,21248278528
