Delta,Time,CPU_FREQUENCY_0,CPU_FREQUENCY_1,CPU_FREQUENCY_2,CPU_FREQUENCY_3,CPU_FREQUENCY_4,CPU_FREQUENCY_5,CPU_FREQUENCY_6,CPU_FREQUENCY_7,CPU_TEMP_0,CPU_TEMP_1,CPU_TEMP_2,CPU_TEMP_3,CPU_TEMP_4,CPU_TEMP_5,CPU_TEMP_6,CPU_TEMP_7,CPU_TEMP_8,CPU_TEMP_9,CPU_USAGE_0,CPU_USAGE_1,CPU_USAGE_2,CPU_USAGE_3,CPU_USAGE_4,CPU_USAGE_5,CPU_USAGE_6,CPU_USAGE_7,SYSTEM_POWER (Watts),TOTAL_MEMORY,TOTAL_SWAP,USED_MEMORY,USED_SWAP
0,1729549989070,3228,3228,3228,3228,3228,3228,3228,3228,60.73516082763672,58.143714904785156,59.10350036621094,60.34929656982422,60.62605285644531,58.68404769897461,58.73947525024414,59.22825622558594,61.09918212890625,60.91230010986328,0,0,0,0,0,0,0,0,4.9159393310546875,17179869184,21474836480,6363267072,20766916608
308,1729549989070,3228,3228,3228,3228,3228,3228,3228,3228,60.73516082763672,58.143714904785156,59.10350036621094,60.34929656982422,60.62605285644531,58.68404769897461,58.73947525024414,59.22825622558594,61.09918212890625,60.91230010986328,50,0,50,0,0,NaN,0,0,4.9159393310546875,17179869184,21474836480,6366396416,20766916608
307,1729549989378,3228,3228,3228,3228,3228,3228,3228,3228,61.39716720581055,58.517879486083984,60.88231658935547,61.723854064941406,61.551658630371094,59.24140548706055,59.950767517089844,60.01278305053711,61.592002868652344,60.826759338378906,90.32257843017578,90.32257843017578,96.66666412353516,93.54838562011719,93.54838562011719,90.32257843017578,90.625,87.5,4.9159393310546875,17179869184,21474836480,6427836416,20766916608
10,1729549989686,3228,3228,3228,3228,3228,3228,3228,3228,61.39716720581055,58.517879486083984,60.88231658935547,61.723854064941406,61.551658630371094,59.24140548706055,59.950767517089844,60.01278305053711,61.592002868652344,60.826759338378906,6.6666669845581055,16.129032135009766,54.83871078491211,28.125,25.80644989013672,19.35483741760254,0,3.3333334922790527,4.9159393310546875,17179869184,21474836480,6381797376,20766916608
