Delta,Time,CPU_FREQUENCY_0,CPU_FREQUENCY_1,CPU_FREQUENCY_2,CPU_FREQUENCY_3,CPU_FREQUENCY_4,CPU_FREQUENCY_5,CPU_FREQUENCY_6,CPU_FREQUENCY_7,CPU_TEMP_0,CPU_TEMP_1,CPU_TEMP_2,CPU_TEMP_3,CPU_TEMP_4,CPU_TEMP_5,CPU_TEMP_6,CPU_TEMP_7,CPU_TEMP_8,CPU_TEMP_9,CPU_USAGE_0,CPU_USAGE_1,CPU_USAGE_2,CPU_USAGE_3,CPU_USAGE_4,CPU_USAGE_5,CPU_USAGE_6,CPU_USAGE_7,SYSTEM_POWER (Watts),TOTAL_MEMORY,TOTAL_SWAP,USED_MEMORY,USED_SWAP
0,1729568466152,3228,3228,3228,3228,3228,3228,3228,3228,65.53661346435547,61.62388610839844,66.14140319824219,67.0836181640625,65.41454315185547,63.385284423828125,62.81444549560547,63.65377426147461,64.20805358886719,64.45709228515625,0,0,66.66667175292969,0,50,NaN,0,100,4.910099506378174,17179869184,22548578304,5766545408,21248278528
307,1729568466152,3228,3228,3228,3228,3228,3228,3228,3228,65.53661346435547,61.62388610839844,66.14140319824219,67.0836181640625,65.41454315185547,63.385284423828125,62.81444549560547,63.65377426147461,64.20805358886719,64.45709228515625,0,0,100,100,100,50,100,0,4.910099506378174,17179869184,22548578304,5766545408,21248278528
9,1729568466460,3228,3228,3228,3228,3228,3228,3228,3228,65.53661346435547,61.62388610839844,66.14140319824219,67.0836181640625,65.41454315185547,63.385284423828125,62.81444549560547,63.65377426147461,64.20805358886719,64.45709228515625,36.66666793823242,36.66666793823242,89.6551742553711,90,80,77.41934967041016,73.33333587646484,64.51612854003906,4.910099506378174,17179869184,22548578304,5766545408,21248278528
