Delta,Time,CPU_FREQUENCY_0,CPU_FREQUENCY_1,CPU_FREQUENCY_2,CPU_FREQUENCY_3,CPU_FREQUENCY_4,CPU_FREQUENCY_5,CPU_FREQUENCY_6,CPU_FREQUENCY_7,CPU_TEMP_0,CPU_TEMP_1,CPU_TEMP_2,CPU_TEMP_3,CPU_TEMP_4,CPU_TEMP_5,CPU_TEMP_6,CPU_TEMP_7,CPU_TEMP_8,CPU_TEMP_9,CPU_USAGE_0,CPU_USAGE_1,CPU_USAGE_2,CPU_USAGE_3,CPU_USAGE_4,CPU_USAGE_5,CPU_USAGE_6,CPU_USAGE_7,SYSTEM_POWER (Watts),TOTAL_MEMORY,TOTAL_SWAP,USED_MEMORY,USED_SWAP
0,1729588305187,3228,3228,3228,3228,3228,3228,3228,3228,61.36080551147461,57.763851165771484,63.393341064453125,64.53857421875,62.868408203125,59.950984954833984,60.13328552246094,60.7153434753418,59.451385498046875,59.556190490722656,NaN,0,100,0,0,0,0,0,16.316577911376953,17179869184,22548578304,4134600704,21086011392
304,1729588305188,3228,3228,3228,3228,3228,3228,3228,3228,61.36080551147461,57.763851165771484,63.393341064453125,64.53857421875,62.868408203125,59.950984954833984,60.13328552246094,60.7153434753418,59.451385498046875,59.556190490722656,50,100,0,66.66667175292969,NaN,NaN,0,0,16.316577911376953,17179869184,22548578304,4134600704,21086011392
309,1729588305492,3228,3228,3228,3228,3228,3228,3228,3228,61.36080551147461,57.763851165771484,63.393341064453125,64.53857421875,62.868408203125,59.950984954833984,60.13328552246094,60.7153434753418,59.451385498046875,59.556190490722656,90,90.32257843017578,100,93.10344696044922,93.33333587646484,90.625,93.33333587646484,90,16.316577911376953,17179869184,22548578304,4134600704,21086011392
9,1729588305802,3228,3228,3228,3228,3228,3228,3228,3228,61.36080551147461,57.763851165771484,63.393341064453125,64.53857421875,62.868408203125,59.950984954833984,60.13328552246094,60.7153434753418,59.451385498046875,59.556190490722656,25.80644989013672,19.35483741760254,70.96774291992188,19.35483741760254,12.90322494506836,6.6666669845581055,6.45161247253418,6.45161247253418,10.961346626281738,17179869184,22548578304,4152803328,21086011392
