Delta,Time,CPU_FREQUENCY_0,CPU_FREQUENCY_1,CPU_FREQUENCY_2,CPU_FREQUENCY_3,CPU_FREQUENCY_4,CPU_FREQUENCY_5,CPU_FREQUENCY_6,CPU_FREQUENCY_7,CPU_TEMP_0,CPU_TEMP_1,CPU_TEMP_2,CPU_TEMP_3,CPU_TEMP_4,CPU_TEMP_5,CPU_TEMP_6,CPU_TEMP_7,CPU_TEMP_8,CPU_TEMP_9,CPU_USAGE_0,CPU_USAGE_1,CPU_USAGE_2,CPU_USAGE_3,CPU_USAGE_4,CPU_USAGE_5,CPU_USAGE_6,CPU_USAGE_7,SYSTEM_POWER (Watts),TOTAL_MEMORY,TOTAL_SWAP,USED_MEMORY,USED_SWAP
0,1729585638443,3228,3228,3228,3228,3228,3228,3228,3228,63.974517822265625,61.632225036621094,63.032371520996094,64.3565673828125,63.959632873535156,62.41370391845703,61.439212799072266,62.65298843383789,63.928958892822266,62.563232421875,0,0,50,0,0,0,0,0,24.347753524780273,17179869184,22548578304,4833525760,21094400000
301,1729585638443,3228,3228,3228,3228,3228,3228,3228,3228,63.974517822265625,61.632225036621094,63.032371520996094,64.3565673828125,63.959632873535156,62.41370391845703,61.439212799072266,62.65298843383789,63.928958892822266,62.563232421875,0,0,0,100,0,0,0,0,24.347753524780273,17179869184,22548578304,4834115584,21094400000
9,1729585638744,3228,3228,3228,3228,3228,3228,3228,3228,63.974517822265625,61.632225036621094,63.032371520996094,64.3565673828125,63.959632873535156,62.41370391845703,61.439212799072266,62.65298843383789,63.928958892822266,62.563232421875,26.666667938232422,25.80644989013672,40,46.66666793823242,29.032257080078125,6.896551609039307,6.45161247253418,6.6666669845581055,13.139176368713379,17179869184,22548578304,4890918912,21094400000
