Delta,Time,CPU_FREQUENCY_0,CPU_FREQUENCY_1,CPU_FREQUENCY_2,CPU_FREQUENCY_3,CPU_FREQUENCY_4,CPU_FREQUENCY_5,CPU_FREQUENCY_6,CPU_FREQUENCY_7,CPU_TEMP_0,CPU_TEMP_1,CPU_TEMP_2,CPU_TEMP_3,CPU_TEMP_4,CPU_TEMP_5,CPU_TEMP_6,CPU_TEMP_7,CPU_TEMP_8,CPU_TEMP_9,CPU_USAGE_0,CPU_USAGE_1,CPU_USAGE_2,CPU_USAGE_3,CPU_USAGE_4,CPU_USAGE_5,CPU_USAGE_6,CPU_USAGE_7,SYSTEM_POWER (Watts),TOTAL_MEMORY,TOTAL_SWAP,USED_MEMORY,USED_SWAP
0,1729594617385,3228,3228,3228,3228,3228,3228,3228,3228,57.795074462890625,54.475833892822266,56.44859313964844,57.69501495361328,57.73078918457031,55.62964630126953,55.67509078979492,57.199851989746094,57.53749465942383,57.617210388183594,NaN,100,50,NaN,0,0,0,0,4.831063747406006,17179869184,22548578304,6696042496,20976959488
309,1729594617385,3228,3228,3228,3228,3228,3228,3228,3228,57.795074462890625,54.475833892822266,56.44859313964844,57.69501495361328,57.73078918457031,55.62964630126953,55.67509078979492,57.199851989746094,57.53749465942383,57.617210388183594,50,0,0,50,0,0,50,0,4.831063747406006,17179869184,22548578304,6699810816,20976959488
309,1729594617695,3228,3228,3228,3228,3228,3228,3228,3228,57.795074462890625,54.475833892822266,56.44859313964844,57.69501495361328,57.73078918457031,55.62964630126953,55.67509078979492,57.199851989746094,57.53749465942383,57.617210388183594,93.54838562011719,93.54838562011719,96.7741928100586,96.7741928100586,93.33333587646484,93.75,96.66666412353516,93.33333587646484,4.831063747406006,17179869184,22548578304,6764969984,20976959488
301,1729594618005,3228,3228,3228,3228,3228,3228,3228,3228,57.795074462890625,54.475833892822266,56.44859313964844,57.69501495361328,57.73078918457031,55.62964630126953,55.67509078979492,57.199851989746094,57.53749465942383,57.617210388183594,22.580644607543945,25.80644989013672,93.33333587646484,87.5,83.87096405029297,62.06896209716797,65.625,41.935482025146484,4.791187286376953,17179869184,22548578304,6772457472,20976959488
9,1729594618307,3228,3228,3228,3228,3228,3228,3228,3228,63.48051452636719,60.09394073486328,66.89043426513672,69.21271514892578,66.06367492675781,61.09287643432617,65.66315460205078,66.9232177734375,63.869544982910156,62.11387634277344,20,20.689655303955078,80.6451644897461,82.75862121582031,71.875,60.000003814697266,34.482757568359375,22.580644607543945,4.791187286376953,17179869184,22548578304,6707380224,20976959488
