Delta,Time,CPU_FREQUENCY_0,CPU_FREQUENCY_1,CPU_FREQUENCY_2,CPU_FREQUENCY_3,CPU_FREQUENCY_4,CPU_FREQUENCY_5,CPU_FREQUENCY_6,CPU_FREQUENCY_7,CPU_TEMP_0,CPU_TEMP_1,CPU_TEMP_2,CPU_TEMP_3,CPU_TEMP_4,CPU_TEMP_5,CPU_TEMP_6,CPU_TEMP_7,CPU_TEMP_8,CPU_TEMP_9,CPU_USAGE_0,CPU_USAGE_1,CPU_USAGE_2,CPU_USAGE_3,CPU_USAGE_4,CPU_USAGE_5,CPU_USAGE_6,CPU_USAGE_7,SYSTEM_POWER (Watts),TOTAL_MEMORY,TOTAL_SWAP,USED_MEMORY,USED_SWAP
0,1729544974263,3228,3228,3228,3228,3228,3228,3228,3228,59.12868118286133,56.619144439697266,57.704444885253906,58.53057861328125,59.567138671875,57.656585693359375,57.33658981323242,57.97567367553711,59.77579879760742,59.329811096191406,50,0,0,0,0,0,0,0,4.86247444152832,17179869184,21474836480,6389350400,20260454400
309,1729544974263,3228,3228,3228,3228,3228,3228,3228,3228,59.12868118286133,56.619144439697266,57.704444885253906,58.53057861328125,59.567138671875,57.656585693359375,57.33658981323242,57.97567367553711,59.77579879760742,59.329811096191406,0,0,0,0,0,0,0,0,4.86247444152832,17179869184,21474836480,6392348672,20260454400
7,1729544974573,3228,3228,3228,3228,3228,3228,3228,3228,59.12868118286133,56.619144439697266,57.704444885253906,58.53057861328125,59.567138671875,57.656585693359375,57.33658981323242,57.97567367553711,59.77579879760742,59.329811096191406,17.241378784179688,19.35483741760254,32.25806427001953,29.032257080078125,20,9.67741870880127,6.45161247253418,0,4.86247444152832,17179869184,21474836480,6392348672,20260454400
