Delta,Time,CPU_FREQUENCY_0,CPU_FREQUENCY_1,CPU_FREQUENCY_2,CPU_FREQUENCY_3,CPU_FREQUENCY_4,CPU_FREQUENCY_5,CPU_FREQUENCY_6,CPU_FREQUENCY_7,CPU_TEMP_0,CPU_TEMP_1,CPU_TEMP_2,CPU_TEMP_3,CPU_TEMP_4,CPU_TEMP_5,CPU_TEMP_6,CPU_TEMP_7,CPU_TEMP_8,CPU_TEMP_9,CPU_USAGE_0,CPU_USAGE_1,CPU_USAGE_2,CPU_USAGE_3,CPU_USAGE_4,CPU_USAGE_5,CPU_USAGE_6,CPU_USAGE_7,SYSTEM_POWER (Watts),TOTAL_MEMORY,TOTAL_SWAP,USED_MEMORY,USED_SWAP
0,1729594721333,3228,3228,3228,3228,3228,3228,3228,3228,61.60392379760742,58.945499420166016,61.73921203613281,63.72405242919922,62.778465270996094,59.96683120727539,60.0395622253418,61.54926681518555,61.118717193603516,60.875144958496094,50,0,50,66.66667175292969,100,100,NaN,50,4.7879462242126465,17179869184,22548578304,4790108160,20976959488
303,1729594721333,3228,3228,3228,3228,3228,3228,3228,3228,61.60392379760742,58.945499420166016,61.73921203613281,63.72405242919922,62.778465270996094,59.96683120727539,60.0395622253418,61.54926681518555,61.118717193603516,60.875144958496094,NaN,0,100,NaN,50,100,100,0,4.7879462242126465,17179869184,22548578304,4790108160,20976959488
9,1729594721637,3228,3228,3228,3228,3228,3228,3228,3228,61.60392379760742,58.945499420166016,61.73921203613281,63.72405242919922,62.778465270996094,59.96683120727539,60.0395622253418,61.54926681518555,61.118717193603516,60.875144958496094,44.82758712768555,45.16128921508789,96.66666412353516,90,93.33333587646484,83.87096405029297,76.66666412353516,70.96774291992188,4.7879462242126465,17179869184,22548578304,4790108160,20976959488
