Delta,Time,CPU_FREQUENCY_0,CPU_FREQUENCY_1,CPU_FREQUENCY_2,CPU_FREQUENCY_3,CPU_FREQUENCY_4,CPU_FREQUENCY_5,CPU_FREQUENCY_6,CPU_FREQUENCY_7,CPU_TEMP_0,CPU_TEMP_1,CPU_TEMP_2,CPU_TEMP_3,CPU_TEMP_4,CPU_TEMP_5,CPU_TEMP_6,CPU_TEMP_7,CPU_TEMP_8,CPU_TEMP_9,CPU_USAGE_0,CPU_USAGE_1,CPU_USAGE_2,CPU_USAGE_3,CPU_USAGE_4,CPU_USAGE_5,CPU_USAGE_6,CPU_USAGE_7,SYSTEM_POWER (Watts),TOTAL_MEMORY,TOTAL_SWAP,USED_MEMORY,USED_SWAP
0,1729552926097,3228,3228,3228,3228,3228,3228,3228,3228,63.641265869140625,59.54490661621094,64.63671875,64.78815460205078,64.25568389892578,61.316246032714844,62.37531661987305,61.491737365722656,62.358985900878906,61.781341552734375,NaN,0,50,0,0,0,0,0,18.921438217163086,17179869184,21474836480,5144772608,20750139392
308,1729552926097,3228,3228,3228,3228,3228,3228,3228,3228,63.641265869140625,59.54490661621094,64.63671875,64.78815460205078,64.25568389892578,61.316246032714844,62.37531661987305,61.491737365722656,62.358985900878906,61.781341552734375,0,0,0,100,0,0,0,0,18.921438217163086,17179869184,21474836480,5147770880,20750139392
7,1729552926406,3228,3228,3228,3228,3228,3228,3228,3228,61.11129379272461,57.87284469604492,60.44805908203125,60.63800048828125,61.301658630371094,59.34840393066406,59.680702209472656,59.359169006347656,61.199798583984375,60.36949920654297,16.129032135009766,13.333333969116211,35.48387145996094,19.35483741760254,20,10,0,0,18.921438217163086,17179869184,21474836480,5147770880,20750139392
