Delta,Time,CPU_FREQUENCY_0,CPU_FREQUENCY_1,CPU_FREQUENCY_2,CPU_FREQUENCY_3,CPU_FREQUENCY_4,CPU_FREQUENCY_5,CPU_FREQUENCY_6,CPU_FREQUENCY_7,CPU_TEMP_0,CPU_TEMP_1,CPU_TEMP_2,CPU_TEMP_3,CPU_TEMP_4,CPU_TEMP_5,CPU_TEMP_6,CPU_TEMP_7,CPU_TEMP_8,CPU_TEMP_9,CPU_USAGE_0,CPU_USAGE_1,CPU_USAGE_2,CPU_USAGE_3,CPU_USAGE_4,CPU_USAGE_5,CPU_USAGE_6,CPU_USAGE_7,SYSTEM_POWER (Watts),TOTAL_MEMORY,TOTAL_SWAP,USED_MEMORY,USED_SWAP
0,1729559289721,3228,3228,3228,3228,3228,3228,3228,3228,62.739925384521484,60.20341491699219,61.940834045410156,63.03446578979492,62.813385009765625,61.00954055786133,61.24518585205078,61.76450729370117,63.52667999267578,62.57073211669922,100,50,0,0,0,0,0,0,9.537891387939453,17179869184,22548578304,5093408768,21273444352
309,1729559289721,3228,3228,3228,3228,3228,3228,3228,3228,62.739925384521484,60.20341491699219,61.940834045410156,63.03446578979492,62.813385009765625,61.00954055786133,61.24518585205078,61.76450729370117,63.52667999267578,62.57073211669922,0,NaN,50,100,0,0,0,0,9.537891387939453,17179869184,22548578304,5093408768,21273444352
7,1729559290030,3228,3228,3228,3228,3228,3228,3228,3228,62.739925384521484,60.20341491699219,61.940834045410156,63.03446578979492,62.813385009765625,61.00954055786133,61.24518585205078,61.76450729370117,63.52667999267578,62.57073211669922,25.80644989013672,25.80644989013672,35.48387145996094,29.032257080078125,19.35483741760254,3.3333334922790527,3.22580623626709,3.22580623626709,4.948803424835205,17179869184,22548578304,5093408768,21273444352
