Delta,Time,CPU_FREQUENCY_0,CPU_FREQUENCY_1,CPU_FREQUENCY_2,CPU_FREQUENCY_3,CPU_FREQUENCY_4,CPU_FREQUENCY_5,CPU_FREQUENCY_6,CPU_FREQUENCY_7,CPU_TEMP_0,CPU_TEMP_1,CPU_TEMP_2,CPU_TEMP_3,CPU_TEMP_4,CPU_TEMP_5,CPU_TEMP_6,CPU_TEMP_7,CPU_TEMP_8,CPU_TEMP_9,CPU_USAGE_0,CPU_USAGE_1,CPU_USAGE_2,CPU_USAGE_3,CPU_USAGE_4,CPU_USAGE_5,CPU_USAGE_6,CPU_USAGE_7,SYSTEM_POWER (Watts),TOTAL_MEMORY,TOTAL_SWAP,USED_MEMORY,USED_SWAP
0,1729565633419,3228,3228,3228,3228,3228,3228,3228,3228,69.47632598876953,64.52044677734375,74.5555191040039,76.35587310791016,73.41162872314453,67.83292388916016,69.41688537597656,68.46407318115234,66.14265441894531,66.09075927734375,0,NaN,NaN,0,100,NaN,0,0,17.164884567260742,17179869184,22548578304,5469044736,21256667136
309,1729565633420,3228,3228,3228,3228,3228,3228,3228,3228,69.47632598876953,64.52044677734375,74.5555191040039,76.35587310791016,73.41162872314453,67.83292388916016,69.41688537597656,68.46407318115234,66.14265441894531,66.09075927734375,NaN,50,100,100,NaN,100,100,NaN,17.164884567260742,17179869184,22548578304,5471911936,21256667136
309,1729565633730,3228,3228,3228,3228,3228,3228,3228,3228,67.65922546386719,64.35270690917969,70.4452896118164,72.33529663085938,70.27921295166016,65.97917175292969,68.60023498535156,68.89437866210938,67.13822174072266,65.99999237060547,96.7741928100586,96.66666412353516,100,100,100,100,96.875,100,17.164884567260742,17179869184,22548578304,5523521536,21256667136
306,1729565634040,3228,3228,3228,3228,3228,3228,3228,3228,67.65922546386719,64.35270690917969,70.4452896118164,72.33529663085938,70.27921295166016,65.97917175292969,68.60023498535156,68.89437866210938,67.13822174072266,65.99999237060547,19.35483741760254,16.129032135009766,96.66666412353516,96.7741928100586,93.33333587646484,96.7741928100586,87.09677124023438,39.39393997192383,17.164884567260742,17179869184,22548578304,5529337856,21256667136
10,1729565634346,3228,3228,3228,3228,3228,3228,3228,3228,67.65922546386719,64.35270690917969,70.4452896118164,72.33529663085938,70.27921295166016,65.97917175292969,68.60023498535156,68.89437866210938,67.13822174072266,65.99999237060547,22.580644607543945,20,90.32257843017578,83.33332824707031,70.96774291992188,62.06896209716797,43.33333206176758,26.666667938232422,16.853038787841797,17179869184,22548578304,5487951872,21256667136
