Delta,Time,CPU_FREQUENCY_0,CPU_FREQUENCY_1,CPU_FREQUENCY_2,CPU_FREQUENCY_3,CPU_FREQUENCY_4,CPU_FREQUENCY_5,CPU_FREQUENCY_6,CPU_FREQUENCY_7,CPU_TEMP_0,CPU_TEMP_1,CPU_TEMP_2,CPU_TEMP_3,CPU_TEMP_4,CPU_TEMP_5,CPU_TEMP_6,CPU_TEMP_7,CPU_TEMP_8,CPU_TEMP_9,CPU_USAGE_0,CPU_USAGE_1,CPU_USAGE_2,CPU_USAGE_3,CPU_USAGE_4,CPU_USAGE_5,CPU_USAGE_6,CPU_USAGE_7,SYSTEM_POWER (Watts),TOTAL_MEMORY,TOTAL_SWAP,USED_MEMORY,USED_SWAP
0,1729597114198,3228,3228,3228,3228,3228,3228,3228,3228,66.41788482666016,64.8944320678711,66.56814575195313,67.2363052368164,66.90814971923828,65.78119659423828,65.17324829101563,66.19013977050781,67.8253402709961,67.16928100585938,0,0,NaN,100,100,100,100,50,5.052959442138672,17179869184,22548578304,5380980736,20968570880
304,1729597114199,3228,3228,3228,3228,3228,3228,3228,3228,66.41788482666016,64.8944320678711,66.56814575195313,67.2363052368164,66.90814971923828,65.78119659423828,65.17324829101563,66.19013977050781,67.8253402709961,67.16928100585938,0,100,100,100,100,100,NaN,100,5.052959442138672,17179869184,22548578304,5382488064,20968570880
8,1729597114503,3228,3228,3228,3228,3228,3228,3228,3228,69.96391296386719,67.86378479003906,73.21326446533203,74.71583557128906,72.0787124633789,68.69017791748047,72.101806640625,72.91661071777344,70.9520263671875,69.47045135498047,48.27585983276367,51.61289978027344,96.7741928100586,96.55171966552734,96.66666412353516,96.66666412353516,96.66666412353516,83.33332824707031,5.052959442138672,17179869184,22548578304,5382488064,20968570880
