Delta,Time,CPU_FREQUENCY_0,CPU_FREQUENCY_1,CPU_FREQUENCY_2,CPU_FREQUENCY_3,CPU_FREQUENCY_4,CPU_FREQUENCY_5,CPU_FREQUENCY_6,CPU_FREQUENCY_7,CPU_TEMP_0,CPU_TEMP_1,CPU_TEMP_2,CPU_TEMP_3,CPU_TEMP_4,CPU_TEMP_5,CPU_TEMP_6,CPU_TEMP_7,CPU_TEMP_8,CPU_TEMP_9,CPU_USAGE_0,CPU_USAGE_1,CPU_USAGE_2,CPU_USAGE_3,CPU_USAGE_4,CPU_USAGE_5,CPU_USAGE_6,CPU_USAGE_7,SYSTEM_POWER (Watts),TOTAL_MEMORY,TOTAL_SWAP,USED_MEMORY,USED_SWAP
0,1729559051540,3228,3228,3228,3228,3228,3228,3228,3228,59.46260070800781,56.86216735839844,58.76170349121094,60.240638732910156,60.34795379638672,58.33944320678711,57.584007263183594,58.11891174316406,60.215171813964844,59.064231872558594,50,50,0,0,0,0,0,0,4.877622127532959,17179869184,22548578304,5278220288,21273444352
306,1729559051541,3228,3228,3228,3228,3228,3228,3228,3228,59.46260070800781,56.86216735839844,58.76170349121094,60.240638732910156,60.34795379638672,58.33944320678711,57.584007263183594,58.11891174316406,60.215171813964844,59.064231872558594,100,0,100,100,50,0,0,0,4.877622127532959,17179869184,22548578304,5278220288,21273444352
8,1729559051847,3228,3228,3228,3228,3228,3228,3228,3228,59.46260070800781,56.86216735839844,58.76170349121094,60.240638732910156,60.34795379638672,58.33944320678711,57.584007263183594,58.11891174316406,60.215171813964844,59.064231872558594,16.129032135009766,13.333333969116211,32.25806427001953,38.70967483520508,10,6.45161247253418,3.3333334922790527,0,4.877622127532959,17179869184,22548578304,5278220288,21273444352
