Delta,Time,CPU_FREQUENCY_0,CPU_FREQUENCY_1,CPU_FREQUENCY_2,CPU_FREQUENCY_3,CPU_FREQUENCY_4,CPU_FREQUENCY_5,CPU_FREQUENCY_6,CPU_FREQUENCY_7,CPU_TEMP_0,CPU_TEMP_1,CPU_TEMP_2,CPU_TEMP_3,CPU_TEMP_4,CPU_TEMP_5,CPU_TEMP_6,CPU_TEMP_7,CPU_TEMP_8,CPU_TEMP_9,CPU_USAGE_0,CPU_USAGE_1,CPU_USAGE_2,CPU_USAGE_3,CPU_USAGE_4,CPU_USAGE_5,CPU_USAGE_6,CPU_USAGE_7,SYSTEM_POWER (Watts),TOTAL_MEMORY,TOTAL_SWAP,USED_MEMORY,USED_SWAP
0,1729579456512,3228,3228,3228,3228,3228,3228,3228,3228,67.34849548339844,63.353370666503906,72.32432556152344,74.60759735107422,71.15802764892578,64.46941375732422,70.48225402832031,71.29039001464844,66.43229675292969,64.72563934326172,50,NaN,50,100,0,0,0,0,28.62224578857422,17179869184,22548578304,5623005184,21248278528
309,1729579456512,3228,3228,3228,3228,3228,3228,3228,3228,67.34849548339844,63.353370666503906,72.32432556152344,74.60759735107422,71.15802764892578,64.46941375732422,70.48225402832031,71.29039001464844,66.43229675292969,64.72563934326172,NaN,0,50,100,NaN,0,0,0,28.62224578857422,17179869184,22548578304,5625364480,21248278528
11,1729579456823,3228,3228,3228,3228,3228,3228,3228,3228,67.34849548339844,63.353370666503906,72.32432556152344,74.60759735107422,71.15802764892578,64.46941375732422,70.48225402832031,71.29039001464844,66.43229675292969,64.72563934326172,23.33333396911621,32.25806427001953,70,51.61289978027344,56.25,21.875,9.67741870880127,3.22580623626709,28.62224578857422,17179869184,22548578304,5638799360,21248278528
