Delta,Time,CPU_FREQUENCY_0,CPU_FREQUENCY_1,CPU_FREQUENCY_2,CPU_FREQUENCY_3,CPU_FREQUENCY_4,CPU_FREQUENCY_5,CPU_FREQUENCY_6,CPU_FREQUENCY_7,CPU_TEMP_0,CPU_TEMP_1,CPU_TEMP_2,CPU_TEMP_3,CPU_TEMP_4,CPU_TEMP_5,CPU_TEMP_6,CPU_TEMP_7,CPU_TEMP_8,CPU_TEMP_9,CPU_USAGE_0,CPU_USAGE_1,CPU_USAGE_2,CPU_USAGE_3,CPU_USAGE_4,CPU_USAGE_5,CPU_USAGE_6,CPU_USAGE_7,SYSTEM_POWER (Watts),TOTAL_MEMORY,TOTAL_SWAP,USED_MEMORY,USED_SWAP
0,1729601224625,3228,3228,3228,3228,3228,3228,3228,3228,62.40596008300781,59.777915954589844,68.19799041748047,70.13131713867188,65.81656646728516,61.26485061645508,66.8770980834961,67.40013122558594,63.340702056884766,61.59782409667969,0,NaN,100,100,100,100,NaN,0,4.925081729888916,17179869184,22548578304,4549656576,20918173696
309,1729601224625,3228,3228,3228,3228,3228,3228,3228,3228,62.40596008300781,59.777915954589844,68.19799041748047,70.13131713867188,65.81656646728516,61.26485061645508,66.8770980834961,67.40013122558594,63.340702056884766,61.59782409667969,0,0,NaN,100,0,100,66.66667175292969,100,4.925081729888916,17179869184,22548578304,4549656576,20918173696
306,1729601224935,3228,3228,3228,3228,3228,3228,3228,3228,62.40596008300781,59.777915954589844,68.19799041748047,70.13131713867188,65.81656646728516,61.26485061645508,66.8770980834961,67.40013122558594,63.340702056884766,61.59782409667969,93.75,90.32257843017578,96.875,96.7741928100586,96.875,93.75,96.66666412353516,96.7741928100586,18.135923385620117,17179869184,22548578304,4549656576,20918173696
10,1729601225241,3228,3228,3228,3228,3228,3228,3228,3228,62.40596008300781,59.777915954589844,68.19799041748047,70.13131713867188,65.81656646728516,61.26485061645508,66.8770980834961,67.40013122558594,63.340702056884766,61.59782409667969,13.793103218078613,13.333333969116211,60.000003814697266,60.000003814697266,50,55.17241287231445,13.333333969116211,6.45161247253418,18.135923385620117,17179869184,22548578304,4581326848,20918173696
