Delta,Time,CPU_FREQUENCY_0,CPU_FREQUENCY_1,CPU_FREQUENCY_2,CPU_FREQUENCY_3,CPU_FREQUENCY_4,CPU_FREQUENCY_5,CPU_FREQUENCY_6,CPU_FREQUENCY_7,CPU_TEMP_0,CPU_TEMP_1,CPU_TEMP_2,CPU_TEMP_3,CPU_TEMP_4,CPU_TEMP_5,CPU_TEMP_6,CPU_TEMP_7,CPU_TEMP_8,CPU_TEMP_9,CPU_USAGE_0,CPU_USAGE_1,CPU_USAGE_2,CPU_USAGE_3,CPU_USAGE_4,CPU_USAGE_5,CPU_USAGE_6,CPU_USAGE_7,SYSTEM_POWER (Watts),TOTAL_MEMORY,TOTAL_SWAP,USED_MEMORY,USED_SWAP
0,1729590927647,3228,3228,3228,3228,3228,3228,3228,3228,63.335628509521484,59.69096374511719,65.38864135742188,67.45113372802734,65.13944244384766,60.57101821899414,64.53486633300781,63.24816131591797,61.71766662597656,61.3438720703125,66.66667175292969,100,50,0,0,0,0,0,22.150678634643555,17179869184,22548578304,4623843328,21069234176
308,1729590927648,3228,3228,3228,3228,3228,3228,3228,3228,63.335628509521484,59.69096374511719,65.38864135742188,67.45113372802734,65.13944244384766,60.57101821899414,64.53486633300781,63.24816131591797,61.71766662597656,61.3438720703125,NaN,50,NaN,NaN,NaN,0,0,0,22.150678634643555,17179869184,22548578304,4625432576,21069234176
306,1729590927957,3228,3228,3228,3228,3228,3228,3228,3228,63.335628509521484,59.69096374511719,65.38864135742188,67.45113372802734,65.13944244384766,60.57101821899414,64.53486633300781,63.24816131591797,61.71766662597656,61.3438720703125,80.6451644897461,80.6451644897461,93.33333587646484,90.625,87.09677124023438,93.54838562011719,87.5,86.66666412353516,22.150678634643555,17179869184,22548578304,4685578240,21069234176
300,1729590928263,3228,3228,3228,3228,3228,3228,3228,3228,61.86460494995117,58.78152084350586,62.684783935546875,65.1463394165039,63.30028533935547,59.12930679321289,61.839778900146484,61.66948699951172,62.114051818847656,60.83415985107422,10,10,48.3870964050293,50,25,29.032257080078125,6.6666669845581055,3.22580623626709,22.150678634643555,17179869184,22548578304,4713119744,21069234176
10,1729590928565,3228,3228,3228,3228,3228,3228,3228,3228,61.86460494995117,58.78152084350586,62.684783935546875,65.1463394165039,63.30028533935547,59.12930679321289,61.839778900146484,61.66948699951172,62.114051818847656,60.83415985107422,30.000001907348633,24.137929916381836,19.35483741760254,19.35483741760254,3.3333334922790527,10,3.3333334922790527,0,22.150678634643555,17179869184,22548578304,4668833792,21069234176
