Delta,Time,CPU_FREQUENCY_0,CPU_FREQUENCY_1,CPU_FREQUENCY_2,CPU_FREQUENCY_3,CPU_FREQUENCY_4,CPU_FREQUENCY_5,CPU_FREQUENCY_6,CPU_FREQUENCY_7,CPU_TEMP_0,CPU_TEMP_1,CPU_TEMP_2,CPU_TEMP_3,CPU_TEMP_4,CPU_TEMP_5,CPU_TEMP_6,CPU_TEMP_7,CPU_TEMP_8,CPU_TEMP_9,CPU_USAGE_0,CPU_USAGE_1,CPU_USAGE_2,CPU_USAGE_3,CPU_USAGE_4,CPU_USAGE_5,CPU_USAGE_6,CPU_USAGE_7,SYSTEM_POWER (Watts),TOTAL_MEMORY,TOTAL_SWAP,USED_MEMORY,USED_SWAP
0,1729563225344,3228,3228,3228,3228,3228,3228,3228,3228,64.17459106445313,62.099266052246094,63.162261962890625,64.37303924560547,64.80187225341797,62.6304817199707,62.18684387207031,62.428611755371094,64.24424743652344,64.23175811767578,0,0,100,100,100,100,100,100,5.130721092224121,17179869184,22548578304,5605851136,21256667136
309,1729563225344,3228,3228,3228,3228,3228,3228,3228,3228,64.17459106445313,62.099266052246094,63.162261962890625,64.37303924560547,64.80187225341797,62.6304817199707,62.18684387207031,62.428611755371094,64.24424743652344,64.23175811767578,66.66667175292969,0,NaN,100,50,NaN,NaN,NaN,5.130721092224121,17179869184,22548578304,5609160704,21256667136
11,1729563225654,3228,3228,3228,3228,3228,3228,3228,3228,70.37673950195313,67.7898941040039,75.03533172607422,77.20563507080078,73.95418548583984,68.52156066894531,73.01686096191406,73.31843566894531,71.0789794921875,68.91275024414063,27.586206436157227,32.25806427001953,87.5,90,74.19355010986328,65.625,69.69696807861328,59.375,5.130721092224121,17179869184,22548578304,5660049408,21256667136
