Delta,Time,CPU_FREQUENCY_0,CPU_FREQUENCY_1,CPU_FREQUENCY_2,CPU_FREQUENCY_3,CPU_FREQUENCY_4,CPU_FREQUENCY_5,CPU_FREQUENCY_6,CPU_FREQUENCY_7,CPU_TEMP_0,CPU_TEMP_1,CPU_TEMP_2,CPU_TEMP_3,CPU_TEMP_4,CPU_TEMP_5,CPU_TEMP_6,CPU_TEMP_7,CPU_TEMP_8,CPU_TEMP_9,CPU_USAGE_0,CPU_USAGE_1,CPU_USAGE_2,CPU_USAGE_3,CPU_USAGE_4,CPU_USAGE_5,CPU_USAGE_6,CPU_USAGE_7,SYSTEM_POWER (Watts),TOTAL_MEMORY,TOTAL_SWAP,USED_MEMORY,USED_SWAP
0,1729546439105,3228,3228,3228,3228,3228,3228,3228,3228,65.63822937011719,63.68088912963867,64.50684356689453,65.12481689453125,66.44139862060547,64.50849914550781,63.822025299072266,64.87242126464844,67.25125122070313,65.98311614990234,0,0,0,50,0,100,0,0,4.772584915161133,17179869184,21474836480,4869013504,20243677184
306,1729546439106,3228,3228,3228,3228,3228,3228,3228,3228,65.63822937011719,63.68088912963867,64.50684356689453,65.12481689453125,66.44139862060547,64.50849914550781,63.822025299072266,64.87242126464844,67.25125122070313,65.98311614990234,0,0,NaN,100,100,100,50,100,4.772584915161133,17179869184,21474836480,4869013504,20243677184
9,1729546439412,3228,3228,3228,3228,3228,3228,3228,3228,68.54585266113281,66.18517303466797,70.58351135253906,71.64982604980469,70.42900085449219,67.00422668457031,69.70919799804688,69.99909973144531,69.66963195800781,67.86515808105469,25.80644989013672,29.032257080078125,84.375,83.87096405029297,76.66666412353516,73.33333587646484,64.51612854003906,56.66666793823242,4.772584915161133,17179869184,21474836480,4869013504,20243677184
