Delta,Time,CPU_FREQUENCY_0,CPU_FREQUENCY_1,CPU_FREQUENCY_2,CPU_FREQUENCY_3,CPU_FREQUENCY_4,CPU_FREQUENCY_5,CPU_FREQUENCY_6,CPU_FREQUENCY_7,CPU_TEMP_0,CPU_TEMP_1,CPU_TEMP_2,CPU_TEMP_3,CPU_TEMP_4,CPU_TEMP_5,CPU_TEMP_6,CPU_TEMP_7,CPU_TEMP_8,CPU_TEMP_9,CPU_USAGE_0,CPU_USAGE_1,CPU_USAGE_2,CPU_USAGE_3,CPU_USAGE_4,CPU_USAGE_5,CPU_USAGE_6,CPU_USAGE_7,SYSTEM_POWER (Watts),TOTAL_MEMORY,TOTAL_SWAP,USED_MEMORY,USED_SWAP
0,1729552818473,3228,3228,3228,3228,3228,3228,3228,3228,62.72001647949219,58.85926818847656,64.0525894165039,64.5341567993164,64.20145416259766,61.171756744384766,60.88064956665039,60.73951721191406,61.6292610168457,61.67205047607422,50,50,0,0,0,0,0,0,23.58757209777832,17179869184,21474836480,6145818624,20750139392
301,1729552818474,3228,3228,3228,3228,3228,3228,3228,3228,62.72001647949219,58.85926818847656,64.0525894165039,64.5341567993164,64.20145416259766,61.171756744384766,60.88064956665039,60.73951721191406,61.6292610168457,61.67205047607422,0,0,0,NaN,0,0,0,0,23.58757209777832,17179869184,21474836480,6147817472,20750139392
309,1729552818775,3228,3228,3228,3228,3228,3228,3228,3228,62.72001647949219,58.85926818847656,64.0525894165039,64.5341567993164,64.20145416259766,61.171756744384766,60.88064956665039,60.73951721191406,61.6292610168457,61.67205047607422,36.66666793823242,31.034481048583984,61.29032516479492,77.41934967041016,58.06451416015625,55.17241287231445,53.333335876464844,51.61289978027344,17.723154067993164,17179869184,21474836480,7276658688,20750139392
8,1729552819085,3228,3228,3228,3228,3228,3228,3228,3228,62.72001647949219,58.85926818847656,64.0525894165039,64.5341567993164,64.20145416259766,61.171756744384766,60.88064956665039,60.73951721191406,61.6292610168457,61.67205047607422,16.666667938232422,15.625,51.61289978027344,56.66666793823242,36.66666793823242,39.39393997192383,35.48387145996094,32.25806427001953,17.723154067993164,17179869184,21474836480,6334791680,20750139392
