Delta,Time,CPU_FREQUENCY_0,CPU_FREQUENCY_1,CPU_FREQUENCY_2,CPU_FREQUENCY_3,CPU_FREQUENCY_4,CPU_FREQUENCY_5,CPU_FREQUENCY_6,CPU_FREQUENCY_7,CPU_TEMP_0,CPU_TEMP_1,CPU_TEMP_2,CPU_TEMP_3,CPU_TEMP_4,CPU_TEMP_5,CPU_TEMP_6,CPU_TEMP_7,CPU_TEMP_8,CPU_TEMP_9,CPU_USAGE_0,CPU_USAGE_1,CPU_USAGE_2,CPU_USAGE_3,CPU_USAGE_4,CPU_USAGE_5,CPU_USAGE_6,CPU_USAGE_7,SYSTEM_POWER (Watts),TOTAL_MEMORY,TOTAL_SWAP,USED_MEMORY,USED_SWAP
0,1729548999728,3228,3228,3228,3228,3228,3228,3228,3228,62.196414947509766,60.34910583496094,61.03759002685547,61.413360595703125,62.87659454345703,61.21220397949219,60.8046760559082,61.000404357910156,63.06368637084961,62.808685302734375,100,100,50,0,0,0,0,0,4.636368274688721,17179869184,21474836480,4949590016,20766916608
306,1729548999728,3228,3228,3228,3228,3228,3228,3228,3228,62.196414947509766,60.34910583496094,61.03759002685547,61.413360595703125,62.87659454345703,61.21220397949219,60.8046760559082,61.000404357910156,63.06368637084961,62.808685302734375,0,0,0,100,0,0,0,0,4.636368274688721,17179869184,21474836480,4952637440,20766916608
309,1729549000035,3228,3228,3228,3228,3228,3228,3228,3228,62.196414947509766,60.34910583496094,61.03759002685547,61.413360595703125,62.87659454345703,61.21220397949219,60.8046760559082,61.000404357910156,63.06368637084961,62.808685302734375,70,67.74193572998047,80.6451644897461,81.25,80.6451644897461,76.66666412353516,70.96774291992188,70,4.636368274688721,17179869184,21474836480,7471022080,20766916608
11,1729549000345,3228,3228,3228,3228,3228,3228,3228,3228,64.41754913330078,62.61066436767578,65.13501739501953,66.29307556152344,66.02461242675781,62.98756408691406,64.88615417480469,64.92951965332031,65.48571014404297,64.5821533203125,15.15151596069336,15.625,20,17.241378784179688,3.22580623626709,3.22580623626709,3.22580623626709,0,4.636368274688721,17179869184,21474836480,4971151360,20766916608
