Delta,Time,CPU_FREQUENCY_0,CPU_FREQUENCY_1,CPU_FREQUENCY_2,CPU_FREQUENCY_3,CPU_FREQUENCY_4,CPU_FREQUENCY_5,CPU_FREQUENCY_6,CPU_FREQUENCY_7,CPU_TEMP_0,CPU_TEMP_1,CPU_TEMP_2,CPU_TEMP_3,CPU_TEMP_4,CPU_TEMP_5,CPU_TEMP_6,CPU_TEMP_7,CPU_TEMP_8,CPU_TEMP_9,CPU_USAGE_0,CPU_USAGE_1,CPU_USAGE_2,CPU_USAGE_3,CPU_USAGE_4,CPU_USAGE_5,CPU_USAGE_6,CPU_USAGE_7,SYSTEM_POWER (Watts),TOTAL_MEMORY,TOTAL_SWAP,USED_MEMORY,USED_SWAP
0,1729548978257,3228,3228,3228,3228,3228,3228,3228,3228,62.646156311035156,60.772865295410156,61.67201232910156,63.06367492675781,64.14813995361328,61.41334533691406,61.7358283996582,61.145328521728516,63.3472900390625,62.79985809326172,0,50,100,NaN,0,100,0,0,4.620862007141113,17179869184,21474836480,6566625280,20766916608
309,1729548978257,3228,3228,3228,3228,3228,3228,3228,3228,62.646156311035156,60.772865295410156,61.67201232910156,63.06367492675781,64.14813995361328,61.41334533691406,61.7358283996582,61.145328521728516,63.3472900390625,62.79985809326172,0,NaN,NaN,NaN,100,0,NaN,NaN,4.620862007141113,17179869184,21474836480,6570541056,20766916608
309,1729548978568,3228,3228,3228,3228,3228,3228,3228,3228,62.646156311035156,60.772865295410156,61.67201232910156,63.06367492675781,64.14813995361328,61.41334533691406,61.7358283996582,61.145328521728516,63.3472900390625,62.79985809326172,96.7741928100586,93.33333587646484,96.875,100,96.7741928100586,100,96.66666412353516,93.93939208984375,4.620862007141113,17179869184,21474836480,6641500160,20766916608
304,1729548978878,3228,3228,3228,3228,3228,3228,3228,3228,62.646156311035156,60.772865295410156,61.67201232910156,63.06367492675781,64.14813995361328,61.41334533691406,61.7358283996582,61.145328521728516,63.3472900390625,62.79985809326172,23.33333396911621,25.80644989013672,90,87.5,80.6451644897461,67.74193572998047,64.51612854003906,56.66666793823242,4.686000347137451,17179869184,21474836480,6659211264,20766916608
6,1729548979182,3228,3228,3228,3228,3228,3228,3228,3228,62.646156311035156,60.772865295410156,61.67201232910156,63.06367492675781,64.14813995361328,61.41334533691406,61.7358283996582,61.145328521728516,63.3472900390625,62.79985809326172,25.80644989013672,22.580644607543945,87.5,83.33332824707031,83.33332824707031,70.96774291992188,74.19355010986328,33.333335876464844,4.686000347137451,17179869184,21474836480,6602833920,20766916608
