Delta,Time,CPU_FREQUENCY_0,CPU_FREQUENCY_1,CPU_FREQUENCY_2,CPU_FREQUENCY_3,CPU_FREQUENCY_4,CPU_FREQUENCY_5,CPU_FREQUENCY_6,CPU_FREQUENCY_7,CPU_TEMP_0,CPU_TEMP_1,CPU_TEMP_2,CPU_TEMP_3,CPU_TEMP_4,CPU_TEMP_5,CPU_TEMP_6,CPU_TEMP_7,CPU_TEMP_8,CPU_TEMP_9,CPU_USAGE_0,CPU_USAGE_1,CPU_USAGE_2,CPU_USAGE_3,CPU_USAGE_4,CPU_USAGE_5,CPU_USAGE_6,CPU_USAGE_7,SYSTEM_POWER (Watts),TOTAL_MEMORY,TOTAL_SWAP,USED_MEMORY,USED_SWAP
0,1729534365916,3228,3228,3228,3228,3228,3228,3228,3228,66.4405746459961,62.22490310668945,67.68195343017578,68.46304321289063,68.06426239013672,64.62774658203125,65.96919250488281,65.32748413085938,65.74493408203125,65.08728790283203,100,50,0,0,0,0,0,0,24.938936233520508,17179869184,19327352832,6621560832,18666356736
309,1729534365916,3228,3228,3228,3228,3228,3228,3228,3228,66.4405746459961,62.22490310668945,67.68195343017578,68.46304321289063,68.06426239013672,64.62774658203125,65.96919250488281,65.32748413085938,65.74493408203125,65.08728790283203,0,NaN,0,100,0,0,0,0,24.938936233520508,17179869184,19327352832,6623641600,18666356736
308,1729534366226,3228,3228,3228,3228,3228,3228,3228,3228,66.4405746459961,62.22490310668945,67.68195343017578,68.46304321289063,68.06426239013672,64.62774658203125,65.96919250488281,65.32748413085938,65.74493408203125,65.08728790283203,90.32257843017578,90,100,93.54838562011719,93.54838562011719,90.32257843017578,93.33333587646484,90.625,24.938936233520508,17179869184,19327352832,6654984192,18666356736
309,1729534366535,3228,3228,3228,3228,3228,3228,3228,3228,66.4405746459961,62.22490310668945,67.68195343017578,68.46304321289063,68.06426239013672,64.62774658203125,65.96919250488281,65.32748413085938,65.74493408203125,65.08728790283203,20.689655303955078,12.90322494506836,93.33333587646484,90,83.87096405029297,93.33333587646484,80.6451644897461,50,14.030406951904297,17179869184,19327352832,6651133952,18666356736
6,1729534366845,3228,3228,3228,3228,3228,3228,3228,3228,66.4405746459961,62.22490310668945,67.68195343017578,68.46304321289063,68.06426239013672,64.62774658203125,65.96919250488281,65.32748413085938,65.74493408203125,65.08728790283203,9.67741870880127,12.90322494506836,29.032257080078125,9.67741870880127,13.333333969116211,16.129032135009766,6.45161247253418,6.45161247253418,14.030406951904297,17179869184,19327352832,6613942272,18666356736
