Delta,Time,CPU_FREQUENCY_0,CPU_FREQUENCY_1,CPU_FREQUENCY_2,CPU_FREQUENCY_3,CPU_FREQUENCY_4,CPU_FREQUENCY_5,CPU_FREQUENCY_6,CPU_FREQUENCY_7,CPU_TEMP_0,CPU_TEMP_1,CPU_TEMP_2,CPU_TEMP_3,CPU_TEMP_4,CPU_TEMP_5,CPU_TEMP_6,CPU_TEMP_7,CPU_TEMP_8,CPU_TEMP_9,CPU_USAGE_0,CPU_USAGE_1,CPU_USAGE_2,CPU_USAGE_3,CPU_USAGE_4,CPU_USAGE_5,CPU_USAGE_6,CPU_USAGE_7,SYSTEM_POWER (Watts),TOTAL_MEMORY,TOTAL_SWAP,USED_MEMORY,USED_SWAP
0,1729538712454,3228,3228,3228,3228,3228,3228,3228,3228,60.88388442993164,58.726356506347656,59.88859558105469,61.00121307373047,62.09612274169922,59.37332534790039,59.29887008666992,60.094181060791016,62.6107177734375,61.08759307861328,50,50,0,0,0,0,0,0,23.645004272460938,17179869184,21474836480,4969660416,20377894912
309,1729538712454,3228,3228,3228,3228,3228,3228,3228,3228,60.88388442993164,58.726356506347656,59.88859558105469,61.00121307373047,62.09612274169922,59.37332534790039,59.29887008666992,60.094181060791016,62.6107177734375,61.08759307861328,0,50,66.66667175292969,NaN,0,0,0,0,9.85103988647461,17179869184,21474836480,4969660416,20377894912
9,1729538712764,3228,3228,3228,3228,3228,3228,3228,3228,60.88388442993164,58.726356506347656,59.88859558105469,61.00121307373047,62.09612274169922,59.37332534790039,59.29887008666992,60.094181060791016,62.6107177734375,61.08759307861328,16.129032135009766,13.333333969116211,13.333333969116211,32.25806427001953,9.375,3.22580623626709,3.125,0,9.85103988647461,17179869184,21474836480,4969660416,20377894912
