Delta,Time,CPU_FREQUENCY_0,CPU_FREQUENCY_1,CPU_FREQUENCY_2,CPU_FREQUENCY_3,CPU_FREQUENCY_4,CPU_FREQUENCY_5,CPU_FREQUENCY_6,CPU_FREQUENCY_7,CPU_TEMP_0,CPU_TEMP_1,CPU_TEMP_2,CPU_TEMP_3,CPU_TEMP_4,CPU_TEMP_5,CPU_TEMP_6,CPU_TEMP_7,CPU_TEMP_8,CPU_TEMP_9,CPU_USAGE_0,CPU_USAGE_1,CPU_USAGE_2,CPU_USAGE_3,CPU_USAGE_4,CPU_USAGE_5,CPU_USAGE_6,CPU_USAGE_7,SYSTEM_POWER (Watts),TOTAL_MEMORY,TOTAL_SWAP,USED_MEMORY,USED_SWAP
0,1729540842992,3228,3228,3228,3228,3228,3228,3228,3228,69.73860931396484,65.96395874023438,73.95063018798828,74.5868911743164,71.22765350341797,67.8125,70.36186981201172,69.3253173828125,68.88927459716797,67.42613983154297,50,50,0,0,0,0,0,0,26.122644424438477,17179869184,21474836480,4748902400,20369506304
309,1729540842992,3228,3228,3228,3228,3228,3228,3228,3228,69.73860931396484,65.96395874023438,73.95063018798828,74.5868911743164,71.22765350341797,67.8125,70.36186981201172,69.3253173828125,68.88927459716797,67.42613983154297,0,0,100,NaN,0,0,0,0,26.122644424438477,17179869184,21474836480,4751622144,20369506304
309,1729540843302,3228,3228,3228,3228,3228,3228,3228,3228,64.31243896484375,62.32235336303711,63.33509063720703,64.12474060058594,64.47110748291016,63.01533889770508,63.40520095825195,63.2152099609375,65.17242431640625,64.15620422363281,19.35483741760254,12.90322494506836,56.66666793823242,67.74193572998047,50,51.61289978027344,50,50,26.122644424438477,17179869184,21474836480,5990121472,20369506304
9,1729540843612,3228,3228,3228,3228,3228,3228,3228,3228,64.31243896484375,62.32235336303711,63.33509063720703,64.12474060058594,64.47110748291016,63.01533889770508,63.40520095825195,63.2152099609375,65.17242431640625,64.15620422363281,10,9.67741870880127,46.66666793823242,50,48.3870964050293,37.5,26.666667938232422,25.80644989013672,10.522254943847656,17179869184,21474836480,4932141056,20369506304
