Delta,Time,CPU_FREQUENCY_0,CPU_FREQUENCY_1,CPU_FREQUENCY_2,CPU_FREQUENCY_3,CPU_FREQUENCY_4,CPU_FREQUENCY_5,CPU_FREQUENCY_6,CPU_FREQUENCY_7,CPU_TEMP_0,CPU_TEMP_1,CPU_TEMP_2,CPU_TEMP_3,CPU_TEMP_4,CPU_TEMP_5,CPU_TEMP_6,CPU_TEMP_7,CPU_TEMP_8,CPU_TEMP_9,CPU_USAGE_0,CPU_USAGE_1,CPU_USAGE_2,CPU_USAGE_3,CPU_USAGE_4,CPU_USAGE_5,CPU_USAGE_6,CPU_USAGE_7,SYSTEM_POWER (Watts),TOTAL_MEMORY,TOTAL_SWAP,USED_MEMORY,USED_SWAP
0,1729580934293,3228,3228,3228,3228,3228,3228,3228,3228,69.01451873779297,65.90801239013672,72.83312225341797,73.96614074707031,71.1457748413086,66.85430908203125,70.94746398925781,71.72203063964844,68.22813415527344,67.1668701171875,0,0,100,0,50,0,0,0,22.124284744262695,17179869184,22548578304,5742067712,21248278528
301,1729580934293,3228,3228,3228,3228,3228,3228,3228,3228,69.01451873779297,65.90801239013672,72.83312225341797,73.96614074707031,71.1457748413086,66.85430908203125,70.94746398925781,71.72203063964844,68.22813415527344,67.1668701171875,0,50,0,NaN,NaN,0,0,0,22.124284744262695,17179869184,22548578304,5742067712,21248278528
308,1729580934595,3228,3228,3228,3228,3228,3228,3228,3228,69.01451873779297,65.90801239013672,72.83312225341797,73.96614074707031,71.1457748413086,66.85430908203125,70.94746398925781,71.72203063964844,68.22813415527344,67.1668701171875,93.33333587646484,93.10344696044922,100,100,96.66666412353516,96.7741928100586,100,96.55171966552734,23.05377960205078,17179869184,22548578304,5742067712,21248278528
300,1729580934903,3228,3228,3228,3228,3228,3228,3228,3228,69.01451873779297,65.90801239013672,72.83312225341797,73.96614074707031,71.1457748413086,66.85430908203125,70.94746398925781,71.72203063964844,68.22813415527344,67.1668701171875,22.580644607543945,19.35483741760254,74.19355010986328,78.125,50,38.70967483520508,19.35483741760254,16.129032135009766,23.05377960205078,17179869184,22548578304,5822529536,21248278528
9,1729580935204,3228,3228,3228,3228,3228,3228,3228,3228,69.16777038574219,65.88324737548828,72.66850280761719,74.50093841552734,71.35157775878906,66.69081115722656,69.74114227294922,70.6117935180664,68.92755126953125,67.28544616699219,24.137929916381836,23.33333396911621,76.66666412353516,41.379310607910156,36.66666793823242,10.344827651977539,10,3.22580623626709,23.05377960205078,17179869184,22548578304,5760532480,21248278528
