Delta,Time,CPU_FREQUENCY_0,CPU_FREQUENCY_1,CPU_FREQUENCY_2,CPU_FREQUENCY_3,CPU_FREQUENCY_4,CPU_FREQUENCY_5,CPU_FREQUENCY_6,CPU_FREQUENCY_7,CPU_TEMP_0,CPU_TEMP_1,CPU_TEMP_2,CPU_TEMP_3,CPU_TEMP_4,CPU_TEMP_5,CPU_TEMP_6,CPU_TEMP_7,CPU_TEMP_8,CPU_TEMP_9,CPU_USAGE_0,CPU_USAGE_1,CPU_USAGE_2,CPU_USAGE_3,CPU_USAGE_4,CPU_USAGE_5,CPU_USAGE_6,CPU_USAGE_7,SYSTEM_POWER (Watts),TOTAL_MEMORY,TOTAL_SWAP,USED_MEMORY,USED_SWAP
0,1729593031099,3228,3228,3228,3228,3228,3228,3228,3228,62.09687042236328,58.19487380981445,63.9886474609375,65.38196563720703,64.18698120117188,60.439849853515625,61.8965950012207,61.37921905517578,60.491737365722656,60.35661315917969,100,50,0,0,0,0,0,0,11.490970611572266,17179869184,22548578304,4571250688,21060845568
309,1729593031099,3228,3228,3228,3228,3228,3228,3228,3228,62.09687042236328,58.19487380981445,63.9886474609375,65.38196563720703,64.18698120117188,60.439849853515625,61.8965950012207,61.37921905517578,60.491737365722656,60.35661315917969,0,50,50,100,0,0,0,0,11.490970611572266,17179869184,22548578304,4573167616,21060845568
9,1729593031409,3228,3228,3228,3228,3228,3228,3228,3228,60.3217658996582,57.161094665527344,60.95030212402344,61.976783752441406,61.65461730957031,59.00000762939453,59.23976516723633,60.116817474365234,60.00022506713867,59.8212890625,29.032257080078125,32.25806427001953,32.25806427001953,48.3870964050293,20,12.5,6.25,3.3333334922790527,11.490970611572266,17179869184,22548578304,4573167616,21060845568
