Delta,Time,CPU_FREQUENCY_0,CPU_FREQUENCY_1,CPU_FREQUENCY_2,CPU_FREQUENCY_3,CPU_FREQUENCY_4,CPU_FREQUENCY_5,CPU_FREQUENCY_6,CPU_FREQUENCY_7,CPU_TEMP_0,CPU_TEMP_1,CPU_TEMP_2,CPU_TEMP_3,CPU_TEMP_4,CPU_TEMP_5,CPU_TEMP_6,CPU_TEMP_7,CPU_TEMP_8,CPU_TEMP_9,CPU_USAGE_0,CPU_USAGE_1,CPU_USAGE_2,CPU_USAGE_3,CPU_USAGE_4,CPU_USAGE_5,CPU_USAGE_6,CPU_USAGE_7,SYSTEM_POWER (Watts),TOTAL_MEMORY,TOTAL_SWAP,USED_MEMORY,USED_SWAP
0,1729533461260,3228,3228,3228,3228,3228,3228,3228,3228,69.7908935546875,65.38676452636719,73.57855987548828,74.91787719726563,72.818115234375,67.20223999023438,71.80003356933594,70.44266510009766,67.3734130859375,66.31744384765625,0,100,NaN,100,100,50,0,0,26.653066635131836,17179869184,19327352832,8487600128,18683133952
309,1729533461260,3228,3228,3228,3228,3228,3228,3228,3228,69.7908935546875,65.38676452636719,73.57855987548828,74.91787719726563,72.818115234375,67.20223999023438,71.80003356933594,70.44266510009766,67.3734130859375,66.31744384765625,100,0,100,100,NaN,NaN,NaN,0,26.653066635131836,17179869184,19327352832,8487600128,18683133952
306,1729533461570,3228,3228,3228,3228,3228,3228,3228,3228,69.7908935546875,65.38676452636719,73.57855987548828,74.91787719726563,72.818115234375,67.20223999023438,71.80003356933594,70.44266510009766,67.3734130859375,66.31744384765625,80,80,96.7741928100586,96.66666412353516,90.625,93.54838562011719,90.32257843017578,86.66666412353516,25.39266586303711,17179869184,19327352832,8487600128,18683133952
6,1729533461877,3228,3228,3228,3228,3228,3228,3228,3228,69.86700439453125,66.8066635131836,74.17399597167969,75.9911117553711,73.23262786865234,67.54046630859375,73.82725524902344,72.96748352050781,69.71861267089844,67.52391052246094,19.35483741760254,23.33333396911621,83.87096405029297,80.6451644897461,70,70.96774291992188,30.000001907348633,9.375,25.39266586303711,17179869184,19327352832,8474640384,18683133952
