Delta,Time,CPU_FREQUENCY_0,CPU_FREQUENCY_1,CPU_FREQUENCY_2,CPU_FREQUENCY_3,CPU_FREQUENCY_4,CPU_FREQUENCY_5,CPU_FREQUENCY_6,CPU_FREQUENCY_7,CPU_TEMP_0,CPU_TEMP_1,CPU_TEMP_2,CPU_TEMP_3,CPU_TEMP_4,CPU_TEMP_5,CPU_TEMP_6,CPU_TEMP_7,CPU_TEMP_8,CPU_TEMP_9,CPU_USAGE_0,CPU_USAGE_1,CPU_USAGE_2,CPU_USAGE_3,CPU_USAGE_4,CPU_USAGE_5,CPU_USAGE_6,CPU_USAGE_7,SYSTEM_POWER (Watts),TOTAL_MEMORY,TOTAL_SWAP,USED_MEMORY,USED_SWAP
0,1729544953097,3228,3228,3228,3228,3228,3228,3228,3228,61.9647102355957,59.59739303588867,59.812416076660156,60.967830657958984,61.87469482421875,60.02957534790039,59.99457931518555,60.37213134765625,62.64525604248047,62.199913024902344,0,0,0,0,0,0,0,0,5.172524452209473,17179869184,21474836480,6011469824,20260454400
309,1729544953097,3228,3228,3228,3228,3228,3228,3228,3228,61.9647102355957,59.59739303588867,59.812416076660156,60.967830657958984,61.87469482421875,60.02957534790039,59.99457931518555,60.37213134765625,62.64525604248047,62.199913024902344,NaN,0,100,0,NaN,0,NaN,0,5.172524452209473,17179869184,21474836480,6013665280,20260454400
303,1729544953407,3228,3228,3228,3228,3228,3228,3228,3228,62.069034576416016,59.0836067199707,60.42938995361328,61.62029266357422,61.762290954589844,59.94888687133789,59.966827392578125,60.474063873291016,62.37554931640625,61.833580017089844,32.25806427001953,26.666667938232422,60.000003814697266,70.96774291992188,48.3870964050293,43.33333206176758,41.935482025146484,41.935482025146484,5.172524452209473,17179869184,21474836480,6013665280,20260454400
9,1729544953711,3228,3228,3228,3228,3228,3228,3228,3228,62.069034576416016,59.0836067199707,60.42938995361328,61.62029266357422,61.762290954589844,59.94888687133789,59.966827392578125,60.474063873291016,62.37554931640625,61.833580017089844,16.666667938232422,10,61.29032516479492,60.000003814697266,43.33333206176758,48.3870964050293,40,36.66666793823242,4.878511905670166,17179869184,21474836480,6223626240,20260454400
