Delta,Time,CPU_FREQUENCY_0,CPU_FREQUENCY_1,CPU_FREQUENCY_2,CPU_FREQUENCY_3,CPU_FREQUENCY_4,CPU_FREQUENCY_5,CPU_FREQUENCY_6,CPU_FREQUENCY_7,CPU_TEMP_0,CPU_TEMP_1,CPU_TEMP_2,CPU_TEMP_3,CPU_TEMP_4,CPU_TEMP_5,CPU_TEMP_6,CPU_TEMP_7,CPU_TEMP_8,CPU_TEMP_9,CPU_USAGE_0,CPU_USAGE_1,CPU_USAGE_2,CPU_USAGE_3,CPU_USAGE_4,CPU_USAGE_5,CPU_USAGE_6,CPU_USAGE_7,SYSTEM_POWER (Watts),TOTAL_MEMORY,TOTAL_SWAP,USED_MEMORY,USED_SWAP
0,1729593935273,3228,3228,3228,3228,3228,3228,3228,3228,68.82508087158203,64.62770080566406,71.09505462646484,72.36865234375,70.11214447021484,66.52852630615234,68.85745239257813,68.67642211914063,67.5435791015625,66.63329315185547,0,NaN,NaN,100,0,NaN,0,0,17.54376792907715,17179869184,22548578304,5150425088,20985348096
305,1729593935273,3228,3228,3228,3228,3228,3228,3228,3228,68.82508087158203,64.62770080566406,71.09505462646484,72.36865234375,70.11214447021484,66.52852630615234,68.85745239257813,68.67642211914063,67.5435791015625,66.63329315185547,NaN,0,0,0,NaN,0,0,0,17.54376792907715,17179869184,22548578304,5154177024,20985348096
300,1729593935579,3228,3228,3228,3228,3228,3228,3228,3228,68.82508087158203,64.62770080566406,71.09505462646484,72.36865234375,70.11214447021484,66.52852630615234,68.85745239257813,68.67642211914063,67.5435791015625,66.63329315185547,96.66666412353516,96.7741928100586,100,100,96.875,100,96.7741928100586,96.66666412353516,17.54376792907715,17179869184,22548578304,5154177024,20985348096
303,1729593935879,3228,3228,3228,3228,3228,3228,3228,3228,68.82508087158203,64.62770080566406,71.09505462646484,72.36865234375,70.11214447021484,66.52852630615234,68.85745239257813,68.67642211914063,67.5435791015625,66.63329315185547,43.33333206176758,43.33333206176758,83.33332824707031,77.41934967041016,75.86206817626953,79.31034851074219,75.86206817626953,83.33332824707031,22.34830665588379,17179869184,22548578304,5223874560,20985348096
9,1729593936183,3228,3228,3228,3228,3228,3228,3228,3228,68.82508087158203,64.62770080566406,71.09505462646484,72.36865234375,70.11214447021484,66.52852630615234,68.85745239257813,68.67642211914063,67.5435791015625,66.63329315185547,43.33333206176758,37.931034088134766,80,76.66666412353516,77.41934967041016,76.66666412353516,71.875,67.74193572998047,22.34830665588379,17179869184,22548578304,5164351488,20976959488
