Delta,Time,CPU_FREQUENCY_0,CPU_FREQUENCY_1,CPU_FREQUENCY_2,CPU_FREQUENCY_3,CPU_FREQUENCY_4,CPU_FREQUENCY_5,CPU_FREQUENCY_6,CPU_FREQUENCY_7,CPU_TEMP_0,CPU_TEMP_1,CPU_TEMP_2,CPU_TEMP_3,CPU_TEMP_4,CPU_TEMP_5,CPU_TEMP_6,CPU_TEMP_7,CPU_TEMP_8,CPU_TEMP_9,CPU_USAGE_0,CPU_USAGE_1,CPU_USAGE_2,CPU_USAGE_3,CPU_USAGE_4,CPU_USAGE_5,CPU_USAGE_6,CPU_USAGE_7,SYSTEM_POWER (Watts),TOTAL_MEMORY,TOTAL_SWAP,USED_MEMORY,USED_SWAP
0,1729566005405,3228,3228,3228,3228,3228,3228,3228,3228,65.38574981689453,63.258548736572266,64.3420639038086,65.61990356445313,65.65048217773438,63.88999557495117,64.27837371826172,64.71627807617188,66.0252685546875,65.62914276123047,50,0,50,0,0,0,0,0,4.7774200439453125,17179869184,22548578304,4848680960,21248278528
307,1729566005406,3228,3228,3228,3228,3228,3228,3228,3228,65.38574981689453,63.258548736572266,64.3420639038086,65.61990356445313,65.65048217773438,63.88999557495117,64.27837371826172,64.71627807617188,66.0252685546875,65.62914276123047,0,0,NaN,100,0,0,50,0,4.7774200439453125,17179869184,22548578304,4851531776,21248278528
309,1729566005713,3228,3228,3228,3228,3228,3228,3228,3228,66.10599517822266,63.80764389038086,66.17155456542969,67.77705383300781,66.90882110595703,64.67922973632813,65.67194366455078,66.28719329833984,66.71082305908203,66.1107406616211,83.87096405029297,83.33332824707031,93.54838562011719,93.54838562011719,93.33333587646484,90.32257843017578,90,90,4.7774200439453125,17179869184,22548578304,4946608128,21248278528
305,1729566006022,3228,3228,3228,3228,3228,3228,3228,3228,66.10599517822266,63.80764389038086,66.17155456542969,67.77705383300781,66.90882110595703,64.67922973632813,65.67194366455078,66.28719329833984,66.71082305908203,66.1107406616211,16.129032135009766,12.90322494506836,80.6451644897461,70.96774291992188,70.96774291992188,72.41378784179688,58.06451416015625,61.29032516479492,4.7774200439453125,17179869184,22548578304,4965924864,21248278528
9,1729566006328,3228,3228,3228,3228,3228,3228,3228,3228,66.10599517822266,63.80764389038086,66.17155456542969,67.77705383300781,66.90882110595703,64.67922973632813,65.67194366455078,66.28719329833984,66.71082305908203,66.1107406616211,20,16.129032135009766,86.66666412353516,75.86206817626953,66.66667175292969,59.375,41.935482025146484,33.333335876464844,5.659182071685791,17179869184,22548578304,4904255488,21248278528
