Delta,Time,CPU_FREQUENCY_0,CPU_FREQUENCY_1,CPU_FREQUENCY_2,CPU_FREQUENCY_3,CPU_FREQUENCY_4,CPU_FREQUENCY_5,CPU_FREQUENCY_6,CPU_FREQUENCY_7,CPU_TEMP_0,CPU_TEMP_1,CPU_TEMP_2,CPU_TEMP_3,CPU_TEMP_4,CPU_TEMP_5,CPU_TEMP_6,CPU_TEMP_7,CPU_TEMP_8,CPU_TEMP_9,CPU_USAGE_0,CPU_USAGE_1,CPU_USAGE_2,CPU_USAGE_3,CPU_USAGE_4,CPU_USAGE_5,CPU_USAGE_6,CPU_USAGE_7,SYSTEM_POWER (Watts),TOTAL_MEMORY,TOTAL_SWAP,USED_MEMORY,USED_SWAP
0,1729532472825,3228,3228,3228,3228,3228,3228,3228,3228,64.38447570800781,60.33127212524414,66.81312561035156,67.90135192871094,66.65834045410156,62.66288375854492,64.80580139160156,64.20155334472656,63.896053314208984,62.584983825683594,0,NaN,NaN,0,NaN,50,0,NaN,6.246219158172607,17179869184,19327352832,6809534464,18691522560
309,1729532472825,3228,3228,3228,3228,3228,3228,3228,3228,64.38447570800781,60.33127212524414,66.81312561035156,67.90135192871094,66.65834045410156,62.66288375854492,64.80580139160156,64.20155334472656,63.896053314208984,62.584983825683594,0,0,NaN,NaN,0,NaN,NaN,0,6.246219158172607,17179869184,19327352832,6809534464,18691522560
309,1729532473135,3228,3228,3228,3228,3228,3228,3228,3228,67.76053619384766,64.50324249267578,72.95328521728516,74.15502166748047,70.4452133178711,65.91948699951172,72.42094421386719,71.33839416503906,67.95289611816406,66.0544662475586,40,26.666667938232422,83.33332824707031,83.87096405029297,80,90,74.19355010986328,70.96774291992188,6.246219158172607,17179869184,19327352832,6809534464,18691522560
309,1729532473444,3228,3228,3228,3228,3228,3228,3228,3228,67.76053619384766,64.50324249267578,72.95328521728516,74.15502166748047,70.4452133178711,65.91948699951172,72.42094421386719,71.33839416503906,67.95289611816406,66.0544662475586,53.333335876464844,51.61289978027344,75,70.96774291992188,62.5,59.375,54.83871078491211,51.61289978027344,23.302539825439453,17179869184,19327352832,7551057920,18691522560
10,1729532473755,3228,3228,3228,3228,3228,3228,3228,3228,67.76053619384766,64.50324249267578,72.95328521728516,74.15502166748047,70.4452133178711,65.91948699951172,72.42094421386719,71.33839416503906,67.95289611816406,66.0544662475586,12.90322494506836,10,9.67741870880127,9.375,0,0,0,0,23.302539825439453,17179869184,19327352832,6940819456,18691522560
