Delta,Time,CPU_FREQUENCY_0,CPU_FREQUENCY_1,CPU_FREQUENCY_2,CPU_FREQUENCY_3,CPU_FREQUENCY_4,CPU_FREQUENCY_5,CPU_FREQUENCY_6,CPU_FREQUENCY_7,CPU_TEMP_0,CPU_TEMP_1,CPU_TEMP_2,CPU_TEMP_3,CPU_TEMP_4,CPU_TEMP_5,CPU_TEMP_6,CPU_TEMP_7,CPU_TEMP_8,CPU_TEMP_9,CPU_USAGE_0,CPU_USAGE_1,CPU_USAGE_2,CPU_USAGE_3,CPU_USAGE_4,CPU_USAGE_5,CPU_USAGE_6,CPU_USAGE_7,SYSTEM_POWER (Watts),TOTAL_MEMORY,TOTAL_SWAP,USED_MEMORY,USED_SWAP
0,1729591509361,3228,3228,3228,3228,3228,3228,3228,3228,59.22589874267578,56.710426330566406,58.76506805419922,60.03593063354492,59.6549072265625,57.255653381347656,57.61760330200195,58.16411590576172,59.478126525878906,58.566627502441406,0,0,50,0,0,0,0,0,4.79607629776001,17179869184,22548578304,4876206080,21060845568
309,1729591509361,3228,3228,3228,3228,3228,3228,3228,3228,59.22589874267578,56.710426330566406,58.76506805419922,60.03593063354492,59.6549072265625,57.255653381347656,57.61760330200195,58.16411590576172,59.478126525878906,58.566627502441406,NaN,NaN,NaN,100,0,0,0,NaN,4.79607629776001,17179869184,22548578304,4878483456,21060845568
304,1729591509671,3228,3228,3228,3228,3228,3228,3228,3228,59.22589874267578,56.710426330566406,58.76506805419922,60.03593063354492,59.6549072265625,57.255653381347656,57.61760330200195,58.16411590576172,59.478126525878906,58.566627502441406,62.5,59.375,61.29032516479492,86.66666412353516,60.000003814697266,61.29032516479492,53.333335876464844,53.125,4.769985675811768,17179869184,22548578304,6617628672,21060845568
9,1729591509976,3228,3228,3228,3228,3228,3228,3228,3228,59.22589874267578,56.710426330566406,58.76506805419922,60.03593063354492,59.6549072265625,57.255653381347656,57.61760330200195,58.16411590576172,59.478126525878906,58.566627502441406,48.27585983276367,53.333335876464844,90,87.5,78.125,71.875,56.66666793823242,60.000003814697266,4.769985675811768,17179869184,22548578304,4941611008,21060845568
