Delta,Time,CPU_FREQUENCY_0,CPU_FREQUENCY_1,CPU_FREQUENCY_2,CPU_FREQUENCY_3,CPU_FREQUENCY_4,CPU_FREQUENCY_5,CPU_FREQUENCY_6,CPU_FREQUENCY_7,CPU_TEMP_0,CPU_TEMP_1,CPU_TEMP_2,CPU_TEMP_3,CPU_TEMP_4,CPU_TEMP_5,CPU_TEMP_6,CPU_TEMP_7,CPU_TEMP_8,CPU_TEMP_9,CPU_USAGE_0,CPU_USAGE_1,CPU_USAGE_2,CPU_USAGE_3,CPU_USAGE_4,CPU_USAGE_5,CPU_USAGE_6,CPU_USAGE_7,SYSTEM_POWER (Watts),TOTAL_MEMORY,TOTAL_SWAP,USED_MEMORY,USED_SWAP
0,1729567257629,3228,3228,3228,3228,3228,3228,3228,3228,70.63288879394531,67.15848541259766,73.27912902832031,74.99554443359375,72.85187530517578,69.35099792480469,70.76731872558594,71.47322082519531,69.80557250976563,68.8955307006836,50,0,0,100,0,0,0,NaN,6.0314555168151855,17179869184,22548578304,4761305088,21248278528
307,1729567257629,3228,3228,3228,3228,3228,3228,3228,3228,70.63288879394531,67.15848541259766,73.27912902832031,74.99554443359375,72.85187530517578,69.35099792480469,70.76731872558594,71.47322082519531,69.80557250976563,68.8955307006836,NaN,NaN,100,0,100,NaN,NaN,0,6.0314555168151855,17179869184,22548578304,4762959872,21248278528
8,1729567257937,3228,3228,3228,3228,3228,3228,3228,3228,74.980712890625,71.4210205078125,80.15756225585938,82.24181365966797,78.33726501464844,73.2503433227539,77.64210510253906,78.51898193359375,74.08116149902344,72.56647491455078,32.25806427001953,32.25806427001953,64.51612854003906,70,56.66666793823242,35.48387145996094,25.80644989013672,16.129032135009766,6.0314555168151855,17179869184,22548578304,4815142912,21248278528
