Delta,Time,CPU_FREQUENCY_0,CPU_FREQUENCY_1,CPU_FREQUENCY_2,CPU_FREQUENCY_3,CPU_FREQUENCY_4,CPU_FREQUENCY_5,CPU_FREQUENCY_6,CPU_FREQUENCY_7,CPU_TEMP_0,CPU_TEMP_1,CPU_TEMP_2,CPU_TEMP_3,CPU_TEMP_4,CPU_TEMP_5,CPU_TEMP_6,CPU_TEMP_7,CPU_TEMP_8,CPU_TEMP_9,CPU_USAGE_0,CPU_USAGE_1,CPU_USAGE_2,CPU_USAGE_3,CPU_USAGE_4,CPU_USAGE_5,CPU_USAGE_6,CPU_USAGE_7,SYSTEM_POWER (Watts),TOTAL_MEMORY,TOTAL_SWAP,USED_MEMORY,USED_SWAP
0,1729573709286,3228,3228,3228,3228,3228,3228,3228,3228,63.283653259277344,58.6396484375,65.89462280273438,66.65882873535156,64.2848129272461,60.44962692260742,61.539249420166016,62.73561096191406,60.46192169189453,61.05528259277344,0,100,100,100,50,100,50,50,6.157308101654053,17179869184,22548578304,4691476480,21248278528
308,1729573709286,3228,3228,3228,3228,3228,3228,3228,3228,63.283653259277344,58.6396484375,65.89462280273438,66.65882873535156,64.2848129272461,60.44962692260742,61.539249420166016,62.73561096191406,60.46192169189453,61.05528259277344,100,0,100,100,NaN,NaN,NaN,NaN,6.157308101654053,17179869184,22548578304,4696457216,21248278528
9,1729573709595,3228,3228,3228,3228,3228,3228,3228,3228,63.283653259277344,58.6396484375,65.89462280273438,66.65882873535156,64.2848129272461,60.44962692260742,61.539249420166016,62.73561096191406,60.46192169189453,61.05528259277344,50,43.33333206176758,80.6451644897461,70.96774291992188,65.625,75.75757598876953,61.29032516479492,48.3870964050293,6.157308101654053,17179869184,22548578304,4696457216,21248278528
