Delta,Time,CPU_FREQUENCY_0,CPU_FREQUENCY_1,CPU_FREQUENCY_2,CPU_FREQUENCY_3,CPU_FREQUENCY_4,CPU_FREQUENCY_5,CPU_FREQUENCY_6,CPU_FREQUENCY_7,CPU_TEMP_0,CPU_TEMP_1,CPU_TEMP_2,CPU_TEMP_3,CPU_TEMP_4,CPU_TEMP_5,CPU_TEMP_6,CPU_TEMP_7,CPU_TEMP_8,CPU_TEMP_9,CPU_USAGE_0,CPU_USAGE_1,CPU_USAGE_2,CPU_USAGE_3,CPU_USAGE_4,CPU_USAGE_5,CPU_USAGE_6,CPU_USAGE_7,SYSTEM_POWER (Watts),TOTAL_MEMORY,TOTAL_SWAP,USED_MEMORY,USED_SWAP
0,1729541531569,3228,3228,3228,3228,3228,3228,3228,3228,59.48598861694336,55.5715446472168,58.96136474609375,59.891563415527344,60.24427032470703,57.7752571105957,58.0883674621582,57.963314056396484,59.484317779541016,58.38505554199219,0,0,100,100,0,50,100,100,4.707036018371582,17179869184,21474836480,6035980288,20369506304
300,1729541531569,3228,3228,3228,3228,3228,3228,3228,3228,59.48598861694336,55.5715446472168,58.96136474609375,59.891563415527344,60.24427032470703,57.7752571105957,58.0883674621582,57.963314056396484,59.484317779541016,58.38505554199219,100,0,100,NaN,100,100,50,100,4.707036018371582,17179869184,21474836480,6035980288,20369506304
309,1729541531870,3228,3228,3228,3228,3228,3228,3228,3228,59.48598861694336,55.5715446472168,58.96136474609375,59.891563415527344,60.24427032470703,57.7752571105957,58.0883674621582,57.963314056396484,59.484317779541016,58.38505554199219,77.41934967041016,80.6451644897461,96.66666412353516,96.7741928100586,96.66666412353516,100,89.6551742553711,86.20689392089844,4.707036018371582,17179869184,21474836480,6035980288,20369506304
9,1729541532180,3228,3228,3228,3228,3228,3228,3228,3228,66.1596908569336,61.78110885620117,70.76126861572266,72.74376678466797,69.48645782470703,63.969749450683594,69.41812133789063,69.15544128417969,66.80059814453125,63.6348876953125,23.33333396911621,20,90,87.09677124023438,81.25,61.29032516479492,48.3870964050293,35.48387145996094,4.707036018371582,17179869184,21474836480,6064275456,20369506304
