Delta,Time,CPU_FREQUENCY_0,CPU_FREQUENCY_1,CPU_FREQUENCY_2,CPU_FREQUENCY_3,CPU_FREQUENCY_4,CPU_FREQUENCY_5,CPU_FREQUENCY_6,CPU_FREQUENCY_7,CPU_TEMP_0,CPU_TEMP_1,CPU_TEMP_2,CPU_TEMP_3,CPU_TEMP_4,CPU_TEMP_5,CPU_TEMP_6,CPU_TEMP_7,CPU_TEMP_8,CPU_TEMP_9,CPU_USAGE_0,CPU_USAGE_1,CPU_USAGE_2,CPU_USAGE_3,CPU_USAGE_4,CPU_USAGE_5,CPU_USAGE_6,CPU_USAGE_7,SYSTEM_POWER (Watts),TOTAL_MEMORY,TOTAL_SWAP,USED_MEMORY,USED_SWAP
0,1729573973332,3228,3228,3228,3228,3228,3228,3228,3228,70.19502258300781,65.94375610351563,74.98693084716797,77.34459686279297,71.97826385498047,67.78985595703125,73.93086242675781,74.15400695800781,68.87004852294922,67.81612396240234,50,0,0,0,0,0,0,0,23.644262313842773,17179869184,22548578304,4707614720,21248278528
304,1729573973332,3228,3228,3228,3228,3228,3228,3228,3228,70.19502258300781,65.94375610351563,74.98693084716797,77.34459686279297,71.97826385498047,67.78985595703125,73.93086242675781,74.15400695800781,68.87004852294922,67.81612396240234,NaN,0,NaN,0,NaN,0,0,0,23.644262313842773,17179869184,22548578304,4710924288,21248278528
10,1729573973637,3228,3228,3228,3228,3228,3228,3228,3228,70.19502258300781,65.94375610351563,74.98693084716797,77.34459686279297,71.97826385498047,67.78985595703125,73.93086242675781,74.15400695800781,68.87004852294922,67.81612396240234,25.80644989013672,22.580644607543945,32.25806427001953,38.70967483520508,26.666667938232422,9.67741870880127,6.45161247253418,0,23.644262313842773,17179869184,22548578304,4750753792,21248278528
