Delta,Time,CPU_FREQUENCY_0,CPU_FREQUENCY_1,CPU_FREQUENCY_2,CPU_FREQUENCY_3,CPU_FREQUENCY_4,CPU_FREQUENCY_5,CPU_FREQUENCY_6,CPU_FREQUENCY_7,CPU_TEMP_0,CPU_TEMP_1,CPU_TEMP_2,CPU_TEMP_3,CPU_TEMP_4,CPU_TEMP_5,CPU_TEMP_6,CPU_TEMP_7,CPU_TEMP_8,CPU_TEMP_9,CPU_USAGE_0,CPU_USAGE_1,CPU_USAGE_2,CPU_USAGE_3,CPU_USAGE_4,CPU_USAGE_5,CPU_USAGE_6,CPU_USAGE_7,SYSTEM_POWER (Watts),TOTAL_MEMORY,TOTAL_SWAP,USED_MEMORY,USED_SWAP
0,1729567300195,3228,3228,3228,3228,3228,3228,3228,3228,70.58345794677734,67.15182495117188,75.32551574707031,77.60958099365234,72.79655456542969,68.57178497314453,74.20004272460938,74.51963806152344,70.2306900024414,68.59871673583984,0,0,100,0,0,0,0,0,21.138954162597656,17179869184,22548578304,5312315392,21248278528
300,1729567300195,3228,3228,3228,3228,3228,3228,3228,3228,70.58345794677734,67.15182495117188,75.32551574707031,77.60958099365234,72.79655456542969,68.57178497314453,74.20004272460938,74.51963806152344,70.2306900024414,68.59871673583984,50,0,100,100,50,0,0,0,21.138954162597656,17179869184,22548578304,5316722688,21248278528
308,1729567300496,3228,3228,3228,3228,3228,3228,3228,3228,70.58345794677734,67.15182495117188,75.32551574707031,77.60958099365234,72.79655456542969,68.57178497314453,74.20004272460938,74.51963806152344,70.2306900024414,68.59871673583984,60.000003814697266,56.66666793823242,93.33333587646484,90,86.20689392089844,90,82.75862121582031,83.33332824707031,21.138954162597656,17179869184,22548578304,5316722688,21248278528
10,1729567300805,3228,3228,3228,3228,3228,3228,3228,3228,69.9473876953125,67.39588165283203,72.74767303466797,74.53241729736328,71.57676696777344,68.02831268310547,72.30924987792969,72.2751235961914,70.55599975585938,68.84950256347656,26.666667938232422,23.33333396911621,54.83871078491211,40,43.75,30.000001907348633,34.375,23.33333396911621,21.138954162597656,17179869184,22548578304,5482577920,21248278528
