Delta,Time,CPU_FREQUENCY_0,CPU_FREQUENCY_1,CPU_FREQUENCY_2,CPU_FREQUENCY_3,CPU_FREQUENCY_4,CPU_FREQUENCY_5,CPU_FREQUENCY_6,CPU_FREQUENCY_7,CPU_TEMP_0,CPU_TEMP_1,CPU_TEMP_2,CPU_TEMP_3,CPU_TEMP_4,CPU_TEMP_5,CPU_TEMP_6,CPU_TEMP_7,CPU_TEMP_8,CPU_TEMP_9,CPU_USAGE_0,CPU_USAGE_1,CPU_USAGE_2,CPU_USAGE_3,CPU_USAGE_4,CPU_USAGE_5,CPU_USAGE_6,CPU_USAGE_7,SYSTEM_POWER (Watts),TOTAL_MEMORY,TOTAL_SWAP,USED_MEMORY,USED_SWAP
0,1729551310746,3228,3228,3228,3228,3228,3228,3228,3228,60.89326477050781,57.663658142089844,59.429359436035156,60.84978103637695,60.59910583496094,59.2856559753418,59.47001647949219,59.750213623046875,61.29464340209961,60.188026428222656,0,0,100,0,0,0,0,0,21.079574584960938,17179869184,21474836480,6010585088,20758528000
302,1729551310746,3228,3228,3228,3228,3228,3228,3228,3228,60.89326477050781,57.663658142089844,59.429359436035156,60.84978103637695,60.59910583496094,59.2856559753418,59.47001647949219,59.750213623046875,61.29464340209961,60.188026428222656,50,50,0,66.66667175292969,0,0,0,0,9.91490364074707,17179869184,21474836480,6013550592,20758528000
309,1729551311049,3228,3228,3228,3228,3228,3228,3228,3228,60.89326477050781,57.663658142089844,59.429359436035156,60.84978103637695,60.59910583496094,59.2856559753418,59.47001647949219,59.750213623046875,61.29464340209961,60.188026428222656,93.33333587646484,90,100,93.33333587646484,90,93.33333587646484,90.32257843017578,90,9.91490364074707,17179869184,21474836480,6013550592,20758528000
300,1729551311359,3228,3228,3228,3228,3228,3228,3228,3228,62.594364166259766,59.39692687988281,63.77815246582031,65.7348861694336,62.8807373046875,60.76213455200195,62.17884826660156,62.55580520629883,63.00729751586914,61.49987030029297,13.333333969116211,16.129032135009766,53.125,61.29032516479492,9.67741870880127,3.22580623626709,6.6666669845581055,6.45161247253418,9.91490364074707,17179869184,21474836480,6053691392,20758528000
10,1729551311660,3228,3228,3228,3228,3228,3228,3228,3228,62.594364166259766,59.39692687988281,63.77815246582031,65.7348861694336,62.8807373046875,60.76213455200195,62.17884826660156,62.55580520629883,63.00729751586914,61.49987030029297,41.935482025146484,34.482757568359375,20,0,0,0,0,0,9.91490364074707,17179869184,21474836480,5991530496,20758528000
