Delta,Time,CPU_FREQUENCY_0,CPU_FREQUENCY_1,CPU_FREQUENCY_2,CPU_FREQUENCY_3,CPU_FREQUENCY_4,CPU_FREQUENCY_5,CPU_FREQUENCY_6,CPU_FREQUENCY_7,CPU_TEMP_0,CPU_TEMP_1,CPU_TEMP_2,CPU_TEMP_3,CPU_TEMP_4,CPU_TEMP_5,CPU_TEMP_6,CPU_TEMP_7,CPU_TEMP_8,CPU_TEMP_9,CPU_USAGE_0,CPU_USAGE_1,CPU_USAGE_2,CPU_USAGE_3,CPU_USAGE_4,CPU_USAGE_5,CPU_USAGE_6,CPU_USAGE_7,SYSTEM_POWER (Watts),TOTAL_MEMORY,TOTAL_SWAP,USED_MEMORY,USED_SWAP
0,1729594822620,3228,3228,3228,3228,3228,3228,3228,3228,66.46678161621094,63.26041793823242,67.77308654785156,69.16886901855469,67.70806884765625,64.39864349365234,65.43952941894531,66.14093017578125,65.4183578491211,64.78279876708984,50,0,100,0,100,50,50,0,5.557150363922119,17179869184,22548578304,5311414272,20968570880
308,1729594822621,3228,3228,3228,3228,3228,3228,3228,3228,66.46678161621094,63.26041793823242,67.77308654785156,69.16886901855469,67.70806884765625,64.39864349365234,65.43952941894531,66.14093017578125,65.4183578491211,64.78279876708984,50,0,100,100,100,100,100,100,5.557150363922119,17179869184,22548578304,5311414272,20968570880
299,1729594822929,3228,3228,3228,3228,3228,3228,3228,3228,66.46678161621094,63.26041793823242,67.77308654785156,69.16886901855469,67.70806884765625,64.39864349365234,65.43952941894531,66.14093017578125,65.4183578491211,64.78279876708984,93.33333587646484,93.75,96.7741928100586,96.66666412353516,96.7741928100586,100,100,96.66666412353516,6.054651260375977,17179869184,22548578304,5311414272,20968570880
307,1729594823229,3228,3228,3228,3228,3228,3228,3228,3228,66.46678161621094,63.26041793823242,67.77308654785156,69.16886901855469,67.70806884765625,64.39864349365234,65.43952941894531,66.14093017578125,65.4183578491211,64.78279876708984,46.66666793823242,37.931034088134766,86.66666412353516,93.33333587646484,90.32257843017578,90,75.86206817626953,80,6.054651260375977,17179869184,22548578304,5444239360,20968570880
8,1729594823537,3228,3228,3228,3228,3228,3228,3228,3228,72.17819213867188,69.67654418945313,77.27889251708984,79.78433227539063,75.1918716430664,69.92374420166016,76.50765991210938,77.13226318359375,73.27999114990234,70.36492156982422,41.379310607910156,38.70967483520508,90.32257843017578,83.87096405029297,83.33332824707031,51.61289978027344,54.83871078491211,45.16128921508789,6.054651260375977,17179869184,22548578304,5403770880,20968570880
