Delta,Time,CPU_FREQUENCY_0,CPU_FREQUENCY_1,CPU_FREQUENCY_2,CPU_FREQUENCY_3,CPU_FREQUENCY_4,CPU_FREQUENCY_5,CPU_FREQUENCY_6,CPU_FREQUENCY_7,CPU_TEMP_0,CPU_TEMP_1,CPU_TEMP_2,CPU_TEMP_3,CPU_TEMP_4,CPU_TEMP_5,CPU_TEMP_6,CPU_TEMP_7,CPU_TEMP_8,CPU_TEMP_9,CPU_USAGE_0,CPU_USAGE_1,CPU_USAGE_2,CPU_USAGE_3,CPU_USAGE_4,CPU_USAGE_5,CPU_USAGE_6,CPU_USAGE_7,SYSTEM_POWER (Watts),TOTAL_MEMORY,TOTAL_SWAP,USED_MEMORY,USED_SWAP
0,1729571352183,3228,3228,3228,3228,3228,3228,3228,3228,62.47568893432617,59.89727783203125,62.23643493652344,62.13290786743164,62.730369567871094,61.07521438598633,60.854549407958984,61.52071762084961,63.19687271118164,63.05267333984375,100,0,0,0,0,0,0,0,14.330314636230469,17179869184,22548578304,5912838144,21248278528
307,1729571352183,3228,3228,3228,3228,3228,3228,3228,3228,62.47568893432617,59.89727783203125,62.23643493652344,62.13290786743164,62.730369567871094,61.07521438598633,60.854549407958984,61.52071762084961,63.19687271118164,63.05267333984375,0,50,0,0,0,0,NaN,0,14.330314636230469,17179869184,22548578304,5912838144,21248278528
309,1729571352491,3228,3228,3228,3228,3228,3228,3228,3228,62.47568893432617,59.89727783203125,62.23643493652344,62.13290786743164,62.730369567871094,61.07521438598633,60.854549407958984,61.52071762084961,63.19687271118164,63.05267333984375,93.54838562011719,93.54838562011719,100,93.33333587646484,90,90.32257843017578,90.32257843017578,86.66666412353516,5.314262866973877,17179869184,22548578304,5912838144,21248278528
9,1729571352801,3228,3228,3228,3228,3228,3228,3228,3228,65.07849884033203,62.094512939453125,67.16281127929688,67.11260223388672,66.32469177246094,63.47734451293945,65.1246109008789,65.52377319335938,65.82347106933594,64.9017105102539,6.45161247253418,9.67741870880127,50,19.35483741760254,28.125,25,12.5,3.22580623626709,5.314262866973877,17179869184,22548578304,5926240256,21248278528
