Delta,Time,CPU_FREQUENCY_0,CPU_FREQUENCY_1,CPU_FREQUENCY_2,CPU_FREQUENCY_3,CPU_FREQUENCY_4,CPU_FREQUENCY_5,CPU_FREQUENCY_6,CPU_FREQUENCY_7,CPU_TEMP_0,CPU_TEMP_1,CPU_TEMP_2,CPU_TEMP_3,CPU_TEMP_4,CPU_TEMP_5,CPU_TEMP_6,CPU_TEMP_7,CPU_TEMP_8,CPU_TEMP_9,CPU_USAGE_0,CPU_USAGE_1,CPU_USAGE_2,CPU_USAGE_3,CPU_USAGE_4,CPU_USAGE_5,CPU_USAGE_6,CPU_USAGE_7,SYSTEM_POWER (Watts),TOTAL_MEMORY,TOTAL_SWAP,USED_MEMORY,USED_SWAP
0,1729554922032,3228,3228,3228,3228,3228,3228,3228,3228,64.8995590209961,62.801937103271484,63.86150360107422,65.32988739013672,65.51301574707031,63.48381423950195,63.447608947753906,64.23983001708984,65.54199981689453,65.25211334228516,50,0,50,50,0,0,0,0,4.831727027893066,17179869184,21474836480,4916527104,20798832640
306,1729554922032,3228,3228,3228,3228,3228,3228,3228,3228,64.8995590209961,62.801937103271484,63.86150360107422,65.32988739013672,65.51301574707031,63.48381423950195,63.447608947753906,64.23983001708984,65.54199981689453,65.25211334228516,0,0,0,NaN,0,0,0,0,4.831727027893066,17179869184,21474836480,4919312384,20798832640
7,1729554922339,3228,3228,3228,3228,3228,3228,3228,3228,64.8995590209961,62.801937103271484,63.86150360107422,65.32988739013672,65.51301574707031,63.48381423950195,63.447608947753906,64.23983001708984,65.54199981689453,65.25211334228516,20,23.33333396911621,30.000001907348633,38.70967483520508,25.80644989013672,12.90322494506836,3.3333334922790527,6.25,4.831727027893066,17179869184,21474836480,4980408320,20798832640
