Delta,Time,CPU_FREQUENCY_0,CPU_FREQUENCY_1,CPU_FREQUENCY_2,CPU_FREQUENCY_3,CPU_FREQUENCY_4,CPU_FREQUENCY_5,CPU_FREQUENCY_6,CPU_FREQUENCY_7,CPU_TEMP_0,CPU_TEMP_1,CPU_TEMP_2,CPU_TEMP_3,CPU_TEMP_4,CPU_TEMP_5,CPU_TEMP_6,CPU_TEMP_7,CPU_TEMP_8,CPU_TEMP_9,CPU_USAGE_0,CPU_USAGE_1,CPU_USAGE_2,CPU_USAGE_3,CPU_USAGE_4,CPU_USAGE_5,CPU_USAGE_6,CPU_USAGE_7,SYSTEM_POWER (Watts),TOTAL_MEMORY,TOTAL_SWAP,USED_MEMORY,USED_SWAP
0,1729548801292,3228,3228,3228,3228,3228,3228,3228,3228,60.934181213378906,59.085723876953125,59.56915283203125,61.12300109863281,61.536705017089844,59.710140228271484,59.934547424316406,59.45606231689453,61.93698501586914,61.718910217285156,0,0,0,0,0,0,0,0,4.605152130126953,17179869184,21474836480,5024006144,20766916608
304,1729548801292,3228,3228,3228,3228,3228,3228,3228,3228,60.934181213378906,59.085723876953125,59.56915283203125,61.12300109863281,61.536705017089844,59.710140228271484,59.934547424316406,59.45606231689453,61.93698501586914,61.718910217285156,50,0,0,NaN,0,0,0,0,4.605152130126953,17179869184,21474836480,5026709504,20766916608
9,1729548801597,3228,3228,3228,3228,3228,3228,3228,3228,60.934181213378906,59.085723876953125,59.56915283203125,61.12300109863281,61.536705017089844,59.710140228271484,59.934547424316406,59.45606231689453,61.93698501586914,61.718910217285156,10.344827651977539,16.666667938232422,25.80644989013672,41.935482025146484,12.90322494506836,9.67741870880127,3.3333334922790527,0,4.605152130126953,17179869184,21474836480,5078974464,20766916608
