Delta,Time,CPU_FREQUENCY_0,CPU_FREQUENCY_1,CPU_FREQUENCY_2,CPU_FREQUENCY_3,CPU_FREQUENCY_4,CPU_FREQUENCY_5,CPU_FREQUENCY_6,CPU_FREQUENCY_7,CPU_TEMP_0,CPU_TEMP_1,CPU_TEMP_2,CPU_TEMP_3,CPU_TEMP_4,CPU_TEMP_5,CPU_TEMP_6,CPU_TEMP_7,CPU_TEMP_8,CPU_TEMP_9,CPU_USAGE_0,CPU_USAGE_1,CPU_USAGE_2,CPU_USAGE_3,CPU_USAGE_4,CPU_USAGE_5,CPU_USAGE_6,CPU_USAGE_7,SYSTEM_POWER (Watts),TOTAL_MEMORY,TOTAL_SWAP,USED_MEMORY,USED_SWAP
0,1729543499087,3228,3228,3228,3228,3228,3228,3228,3228,58.98164749145508,56.85593032836914,57.41522216796875,58.28725051879883,59.924652099609375,58.03581237792969,57.72709274291992,58.09962463378906,60.33003234863281,59.98871612548828,NaN,100,0,NaN,NaN,NaN,0,0,5.098239898681641,17179869184,21474836480,6639747072,20344340480
309,1729543499087,3228,3228,3228,3228,3228,3228,3228,3228,58.98164749145508,56.85593032836914,57.41522216796875,58.28725051879883,59.924652099609375,58.03581237792969,57.72709274291992,58.09962463378906,60.33003234863281,59.98871612548828,0,NaN,100,NaN,0,0,0,0,5.098239898681641,17179869184,21474836480,6641598464,20344340480
14,1729543499397,3228,3228,3228,3228,3228,3228,3228,3228,58.75783157348633,56.75712585449219,57.709083557128906,58.61552429199219,59.783546447753906,57.760276794433594,57.87037658691406,57.73881149291992,59.85797882080078,59.58647918701172,26.666667938232422,19.35483741760254,33.333335876464844,9.375,0,0,0,0,5.098239898681641,17179869184,21474836480,6641598464,20344340480
