Delta,Time,CPU_FREQUENCY_0,CPU_FREQUENCY_1,CPU_FREQUENCY_2,CPU_FREQUENCY_3,CPU_FREQUENCY_4,CPU_FREQUENCY_5,CPU_FREQUENCY_6,CPU_FREQUENCY_7,CPU_TEMP_0,CPU_TEMP_1,CPU_TEMP_2,CPU_TEMP_3,CPU_TEMP_4,CPU_TEMP_5,CPU_TEMP_6,CPU_TEMP_7,CPU_TEMP_8,CPU_TEMP_9,CPU_USAGE_0,CPU_USAGE_1,CPU_USAGE_2,CPU_USAGE_3,CPU_USAGE_4,CPU_USAGE_5,CPU_USAGE_6,CPU_USAGE_7,SYSTEM_POWER (Watts),TOTAL_MEMORY,TOTAL_SWAP,USED_MEMORY,USED_SWAP
0,1729569549226,3228,3228,3228,3228,3228,3228,3228,3228,65.19009399414063,60.02742385864258,70.14472198486328,70.60946655273438,67.57501220703125,62.624298095703125,64.56864166259766,65.16651916503906,62.2611083984375,62.20237731933594,NaN,NaN,0,0,0,0,0,0,25.076160430908203,17179869184,22548578304,5403295744,21248278528
309,1729569549227,3228,3228,3228,3228,3228,3228,3228,3228,65.19009399414063,60.02742385864258,70.14472198486328,70.60946655273438,67.57501220703125,62.624298095703125,64.56864166259766,65.16651916503906,62.2611083984375,62.20237731933594,66.66667175292969,0,NaN,100,0,0,0,0,25.076160430908203,17179869184,22548578304,5406982144,21248278528
10,1729569549537,3228,3228,3228,3228,3228,3228,3228,3228,65.19009399414063,60.02742385864258,70.14472198486328,70.60946655273438,67.57501220703125,62.624298095703125,64.56864166259766,65.16651916503906,62.2611083984375,62.20237731933594,23.33333396911621,25,30.000001907348633,10,6.45161247253418,3.22580623626709,0,0,25.076160430908203,17179869184,22548578304,5397053440,21248278528
