Delta,Time,CPU_FREQUENCY_0,CPU_FREQUENCY_1,CPU_FREQUENCY_2,CPU_FREQUENCY_3,CPU_FREQUENCY_4,CPU_FREQUENCY_5,CPU_FREQUENCY_6,CPU_FREQUENCY_7,CPU_TEMP_0,CPU_TEMP_1,CPU_TEMP_2,CPU_TEMP_3,CPU_TEMP_4,CPU_TEMP_5,CPU_TEMP_6,CPU_TEMP_7,CPU_TEMP_8,CPU_TEMP_9,CPU_USAGE_0,CPU_USAGE_1,CPU_USAGE_2,CPU_USAGE_3,CPU_USAGE_4,CPU_USAGE_5,CPU_USAGE_6,CPU_USAGE_7,SYSTEM_POWER (Watts),TOTAL_MEMORY,TOTAL_SWAP,USED_MEMORY,USED_SWAP
0,1729562152836,3228,3228,3228,3228,3228,3228,3228,3228,59.72956848144531,57.209144592285156,58.40513610839844,60.1087760925293,60.48401641845703,58.35438537597656,57.77254867553711,58.4638786315918,60.08026885986328,59.79081726074219,50,0,0,0,0,0,0,0,5.272879600524902,17179869184,22548578304,6457884672,21256667136
308,1729562152836,3228,3228,3228,3228,3228,3228,3228,3228,59.72956848144531,57.209144592285156,58.40513610839844,60.1087760925293,60.48401641845703,58.35438537597656,57.77254867553711,58.4638786315918,60.08026885986328,59.79081726074219,50,50,0,100,0,0,0,0,5.272879600524902,17179869184,22548578304,6461095936,21256667136
6,1729562153145,3228,3228,3228,3228,3228,3228,3228,3228,59.72956848144531,57.209144592285156,58.40513610839844,60.1087760925293,60.48401641845703,58.35438537597656,57.77254867553711,58.4638786315918,60.08026885986328,59.79081726074219,26.666667938232422,23.33333396911621,20,41.935482025146484,16.666667938232422,6.45161247253418,0,0,5.44226598739624,17179869184,22548578304,6505168896,21256667136
