Delta,Time,CPU_FREQUENCY_0,CPU_FREQUENCY_1,CPU_FREQUENCY_2,CPU_FREQUENCY_3,CPU_FREQUENCY_4,CPU_FREQUENCY_5,CPU_FREQUENCY_6,CPU_FREQUENCY_7,CPU_TEMP_0,CPU_TEMP_1,CPU_TEMP_2,CPU_TEMP_3,CPU_TEMP_4,CPU_TEMP_5,CPU_TEMP_6,CPU_TEMP_7,CPU_TEMP_8,CPU_TEMP_9,CPU_USAGE_0,CPU_USAGE_1,CPU_USAGE_2,CPU_USAGE_3,CPU_USAGE_4,CPU_USAGE_5,CPU_USAGE_6,CPU_USAGE_7,SYSTEM_POWER (Watts),TOTAL_MEMORY,TOTAL_SWAP,USED_MEMORY,USED_SWAP
0,1729587568738,3228,3228,3228,3228,3228,3228,3228,3228,56.397850036621094,54.62010192871094,55.078529357910156,56.61225128173828,56.91156005859375,55.10475540161133,53.51694107055664,55.19693374633789,56.65739059448242,56.13890838623047,NaN,0,0,0,0,0,0,0,4.917716026306152,17179869184,22548578304,4808130560,21094400000
307,1729587568739,3228,3228,3228,3228,3228,3228,3228,3228,56.397850036621094,54.62010192871094,55.078529357910156,56.61225128173828,56.91156005859375,55.10475540161133,53.51694107055664,55.19693374633789,56.65739059448242,56.13890838623047,0,0,NaN,NaN,0,0,0,0,4.917716026306152,17179869184,22548578304,4808130560,21094400000
309,1729587569046,3228,3228,3228,3228,3228,3228,3228,3228,56.397850036621094,54.62010192871094,55.078529357910156,56.61225128173828,56.91156005859375,55.10475540161133,53.51694107055664,55.19693374633789,56.65739059448242,56.13890838623047,87.5,90,90.625,96.875,93.54838562011719,90,93.54838562011719,90.32257843017578,4.917716026306152,17179869184,22548578304,4808130560,21094400000
10,1729587569356,3228,3228,3228,3228,3228,3228,3228,3228,58.109798431396484,56.143985748291016,58.6024169921875,60.434600830078125,59.811927795410156,56.762386322021484,56.97499465942383,58.17049026489258,58.804386138916016,57.63905334472656,12.90322494506836,9.67741870880127,51.61289978027344,20,16.666667938232422,21.875,9.67741870880127,3.3333334922790527,4.917716026306152,17179869184,22548578304,4838653952,21094400000
