Delta,Time,CPU_FREQUENCY_0,CPU_FREQUENCY_1,CPU_FREQUENCY_2,CPU_FREQUENCY_3,CPU_FREQUENCY_4,CPU_FREQUENCY_5,CPU_FREQUENCY_6,CPU_FREQUENCY_7,CPU_TEMP_0,CPU_TEMP_1,CPU_TEMP_2,CPU_TEMP_3,CPU_TEMP_4,CPU_TEMP_5,CPU_TEMP_6,CPU_TEMP_7,CPU_TEMP_8,CPU_TEMP_9,CPU_USAGE_0,CPU_USAGE_1,CPU_USAGE_2,CPU_USAGE_3,CPU_USAGE_4,CPU_USAGE_5,CPU_USAGE_6,CPU_USAGE_7,SYSTEM_POWER (Watts),TOTAL_MEMORY,TOTAL_SWAP,USED_MEMORY,USED_SWAP
0,1729535819273,3228,3228,3228,3228,3228,3228,3228,3228,61.05828094482422,57.014312744140625,61.18517303466797,62.666358947753906,62.20550537109375,59.089786529541016,58.76453399658203,58.974971771240234,60.58038330078125,60.22149658203125,NaN,0,0,50,0,0,0,0,23.4215145111084,17179869184,20401094656,7268417536,19923599360
309,1729535819273,3228,3228,3228,3228,3228,3228,3228,3228,61.05828094482422,57.014312744140625,61.18517303466797,62.666358947753906,62.20550537109375,59.089786529541016,58.76453399658203,58.974971771240234,60.58038330078125,60.22149658203125,50,50,100,0,0,0,0,0,23.4215145111084,17179869184,20401094656,7271006208,19923599360
308,1729535819583,3228,3228,3228,3228,3228,3228,3228,3228,61.05828094482422,57.014312744140625,61.18517303466797,62.666358947753906,62.20550537109375,59.089786529541016,58.76453399658203,58.974971771240234,60.58038330078125,60.22149658203125,63.33333206176758,60.000003814697266,87.09677124023438,61.29032516479492,54.83871078491211,51.61289978027344,51.61289978027344,51.61289978027344,15.709911346435547,17179869184,20401094656,7271006208,19923599360
300,1729535819892,3228,3228,3228,3228,3228,3228,3228,3228,61.05828094482422,57.014312744140625,61.18517303466797,62.666358947753906,62.20550537109375,59.089786529541016,58.76453399658203,58.974971771240234,60.58038330078125,60.22149658203125,45.16128921508789,45.16128921508789,58.06451416015625,90.625,46.66666793823242,40,35.48387145996094,35.48387145996094,15.709911346435547,17179869184,20401094656,7323484160,19923599360
10,1729535820193,3228,3228,3228,3228,3228,3228,3228,3228,61.103763580322266,57.146217346191406,62.530006408691406,64.11714935302734,61.965614318847656,59.17646026611328,59.542911529541016,60.13319778442383,61.010196685791016,60.210472106933594,23.33333396911621,20,93.10344696044922,0,6.45161247253418,0,3.3333334922790527,0,15.709911346435547,17179869184,20401094656,7322058752,19923599360
