Delta,Time,CPU_FREQUENCY_0,CPU_FREQUENCY_1,CPU_FREQUENCY_2,CPU_FREQUENCY_3,CPU_FREQUENCY_4,CPU_FREQUENCY_5,CPU_FREQUENCY_6,CPU_FREQUENCY_7,CPU_TEMP_0,CPU_TEMP_1,CPU_TEMP_2,CPU_TEMP_3,CPU_TEMP_4,CPU_TEMP_5,CPU_TEMP_6,CPU_TEMP_7,CPU_TEMP_8,CPU_TEMP_9,CPU_USAGE_0,CPU_USAGE_1,CPU_USAGE_2,CPU_USAGE_3,CPU_USAGE_4,CPU_USAGE_5,CPU_USAGE_6,CPU_USAGE_7,SYSTEM_POWER (Watts),TOTAL_MEMORY,TOTAL_SWAP,USED_MEMORY,USED_SWAP
0,1729587364746,3228,3228,3228,3228,3228,3228,3228,3228,71.36732482910156,67.2181625366211,76.85762786865234,79.10089111328125,74.23941040039063,69.64681243896484,72.20181274414063,73.22602844238281,69.62600708007813,68.23292541503906,66.66667175292969,100,0,100,50,0,0,0,23.696043014526367,17179869184,22548578304,5301403648,21094400000
309,1729587364746,3228,3228,3228,3228,3228,3228,3228,3228,71.36732482910156,67.2181625366211,76.85762786865234,79.10089111328125,74.23941040039063,69.64681243896484,72.20181274414063,73.22602844238281,69.62600708007813,68.23292541503906,NaN,0,100,100,NaN,0,0,0,23.696043014526367,17179869184,22548578304,5305122816,21094400000
307,1729587365056,3228,3228,3228,3228,3228,3228,3228,3228,71.36732482910156,67.2181625366211,76.85762786865234,79.10089111328125,74.23941040039063,69.64681243896484,72.20181274414063,73.22602844238281,69.62600708007813,68.23292541503906,77.41934967041016,76.66666412353516,93.54838562011719,93.54838562011719,93.75,93.54838562011719,90,90.32257843017578,23.696043014526367,17179869184,22548578304,5361532928,21094400000
309,1729587365364,3228,3228,3228,3228,3228,3228,3228,3228,69.0251235961914,66.08965301513672,72.443359375,74.6434097290039,70.36465454101563,67.23206329345703,68.22711181640625,69.05462646484375,68.6233901977539,67.40689086914063,16.129032135009766,22.580644607543945,45.16128921508789,60.000003814697266,53.333335876464844,19.35483741760254,0,6.25,23.696043014526367,17179869184,22548578304,5401198592,21094400000
10,1729587365674,3228,3228,3228,3228,3228,3228,3228,3228,69.0251235961914,66.08965301513672,72.443359375,74.6434097290039,70.36465454101563,67.23206329345703,68.22711181640625,69.05462646484375,68.6233901977539,67.40689086914063,26.666667938232422,26.666667938232422,45.16128921508789,18.75,19.35483741760254,16.666667938232422,3.125,0,20.69384002685547,17179869184,22548578304,5341577216,21094400000
