Delta,Time,CPU_FREQUENCY_0,CPU_FREQUENCY_1,CPU_FREQUENCY_2,CPU_FREQUENCY_3,CPU_FREQUENCY_4,CPU_FREQUENCY_5,CPU_FREQUENCY_6,CPU_FREQUENCY_7,CPU_TEMP_0,CPU_TEMP_1,CPU_TEMP_2,CPU_TEMP_3,CPU_TEMP_4,CPU_TEMP_5,CPU_TEMP_6,CPU_TEMP_7,CPU_TEMP_8,CPU_TEMP_9,CPU_USAGE_0,CPU_USAGE_1,CPU_USAGE_2,CPU_USAGE_3,CPU_USAGE_4,CPU_USAGE_5,CPU_USAGE_6,CPU_USAGE_7,SYSTEM_POWER (Watts),TOTAL_MEMORY,TOTAL_SWAP,USED_MEMORY,USED_SWAP
0,1729551450328,3228,3228,3228,3228,3228,3228,3228,3228,62.642269134521484,58.417354583740234,66.00056457519531,67.84783935546875,65.43878936767578,60.93187713623047,65.26542663574219,65.78512573242188,62.569637298583984,60.671539306640625,50,66.66667175292969,100,100,NaN,100,0,50,4.822370529174805,17179869184,21474836480,4566155264,20758528000
309,1729551450328,3228,3228,3228,3228,3228,3228,3228,3228,62.642269134521484,58.417354583740234,66.00056457519531,67.84783935546875,65.43878936767578,60.93187713623047,65.26542663574219,65.78512573242188,62.569637298583984,60.671539306640625,NaN,NaN,100,100,100,100,NaN,NaN,4.822370529174805,17179869184,21474836480,4569874432,20758528000
309,1729551450639,3228,3228,3228,3228,3228,3228,3228,3228,62.642269134521484,58.417354583740234,66.00056457519531,67.84783935546875,65.43878936767578,60.93187713623047,65.26542663574219,65.78512573242188,62.569637298583984,60.671539306640625,96.875,93.33333587646484,96.7741928100586,96.875,96.7741928100586,100,100,96.875,4.822370529174805,17179869184,21474836480,4622057472,20758528000
307,1729551450949,3228,3228,3228,3228,3228,3228,3228,3228,62.642269134521484,58.417354583740234,66.00056457519531,67.84783935546875,65.43878936767578,60.93187713623047,65.26542663574219,65.78512573242188,62.569637298583984,60.671539306640625,35.48387145996094,40.625,96.7741928100586,96.66666412353516,100,73.33333587646484,76.66666412353516,63.33333206176758,8.341361999511719,17179869184,21474836480,4638998528,20758528000
8,1729551451256,3228,3228,3228,3228,3228,3228,3228,3228,62.642269134521484,58.417354583740234,66.00056457519531,67.84783935546875,65.43878936767578,60.93187713623047,65.26542663574219,65.78512573242188,62.569637298583984,60.671539306640625,31.034481048583984,30.000001907348633,90.32257843017578,80.6451644897461,70.96774291992188,67.74193572998047,50,48.3870964050293,8.341361999511719,17179869184,21474836480,4633837568,20758528000
