Delta,Time,CPU_FREQUENCY_0,CPU_FREQUENCY_1,CPU_FREQUENCY_2,CPU_FREQUENCY_3,CPU_FREQUENCY_4,CPU_FREQUENCY_5,CPU_FREQUENCY_6,CPU_FREQUENCY_7,CPU_TEMP_0,CPU_TEMP_1,CPU_TEMP_2,CPU_TEMP_3,CPU_TEMP_4,CPU_TEMP_5,CPU_TEMP_6,CPU_TEMP_7,CPU_TEMP_8,CPU_TEMP_9,CPU_USAGE_0,CPU_USAGE_1,CPU_USAGE_2,CPU_USAGE_3,CPU_USAGE_4,CPU_USAGE_5,CPU_USAGE_6,CPU_USAGE_7,SYSTEM_POWER (Watts),TOTAL_MEMORY,TOTAL_SWAP,USED_MEMORY,USED_SWAP
0,1729533765017,3228,3228,3228,3228,3228,3228,3228,3228,66.09602355957031,63.93077087402344,64.40438079833984,66.00951385498047,66.52737426757813,64.25313568115234,64.38409423828125,65.19377136230469,66.60910034179688,65.99671173095703,0,0,NaN,0,0,100,0,0,4.702579975128174,17179869184,19327352832,8381825024,18683133952
309,1729533765017,3228,3228,3228,3228,3228,3228,3228,3228,66.09602355957031,63.93077087402344,64.40438079833984,66.00951385498047,66.52737426757813,64.25313568115234,64.38409423828125,65.19377136230469,66.60910034179688,65.99671173095703,0,0,0,100,50,100,100,0,4.702579975128174,17179869184,19327352832,8381825024,18683133952
307,1729533765327,3228,3228,3228,3228,3228,3228,3228,3228,66.09602355957031,63.93077087402344,64.40438079833984,66.00951385498047,66.52737426757813,64.25313568115234,64.38409423828125,65.19377136230469,66.60910034179688,65.99671173095703,87.5,87.09677124023438,96.875,93.54838562011719,96.66666412353516,96.66666412353516,93.33333587646484,96.66666412353516,4.702579975128174,17179869184,19327352832,8381825024,18683133952
308,1729533765635,3228,3228,3228,3228,3228,3228,3228,3228,66.09602355957031,63.93077087402344,64.40438079833984,66.00951385498047,66.52737426757813,64.25313568115234,64.38409423828125,65.19377136230469,66.60910034179688,65.99671173095703,24.137929916381836,20,86.66666412353516,83.33332824707031,78.125,83.87096405029297,74.19355010986328,67.74193572998047,4.67146110534668,17179869184,19327352832,8460304384,18683133952
10,1729533765943,3228,3228,3228,3228,3228,3228,3228,3228,71.93692016601563,69.98272705078125,75.48957061767578,77.79230499267578,74.90491485595703,70.06482696533203,75.71919250488281,76.23260498046875,74.35005187988281,71.4086685180664,9.67741870880127,9.375,83.33332824707031,74.19355010986328,83.33332824707031,78.125,67.74193572998047,58.06451416015625,4.67146110534668,17179869184,19327352832,8396603392,18683133952
