Delta,Time,CPU_FREQUENCY_0,CPU_FREQUENCY_1,CPU_FREQUENCY_2,CPU_FREQUENCY_3,CPU_FREQUENCY_4,CPU_FREQUENCY_5,CPU_FREQUENCY_6,CPU_FREQUENCY_7,CPU_TEMP_0,CPU_TEMP_1,CPU_TEMP_2,CPU_TEMP_3,CPU_TEMP_4,CPU_TEMP_5,CPU_TEMP_6,CPU_TEMP_7,CPU_TEMP_8,CPU_TEMP_9,CPU_USAGE_0,CPU_USAGE_1,CPU_USAGE_2,CPU_USAGE_3,CPU_USAGE_4,CPU_USAGE_5,CPU_USAGE_6,CPU_USAGE_7,SYSTEM_POWER (Watts),TOTAL_MEMORY,TOTAL_SWAP,USED_MEMORY,USED_SWAP
0,1729557446951,3228,3228,3228,3228,3228,3228,3228,3228,65.74215698242188,60.66303634643555,69.95142364501953,70.68242645263672,67.22906494140625,63.07209777832031,65.28264617919922,65.40704345703125,63.25660705566406,61.983680725097656,50,50,50,50,0,0,0,0,24.5858154296875,17179869184,22548578304,5835669504,21348941824
308,1729557446951,3228,3228,3228,3228,3228,3228,3228,3228,65.74215698242188,60.66303634643555,69.95142364501953,70.68242645263672,67.22906494140625,63.07209777832031,65.28264617919922,65.40704345703125,63.25660705566406,61.983680725097656,0,0,100,100,0,100,NaN,50,24.5858154296875,17179869184,22548578304,5840175104,21348941824
11,1729557447261,3228,3228,3228,3228,3228,3228,3228,3228,65.74215698242188,60.66303634643555,69.95142364501953,70.68242645263672,67.22906494140625,63.07209777832031,65.28264617919922,65.40704345703125,63.25660705566406,61.983680725097656,27.586206436157227,30.000001907348633,38.70967483520508,35.48387145996094,22.580644607543945,10,6.45161247253418,0,24.5858154296875,17179869184,22548578304,5830279168,21348941824
