Delta,Time,CPU_FREQUENCY_0,CPU_FREQUENCY_1,CPU_FREQUENCY_2,CPU_FREQUENCY_3,CPU_FREQUENCY_4,CPU_FREQUENCY_5,CPU_FREQUENCY_6,CPU_FREQUENCY_7,CPU_TEMP_0,CPU_TEMP_1,CPU_TEMP_2,CPU_TEMP_3,CPU_TEMP_4,CPU_TEMP_5,CPU_TEMP_6,CPU_TEMP_7,CPU_TEMP_8,CPU_TEMP_9,CPU_USAGE_0,CPU_USAGE_1,CPU_USAGE_2,CPU_USAGE_3,CPU_USAGE_4,CPU_USAGE_5,CPU_USAGE_6,CPU_USAGE_7,SYSTEM_POWER (Watts),TOTAL_MEMORY,TOTAL_SWAP,USED_MEMORY,USED_SWAP
0,1729552839641,3228,3228,3228,3228,3228,3228,3228,3228,61.57020568847656,58.745670318603516,63.03844451904297,63.34376907348633,62.263458251953125,59.912288665771484,61.85060501098633,60.53124237060547,61.718379974365234,60.79295349121094,50,0,0,0,0,0,0,0,23.649520874023438,17179869184,21474836480,6558580736,20750139392
309,1729552839641,3228,3228,3228,3228,3228,3228,3228,3228,61.57020568847656,58.745670318603516,63.03844451904297,63.34376907348633,62.263458251953125,59.912288665771484,61.85060501098633,60.53124237060547,61.718379974365234,60.79295349121094,0,0,100,0,50,NaN,0,0,23.649520874023438,17179869184,21474836480,6561464320,20750139392
8,1729552839951,3228,3228,3228,3228,3228,3228,3228,3228,61.57020568847656,58.745670318603516,63.03844451904297,63.34376907348633,62.263458251953125,59.912288665771484,61.85060501098633,60.53124237060547,61.718379974365234,60.79295349121094,22.580644607543945,22.580644607543945,56.66666793823242,51.61289978027344,35.48387145996094,34.375,12.90322494506836,3.4482758045196533,15.76621150970459,17179869184,21474836480,6580011008,20750139392
