Delta,Time,CPU_FREQUENCY_0,CPU_FREQUENCY_1,CPU_FREQUENCY_2,CPU_FREQUENCY_3,CPU_FREQUENCY_4,CPU_FREQUENCY_5,CPU_FREQUENCY_6,CPU_FREQUENCY_7,CPU_TEMP_0,CPU_TEMP_1,CPU_TEMP_2,CPU_TEMP_3,CPU_TEMP_4,CPU_TEMP_5,CPU_TEMP_6,CPU_TEMP_7,CPU_TEMP_8,CPU_TEMP_9,CPU_USAGE_0,CPU_USAGE_1,CPU_USAGE_2,CPU_USAGE_3,CPU_USAGE_4,CPU_USAGE_5,CPU_USAGE_6,CPU_USAGE_7,SYSTEM_POWER (Watts),TOTAL_MEMORY,TOTAL_SWAP,USED_MEMORY,USED_SWAP
0,1729544620188,3228,3228,3228,3228,3228,3228,3228,3228,61.10273361206055,58.84487533569336,59.89105987548828,60.7918586730957,61.11358642578125,59.20305633544922,59.68585968017578,60.243282318115234,61.37655258178711,61.208595275878906,0,50,NaN,0,0,0,0,0,14.033873558044434,17179869184,21474836480,5835587584,20260454400
308,1729544620188,3228,3228,3228,3228,3228,3228,3228,3228,61.10273361206055,58.84487533569336,59.89105987548828,60.7918586730957,61.11358642578125,59.20305633544922,59.68585968017578,60.243282318115234,61.37655258178711,61.208595275878906,50,0,50,0,0,0,0,0,14.033873558044434,17179869184,21474836480,5838766080,20260454400
309,1729544620497,3228,3228,3228,3228,3228,3228,3228,3228,61.10273361206055,58.84487533569336,59.89105987548828,60.7918586730957,61.11358642578125,59.20305633544922,59.68585968017578,60.243282318115234,61.37655258178711,61.208595275878906,36.66666793823242,26.666667938232422,64.51612854003906,75,56.66666793823242,58.06451416015625,54.83871078491211,53.333335876464844,14.033873558044434,17179869184,21474836480,7056261120,20260454400
7,1729544620806,3228,3228,3228,3228,3228,3228,3228,3228,61.10273361206055,58.84487533569336,59.89105987548828,60.7918586730957,61.11358642578125,59.20305633544922,59.68585968017578,60.243282318115234,61.37655258178711,61.208595275878906,12.90322494506836,12.90322494506836,51.61289978027344,40,45.16128921508789,35.48387145996094,29.032257080078125,25.80644989013672,5.097809314727783,17179869184,21474836480,6028935168,20260454400
