Delta,Time,CPU_FREQUENCY_0,CPU_FREQUENCY_1,CPU_FREQUENCY_2,CPU_FREQUENCY_3,CPU_FREQUENCY_4,CPU_FREQUENCY_5,CPU_FREQUENCY_6,CPU_FREQUENCY_7,CPU_TEMP_0,CPU_TEMP_1,CPU_TEMP_2,CPU_TEMP_3,CPU_TEMP_4,CPU_TEMP_5,CPU_TEMP_6,CPU_TEMP_7,CPU_TEMP_8,CPU_TEMP_9,CPU_USAGE_0,CPU_USAGE_1,CPU_USAGE_2,CPU_USAGE_3,CPU_USAGE_4,CPU_USAGE_5,CPU_USAGE_6,CPU_USAGE_7,SYSTEM_POWER (Watts),TOTAL_MEMORY,TOTAL_SWAP,USED_MEMORY,USED_SWAP
0,1729567343104,3228,3228,3228,3228,3228,3228,3228,3228,66.83782958984375,63.320072174072266,69.82106018066406,69.5170669555664,67.34093475341797,64.84440612792969,66.1397705078125,65.94132995605469,65.96702575683594,65.0425033569336,66.66667175292969,100,0,0,0,0,0,0,20.020357131958008,17179869184,22548578304,5802344448,21248278528
307,1729567343104,3228,3228,3228,3228,3228,3228,3228,3228,66.83782958984375,63.320072174072266,69.82106018066406,69.5170669555664,67.34093475341797,64.84440612792969,66.1397705078125,65.94132995605469,65.96702575683594,65.0425033569336,0,0,NaN,0,0,100,0,0,20.401660919189453,17179869184,22548578304,5804064768,21248278528
308,1729567343412,3228,3228,3228,3228,3228,3228,3228,3228,66.83782958984375,63.320072174072266,69.82106018066406,69.5170669555664,67.34093475341797,64.84440612792969,66.1397705078125,65.94132995605469,65.96702575683594,65.0425033569336,70,70,83.87096405029297,80,83.33332824707031,74.19355010986328,70.96774291992188,70,20.401660919189453,17179869184,22548578304,8304197632,21248278528
14,1729567343720,3228,3228,3228,3228,3228,3228,3228,3228,65.72057342529297,63.4635009765625,66.18508911132813,68.02892303466797,66.74363708496094,64.48041534423828,65.7952651977539,66.46068572998047,67.125732421875,65.2087173461914,19.35483741760254,12.90322494506836,22.580644607543945,22.580644607543945,12.5,0,3.3333334922790527,0,20.401660919189453,17179869184,22548578304,5823053824,21248278528
