Delta,Time,CPU_FREQUENCY_0,CPU_FREQUENCY_1,CPU_FREQUENCY_2,CPU_FREQUENCY_3,CPU_FREQUENCY_4,CPU_FREQUENCY_5,CPU_FREQUENCY_6,CPU_FREQUENCY_7,CPU_TEMP_0,CPU_TEMP_1,CPU_TEMP_2,CPU_TEMP_3,CPU_TEMP_4,CPU_TEMP_5,CPU_TEMP_6,CPU_TEMP_7,CPU_TEMP_8,CPU_TEMP_9,CPU_USAGE_0,CPU_USAGE_1,CPU_USAGE_2,CPU_USAGE_3,CPU_USAGE_4,CPU_USAGE_5,CPU_USAGE_6,CPU_USAGE_7,SYSTEM_POWER (Watts),TOTAL_MEMORY,TOTAL_SWAP,USED_MEMORY,USED_SWAP
0,1729595007486,3228,3228,3228,3228,3228,3228,3228,3228,64.12288665771484,61.83439254760742,63.884315490722656,65.30878448486328,64.61299133300781,62.74167251586914,63.2482795715332,64.6363525390625,64.3282241821289,64.13526916503906,0,0,100,100,0,50,50,0,14.506354331970215,17179869184,22548578304,4535812096,20968570880
307,1729595007486,3228,3228,3228,3228,3228,3228,3228,3228,64.12288665771484,61.83439254760742,63.884315490722656,65.30878448486328,64.61299133300781,62.74167251586914,63.2482795715332,64.6363525390625,64.3282241821289,64.13526916503906,0,100,100,50,100,100,100,100,14.506354331970215,17179869184,22548578304,4545232896,20968570880
302,1729595007794,3228,3228,3228,3228,3228,3228,3228,3228,64.12288665771484,61.83439254760742,63.884315490722656,65.30878448486328,64.61299133300781,62.74167251586914,63.2482795715332,64.6363525390625,64.3282241821289,64.13526916503906,63.33333206176758,61.29032516479492,90,90,87.09677124023438,93.33333587646484,86.66666412353516,77.41934967041016,11.50289249420166,17179869184,22548578304,5430231040,20968570880
309,1729595008097,3228,3228,3228,3228,3228,3228,3228,3228,64.12288665771484,61.83439254760742,63.884315490722656,65.30878448486328,64.61299133300781,62.74167251586914,63.2482795715332,64.6363525390625,64.3282241821289,64.13526916503906,76.66666412353516,76.66666412353516,93.33333587646484,93.33333587646484,96.55171966552734,93.33333587646484,93.54838562011719,90,11.50289249420166,17179869184,22548578304,6511132672,20968570880
10,1729595008406,3228,3228,3228,3228,3228,3228,3228,3228,71.63444519042969,70.41969299316406,77.0212173461914,79.65430450439453,75.05935668945313,70.17466735839844,78.22413635253906,79.57945251464844,75.07671356201172,71.46296691894531,67.74193572998047,66.66667175292969,96.7741928100586,90.625,90.32257843017578,87.5,81.25,80.6451644897461,11.50289249420166,17179869184,22548578304,4727586816,20968570880
