Delta,Time,CPU_FREQUENCY_0,CPU_FREQUENCY_1,CPU_FREQUENCY_2,CPU_FREQUENCY_3,CPU_FREQUENCY_4,CPU_FREQUENCY_5,CPU_FREQUENCY_6,CPU_FREQUENCY_7,CPU_TEMP_0,CPU_TEMP_1,CPU_TEMP_2,CPU_TEMP_3,CPU_TEMP_4,CPU_TEMP_5,CPU_TEMP_6,CPU_TEMP_7,CPU_TEMP_8,CPU_TEMP_9,CPU_USAGE_0,CPU_USAGE_1,CPU_USAGE_2,CPU_USAGE_3,CPU_USAGE_4,CPU_USAGE_5,CPU_USAGE_6,CPU_USAGE_7,SYSTEM_POWER (Watts),TOTAL_MEMORY,TOTAL_SWAP,USED_MEMORY,USED_SWAP
0,1729588901169,3228,3228,3228,3228,3228,3228,3228,3228,59.96550369262695,57.64514923095703,59.28009033203125,60.55195617675781,59.9571533203125,58.65913772583008,57.9737663269043,58.684776306152344,59.86577606201172,59.16084289550781,50,50,0,0,0,0,0,0,4.62357234954834,17179869184,22548578304,5082660864,21069234176
309,1729588901170,3228,3228,3228,3228,3228,3228,3228,3228,59.96550369262695,57.64514923095703,59.28009033203125,60.55195617675781,59.9571533203125,58.65913772583008,57.9737663269043,58.684776306152344,59.86577606201172,59.16084289550781,0,0,NaN,0,100,0,0,NaN,4.62357234954834,17179869184,22548578304,5085298688,21069234176
303,1729588901480,3228,3228,3228,3228,3228,3228,3228,3228,59.96550369262695,57.64514923095703,59.28009033203125,60.55195617675781,59.9571533203125,58.65913772583008,57.9737663269043,58.684776306152344,59.86577606201172,59.16084289550781,90,90,96.875,93.54838562011719,93.54838562011719,93.33333587646484,90.625,90.32257843017578,4.62357234954834,17179869184,22548578304,5132500992,21069234176
302,1729588901783,3228,3228,3228,3228,3228,3228,3228,3228,59.96550369262695,57.64514923095703,59.28009033203125,60.55195617675781,59.9571533203125,58.65913772583008,57.9737663269043,58.684776306152344,59.86577606201172,59.16084289550781,20,20,89.6551742553711,76.66666412353516,80,63.33333206176758,53.333335876464844,54.83871078491211,4.659104347229004,17179869184,22548578304,5140447232,21069234176
4,1729588902086,3228,3228,3228,3228,3228,3228,3228,3228,59.96550369262695,57.64514923095703,59.28009033203125,60.55195617675781,59.9571533203125,58.65913772583008,57.9737663269043,58.684776306152344,59.86577606201172,59.16084289550781,19.35483741760254,13.333333969116211,77.41934967041016,80,67.74193572998047,60.000003814697266,36.66666793823242,30.000001907348633,4.659104347229004,17179869184,22548578304,5079646208,21069234176
