Delta,Time,CPU_FREQUENCY_0,CPU_FREQUENCY_1,CPU_FREQUENCY_2,CPU_FREQUENCY_3,CPU_FREQUENCY_4,CPU_FREQUENCY_5,CPU_FREQUENCY_6,CPU_FREQUENCY_7,CPU_TEMP_0,CPU_TEMP_1,CPU_TEMP_2,CPU_TEMP_3,CPU_TEMP_4,CPU_TEMP_5,CPU_TEMP_6,CPU_TEMP_7,CPU_TEMP_8,CPU_TEMP_9,CPU_USAGE_0,CPU_USAGE_1,CPU_USAGE_2,CPU_USAGE_3,CPU_USAGE_4,CPU_USAGE_5,CPU_USAGE_6,CPU_USAGE_7,SYSTEM_POWER (Watts),TOTAL_MEMORY,TOTAL_SWAP,USED_MEMORY,USED_SWAP
0,1729577773099,3228,3228,3228,3228,3228,3228,3228,3228,62.06112289428711,59.4671745300293,61.21991729736328,62.743751525878906,62.42645263671875,60.69651794433594,60.42102813720703,61.35053634643555,62.77109146118164,62.145111083984375,50,0,50,0,0,0,0,0,4.924048900604248,17179869184,22548578304,6413778944,21248278528
302,1729577773099,3228,3228,3228,3228,3228,3228,3228,3228,62.06112289428711,59.4671745300293,61.21991729736328,62.743751525878906,62.42645263671875,60.69651794433594,60.42102813720703,61.35053634643555,62.77109146118164,62.145111083984375,NaN,0,NaN,0,0,0,0,0,4.924048900604248,17179869184,22548578304,6415597568,21248278528
307,1729577773401,3228,3228,3228,3228,3228,3228,3228,3228,62.06112289428711,59.4671745300293,61.21991729736328,62.743751525878906,62.42645263671875,60.69651794433594,60.42102813720703,61.35053634643555,62.77109146118164,62.145111083984375,90,90.32257843017578,100,93.33333587646484,93.33333587646484,93.10344696044922,90.32257843017578,90,4.619743824005127,17179869184,22548578304,6469746688,21248278528
9,1729577773709,3228,3228,3228,3228,3228,3228,3228,3228,62.06112289428711,59.4671745300293,61.21991729736328,62.743751525878906,62.42645263671875,60.69651794433594,60.42102813720703,61.35053634643555,62.77109146118164,62.145111083984375,6.6666669845581055,6.6666669845581055,48.3870964050293,29.032257080078125,13.333333969116211,22.580644607543945,10,3.22580623626709,4.619743824005127,17179869184,22548578304,6430326784,21248278528
