Delta,Time,CPU_FREQUENCY_0,CPU_FREQUENCY_1,CPU_FREQUENCY_2,CPU_FREQUENCY_3,CPU_FREQUENCY_4,CPU_FREQUENCY_5,CPU_FREQUENCY_6,CPU_FREQUENCY_7,CPU_TEMP_0,CPU_TEMP_1,CPU_TEMP_2,CPU_TEMP_3,CPU_TEMP_4,CPU_TEMP_5,CPU_TEMP_6,CPU_TEMP_7,CPU_TEMP_8,CPU_TEMP_9,CPU_USAGE_0,CPU_USAGE_1,CPU_USAGE_2,CPU_USAGE_3,CPU_USAGE_4,CPU_USAGE_5,CPU_USAGE_6,CPU_USAGE_7,SYSTEM_POWER (Watts),TOTAL_MEMORY,TOTAL_SWAP,USED_MEMORY,USED_SWAP
0,1729539133336,3228,3228,3228,3228,3228,3228,3228,3228,68.51712036132813,64.75407409667969,73.6625747680664,75.17332458496094,71.29340362548828,66.15425109863281,71.9957046508789,71.20870971679688,68.88296508789063,66.35234069824219,0,0,0,0,100,50,0,0,4.6096014976501465,17179869184,21474836480,6661849088,20377894912
307,1729539133336,3228,3228,3228,3228,3228,3228,3228,3228,68.51712036132813,64.75407409667969,73.6625747680664,75.17332458496094,71.29340362548828,66.15425109863281,71.9957046508789,71.20870971679688,68.88296508789063,66.35234069824219,0,0,100,100,0,0,0,0,4.6096014976501465,17179869184,21474836480,6665453568,20377894912
11,1729539133644,3228,3228,3228,3228,3228,3228,3228,3228,68.51712036132813,64.75407409667969,73.6625747680664,75.17332458496094,71.29340362548828,66.15425109863281,71.9957046508789,71.20870971679688,68.88296508789063,66.35234069824219,13.333333969116211,18.75,53.333335876464844,37.5,38.70967483520508,43.33333206176758,6.6666669845581055,6.45161247253418,20.722164154052734,17179869184,21474836480,6666502144,20377894912
