Delta,Time,CPU_FREQUENCY_0,CPU_FREQUENCY_1,CPU_FREQUENCY_2,CPU_FREQUENCY_3,CPU_FREQUENCY_4,CPU_FREQUENCY_5,CPU_FREQUENCY_6,CPU_FREQUENCY_7,CPU_TEMP_0,CPU_TEMP_1,CPU_TEMP_2,CPU_TEMP_3,CPU_TEMP_4,CPU_TEMP_5,CPU_TEMP_6,CPU_TEMP_7,CPU_TEMP_8,CPU_TEMP_9,CPU_USAGE_0,CPU_USAGE_1,CPU_USAGE_2,CPU_USAGE_3,CPU_USAGE_4,CPU_USAGE_5,CPU_USAGE_6,CPU_USAGE_7,SYSTEM_POWER (Watts),TOTAL_MEMORY,TOTAL_SWAP,USED_MEMORY,USED_SWAP
0,1729579435671,3228,3228,3228,3228,3228,3228,3228,3228,63.84828567504883,59.786888122558594,66.57280731201172,66.85908508300781,64.6246109008789,60.526893615722656,62.672027587890625,62.83115768432617,62.58339309692383,61.553001403808594,66.66667175292969,100,0,0,0,0,0,0,20.324012756347656,17179869184,22548578304,5447417856,21248278528
307,1729579435671,3228,3228,3228,3228,3228,3228,3228,3228,63.84828567504883,59.786888122558594,66.57280731201172,66.85908508300781,64.6246109008789,60.526893615722656,62.672027587890625,62.83115768432617,62.58339309692383,61.553001403808594,NaN,50,0,NaN,0,0,0,0,20.324012756347656,17179869184,22548578304,5449318400,21248278528
7,1729579435978,3228,3228,3228,3228,3228,3228,3228,3228,60.833614349365234,57.866851806640625,60.2974853515625,61.518733978271484,61.21087646484375,58.2073860168457,58.640079498291016,59.66911697387695,60.85847473144531,60.13349151611328,16.129032135009766,13.333333969116211,38.70967483520508,29.032257080078125,10,13.333333969116211,6.45161247253418,0,20.324012756347656,17179869184,22548578304,5449318400,21248278528
