Delta,Time,CPU_FREQUENCY_0,CPU_FREQUENCY_1,CPU_FREQUENCY_2,CPU_FREQUENCY_3,CPU_FREQUENCY_4,CPU_FREQUENCY_5,CPU_FREQUENCY_6,CPU_FREQUENCY_7,CPU_TEMP_0,CPU_TEMP_1,CPU_TEMP_2,CPU_TEMP_3,CPU_TEMP_4,CPU_TEMP_5,CPU_TEMP_6,CPU_TEMP_7,CPU_TEMP_8,CPU_TEMP_9,CPU_USAGE_0,CPU_USAGE_1,CPU_USAGE_2,CPU_USAGE_3,CPU_USAGE_4,CPU_USAGE_5,CPU_USAGE_6,CPU_USAGE_7,SYSTEM_POWER (Watts),TOTAL_MEMORY,TOTAL_SWAP,USED_MEMORY,USED_SWAP
0,1729540153708,3228,3228,3228,3228,3228,3228,3228,3228,64.97402954101563,62.62977981567383,63.2071533203125,63.977359771728516,64.70878601074219,63.29723358154297,63.76284408569336,63.45460510253906,65.77503204345703,64.90387725830078,0,0,0,0,0,0,0,0,5.277347564697266,17179869184,21474836480,5563760640,20369506304
309,1729540153709,3228,3228,3228,3228,3228,3228,3228,3228,64.97402954101563,62.62977981567383,63.2071533203125,63.977359771728516,64.70878601074219,63.29723358154297,63.76284408569336,63.45460510253906,65.77503204345703,64.90387725830078,NaN,0,0,NaN,0,0,0,0,5.277347564697266,17179869184,21474836480,5566545920,20369506304
8,1729540154018,3228,3228,3228,3228,3228,3228,3228,3228,64.97402954101563,62.62977981567383,63.2071533203125,63.977359771728516,64.70878601074219,63.29723358154297,63.76284408569336,63.45460510253906,65.77503204345703,64.90387725830078,12.5,12.90322494506836,29.032257080078125,12.90322494506836,16.129032135009766,6.45161247253418,10,3.22580623626709,5.277347564697266,17179869184,21474836480,5565136896,20369506304
