Delta,Time,CPU_FREQUENCY_0,CPU_FREQUENCY_1,CPU_FREQUENCY_2,CPU_FREQUENCY_3,CPU_FREQUENCY_4,CPU_FREQUENCY_5,CPU_FREQUENCY_6,CPU_FREQUENCY_7,CPU_TEMP_0,CPU_TEMP_1,CPU_TEMP_2,CPU_TEMP_3,CPU_TEMP_4,CPU_TEMP_5,CPU_TEMP_6,CPU_TEMP_7,CPU_TEMP_8,CPU_TEMP_9,CPU_USAGE_0,CPU_USAGE_1,CPU_USAGE_2,CPU_USAGE_3,CPU_USAGE_4,CPU_USAGE_5,CPU_USAGE_6,CPU_USAGE_7,SYSTEM_POWER (Watts),TOTAL_MEMORY,TOTAL_SWAP,USED_MEMORY,USED_SWAP
0,1729565022321,3228,3228,3228,3228,3228,3228,3228,3228,64.74278259277344,62.43456268310547,63.04853057861328,64.56153106689453,64.90058135986328,63.22414016723633,63.20426559448242,64.03974914550781,65.18771362304688,64.66063690185547,50,0,50,0,0,0,0,0,4.748685359954834,17179869184,22548578304,4612636672,21256667136
309,1729565022322,3228,3228,3228,3228,3228,3228,3228,3228,64.74278259277344,62.43456268310547,63.04853057861328,64.56153106689453,64.90058135986328,63.22414016723633,63.20426559448242,64.03974914550781,65.18771362304688,64.66063690185547,0,0,0,0,NaN,0,0,0,4.748685359954834,17179869184,22548578304,4615815168,21256667136
299,1729565022632,3228,3228,3228,3228,3228,3228,3228,3228,65.91860961914063,63.570823669433594,65.68921661376953,67.21833801269531,66.98968505859375,64.26509857177734,65.73283386230469,66.52217102050781,66.9001235961914,65.49536895751953,67.74193572998047,66.66667175292969,83.87096405029297,74.19355010986328,77.41934967041016,75,67.74193572998047,64.51612854003906,4.748685359954834,17179869184,22548578304,7274151936,21256667136
10,1729565022932,3228,3228,3228,3228,3228,3228,3228,3228,65.91860961914063,63.570823669433594,65.68921661376953,67.21833801269531,66.98968505859375,64.26509857177734,65.73283386230469,66.52217102050781,66.9001235961914,65.49536895751953,16.129032135009766,23.33333396911621,33.333335876464844,13.333333969116211,25.80644989013672,3.4482758045196533,3.4482758045196533,3.4482758045196533,4.748685359954834,17179869184,22548578304,4646895616,21256667136
