Delta,Time,CPU_FREQUENCY_0,CPU_FREQUENCY_1,CPU_FREQUENCY_2,CPU_FREQUENCY_3,CPU_FREQUENCY_4,CPU_FREQUENCY_5,CPU_FREQUENCY_6,CPU_FREQUENCY_7,CPU_TEMP_0,CPU_TEMP_1,CPU_TEMP_2,CPU_TEMP_3,CPU_TEMP_4,CPU_TEMP_5,CPU_TEMP_6,CPU_TEMP_7,CPU_TEMP_8,CPU_TEMP_9,CPU_USAGE_0,CPU_USAGE_1,CPU_USAGE_2,CPU_USAGE_3,CPU_USAGE_4,CPU_USAGE_5,CPU_USAGE_6,CPU_USAGE_7,SYSTEM_POWER (Watts),TOTAL_MEMORY,TOTAL_SWAP,USED_MEMORY,USED_SWAP
0,1729601598993,3228,3228,3228,3228,3228,3228,3228,3228,63.23492431640625,61.69968795776367,62.23106384277344,63.38584899902344,64.20587921142578,62.03936004638672,61.59203338623047,63.2078742980957,64.30558776855469,63.46893310546875,0,100,50,0,0,0,0,0,6.529091835021973,17179869184,22548578304,5568462848,20918173696
306,1729601598993,3228,3228,3228,3228,3228,3228,3228,3228,63.23492431640625,61.69968795776367,62.23106384277344,63.38584899902344,64.20587921142578,62.03936004638672,61.59203338623047,63.2078742980957,64.30558776855469,63.46893310546875,50,50,0,100,0,0,0,0,6.529091835021973,17179869184,22548578304,5568462848,20918173696
8,1729601599300,3228,3228,3228,3228,3228,3228,3228,3228,63.23492431640625,61.69968795776367,62.23106384277344,63.38584899902344,64.20587921142578,62.03936004638672,61.59203338623047,63.2078742980957,64.30558776855469,63.46893310546875,23.33333396911621,24.137929916381836,50,35.48387145996094,28.125,12.90322494506836,6.6666669845581055,6.45161247253418,6.529091835021973,17179869184,22548578304,5568462848,20918173696
