Delta,Time,CPU_FREQUENCY_0,CPU_FREQUENCY_1,CPU_FREQUENCY_2,CPU_FREQUENCY_3,CPU_FREQUENCY_4,CPU_FREQUENCY_5,CPU_FREQUENCY_6,CPU_FREQUENCY_7,CPU_TEMP_0,CPU_TEMP_1,CPU_TEMP_2,CPU_TEMP_3,CPU_TEMP_4,CPU_TEMP_5,CPU_TEMP_6,CPU_TEMP_7,CPU_TEMP_8,CPU_TEMP_9,CPU_USAGE_0,CPU_USAGE_1,CPU_USAGE_2,CPU_USAGE_3,CPU_USAGE_4,CPU_USAGE_5,CPU_USAGE_6,CPU_USAGE_7,SYSTEM_POWER (Watts),TOTAL_MEMORY,TOTAL_SWAP,USED_MEMORY,USED_SWAP
0,1729600217948,3228,3228,3228,3228,3228,3228,3228,3228,64.30990600585938,60.57932662963867,66.853515625,67.44829559326172,65.33824920654297,62.70433807373047,62.3642578125,62.81913757324219,63.080833435058594,62.60975646972656,50,0,50,0,0,0,0,0,20.87944221496582,17179869184,22548578304,6413582336,20918173696
308,1729600217948,3228,3228,3228,3228,3228,3228,3228,3228,64.30990600585938,60.57932662963867,66.853515625,67.44829559326172,65.33824920654297,62.70433807373047,62.3642578125,62.81913757324219,63.080833435058594,62.60975646972656,0,0,0,100,0,0,0,0,20.87944221496582,17179869184,22548578304,6416367616,20918173696
9,1729600218257,3228,3228,3228,3228,3228,3228,3228,3228,64.30990600585938,60.57932662963867,66.853515625,67.44829559326172,65.33824920654297,62.70433807373047,62.3642578125,62.81913757324219,63.080833435058594,62.60975646972656,16.129032135009766,19.35483741760254,50,22.580644607543945,13.333333969116211,6.25,0,0,20.87944221496582,17179869184,22548578304,6437584896,20918173696
