Delta,Time,CPU_FREQUENCY_0,CPU_FREQUENCY_1,CPU_FREQUENCY_2,CPU_FREQUENCY_3,CPU_FREQUENCY_4,CPU_FREQUENCY_5,CPU_FREQUENCY_6,CPU_FREQUENCY_7,CPU_TEMP_0,CPU_TEMP_1,CPU_TEMP_2,CPU_TEMP_3,CPU_TEMP_4,CPU_TEMP_5,CPU_TEMP_6,CPU_TEMP_7,CPU_TEMP_8,CPU_TEMP_9,CPU_USAGE_0,CPU_USAGE_1,CPU_USAGE_2,CPU_USAGE_3,CPU_USAGE_4,CPU_USAGE_5,CPU_USAGE_6,CPU_USAGE_7,SYSTEM_POWER (Watts),TOTAL_MEMORY,TOTAL_SWAP,USED_MEMORY,USED_SWAP
0,1729600062692,3228,3228,3228,3228,3228,3228,3228,3228,66.080078125,62.6319465637207,71.9637222290039,74.00859069824219,70.5223388671875,64.5759506225586,71.18206024169922,72.40272521972656,65.74984741210938,63.64445495605469,100,100,0,0,0,0,0,0,4.58034610748291,17179869184,22548578304,4960501760,20968570880
300,1729600062692,3228,3228,3228,3228,3228,3228,3228,3228,66.080078125,62.6319465637207,71.9637222290039,74.00859069824219,70.5223388671875,64.5759506225586,71.18206024169922,72.40272521972656,65.74984741210938,63.64445495605469,50,0,100,66.66667175292969,0,100,0,0,4.58034610748291,17179869184,22548578304,4964974592,20968570880
10,1729600062993,3228,3228,3228,3228,3228,3228,3228,3228,66.080078125,62.6319465637207,71.9637222290039,74.00859069824219,70.5223388671875,64.5759506225586,71.18206024169922,72.40272521972656,65.74984741210938,63.64445495605469,20.689655303955078,26.666667938232422,63.33333206176758,79.31034851074219,58.06451416015625,29.032257080078125,20,9.67741870880127,22.911258697509766,17179869184,22548578304,4964974592,20968570880
