Delta,Time,CPU_FREQUENCY_0,CPU_FREQUENCY_1,CPU_FREQUENCY_2,CPU_FREQUENCY_3,CPU_FREQUENCY_4,CPU_FREQUENCY_5,CPU_FREQUENCY_6,CPU_FREQUENCY_7,CPU_TEMP_0,CPU_TEMP_1,CPU_TEMP_2,CPU_TEMP_3,CPU_TEMP_4,CPU_TEMP_5,CPU_TEMP_6,CPU_TEMP_7,CPU_TEMP_8,CPU_TEMP_9,CPU_USAGE_0,CPU_USAGE_1,CPU_USAGE_2,CPU_USAGE_3,CPU_USAGE_4,CPU_USAGE_5,CPU_USAGE_6,CPU_USAGE_7,SYSTEM_POWER (Watts),TOTAL_MEMORY,TOTAL_SWAP,USED_MEMORY,USED_SWAP
0,1729563299919,3228,3228,3228,3228,3228,3228,3228,3228,65.0509033203125,61.90773391723633,65.47154235839844,66.4515609741211,65.49508666992188,63.34139633178711,63.048343658447266,63.959022521972656,64.21772766113281,64.13220977783203,50,50,50,0,0,0,0,0,28.427873611450195,17179869184,22548578304,4186947584,21256667136
303,1729563299919,3228,3228,3228,3228,3228,3228,3228,3228,65.0509033203125,61.90773391723633,65.47154235839844,66.4515609741211,65.49508666992188,63.34139633178711,63.048343658447266,63.959022521972656,64.21772766113281,64.13220977783203,0,0,50,0,50,0,NaN,0,28.427873611450195,17179869184,22548578304,4189847552,21256667136
309,1729563300224,3228,3228,3228,3228,3228,3228,3228,3228,65.0509033203125,61.90773391723633,65.47154235839844,66.4515609741211,65.49508666992188,63.34139633178711,63.048343658447266,63.959022521972656,64.21772766113281,64.13220977783203,46.66666793823242,40,82.75862121582031,72.41378784179688,73.33333587646484,77.41934967041016,71.875,70,15.46497631072998,17179869184,22548578304,5741559808,21256667136
8,1729563300533,3228,3228,3228,3228,3228,3228,3228,3228,65.0509033203125,61.90773391723633,65.47154235839844,66.4515609741211,65.49508666992188,63.34139633178711,63.048343658447266,63.959022521972656,64.21772766113281,64.13220977783203,10,10,45.16128921508789,34.375,21.875,22.580644607543945,16.129032135009766,15.625,15.46497631072998,17179869184,22548578304,4359340032,21256667136
