Delta,Time,CPU_FREQUENCY_0,CPU_FREQUENCY_1,CPU_FREQUENCY_2,CPU_FREQUENCY_3,CPU_FREQUENCY_4,CPU_FREQUENCY_5,CPU_FREQUENCY_6,CPU_FREQUENCY_7,CPU_TEMP_0,CPU_TEMP_1,CPU_TEMP_2,CPU_TEMP_3,CPU_TEMP_4,CPU_TEMP_5,CPU_TEMP_6,CPU_TEMP_7,CPU_TEMP_8,CPU_TEMP_9,CPU_USAGE_0,CPU_USAGE_1,CPU_USAGE_2,CPU_USAGE_3,CPU_USAGE_4,CPU_USAGE_5,CPU_USAGE_6,CPU_USAGE_7,SYSTEM_POWER (Watts),TOTAL_MEMORY,TOTAL_SWAP,USED_MEMORY,USED_SWAP
0,1729545377425,3228,3228,3228,3228,3228,3228,3228,3228,69.40911102294922,66.41471862792969,71.08345794677734,72.62737274169922,72.05970001220703,67.32562255859375,68.59314727783203,68.79859924316406,68.79540252685547,68.25914764404297,50,66.66667175292969,0,0,0,0,0,0,13.075413703918457,17179869184,21474836480,4303273984,20260454400
309,1729545377425,3228,3228,3228,3228,3228,3228,3228,3228,69.40911102294922,66.41471862792969,71.08345794677734,72.62737274169922,72.05970001220703,67.32562255859375,68.59314727783203,68.79859924316406,68.79540252685547,68.25914764404297,0,NaN,0,100,NaN,0,0,0,13.075413703918457,17179869184,21474836480,4306501632,20260454400
311,1729545377735,3228,3228,3228,3228,3228,3228,3228,3228,69.40911102294922,66.41471862792969,71.08345794677734,72.62737274169922,72.05970001220703,67.32562255859375,68.59314727783203,68.79859924316406,68.79540252685547,68.25914764404297,41.935482025146484,30.000001907348633,62.5,74.19355010986328,58.06451416015625,56.66666793823242,54.83871078491211,53.333335876464844,12.759870529174805,17179869184,21474836480,6337593344,20260454400
309,1729545378046,3228,3228,3228,3228,3228,3228,3228,3228,69.40911102294922,66.41471862792969,71.08345794677734,72.62737274169922,72.05970001220703,67.32562255859375,68.59314727783203,68.79859924316406,68.79540252685547,68.25914764404297,50,45.16128921508789,65.51724243164063,70.96774291992188,64.51612854003906,56.25,51.61289978027344,46.875,12.759870529174805,17179869184,21474836480,7050608640,20260454400
11,1729545378356,3228,3228,3228,3228,3228,3228,3228,3228,71.42327117919922,69.32344818115234,74.75215148925781,77.04209899902344,74.64925384521484,69.88455963134766,72.97715759277344,73.64556884765625,72.9913101196289,70.93243408203125,36.66666793823242,29.032257080078125,3.22580623626709,3.22580623626709,16.129032135009766,0,0,0,12.759870529174805,17179869184,21474836480,4660461568,20260454400
