Delta,Time,CPU_FREQUENCY_0,CPU_FREQUENCY_1,CPU_FREQUENCY_2,CPU_FREQUENCY_3,CPU_FREQUENCY_4,CPU_FREQUENCY_5,CPU_FREQUENCY_6,CPU_FREQUENCY_7,CPU_TEMP_0,CPU_TEMP_1,CPU_TEMP_2,CPU_TEMP_3,CPU_TEMP_4,CPU_TEMP_5,CPU_TEMP_6,CPU_TEMP_7,CPU_TEMP_8,CPU_TEMP_9,CPU_USAGE_0,CPU_USAGE_1,CPU_USAGE_2,CPU_USAGE_3,CPU_USAGE_4,CPU_USAGE_5,CPU_USAGE_6,CPU_USAGE_7,SYSTEM_POWER (Watts),TOTAL_MEMORY,TOTAL_SWAP,USED_MEMORY,USED_SWAP
0,1729588548762,3228,3228,3228,3228,3228,3228,3228,3228,64.95984649658203,62.44723892211914,63.38567352294922,64.64241790771484,64.52655029296875,63.308372497558594,63.055816650390625,63.910221099853516,64.92583465576172,64.17176818847656,50,100,100,100,66.66667175292969,NaN,NaN,0,4.68654727935791,17179869184,22548578304,3928965120,21077622784
302,1729588548762,3228,3228,3228,3228,3228,3228,3228,3228,64.95984649658203,62.44723892211914,63.38567352294922,64.64241790771484,64.52655029296875,63.308372497558594,63.055816650390625,63.910221099853516,64.92583465576172,64.17176818847656,0,0,100,50,NaN,100,66.66667175292969,0,4.68654727935791,17179869184,22548578304,3928965120,21077622784
307,1729588549065,3228,3228,3228,3228,3228,3228,3228,3228,64.95984649658203,62.44723892211914,63.38567352294922,64.64241790771484,64.52655029296875,63.308372497558594,63.055816650390625,63.910221099853516,64.92583465576172,64.17176818847656,70,64.51612854003906,93.54838562011719,93.33333587646484,90.32257843017578,90.32257843017578,93.33333587646484,93.54838562011719,4.68654727935791,17179869184,22548578304,3928965120,21077622784
301,1729588549372,3228,3228,3228,3228,3228,3228,3228,3228,69.96845245361328,67.67868041992188,73.90515899658203,75.64155578613281,72.12525939941406,68.11751556396484,73.30644226074219,73.8197021484375,71.11508178710938,68.68617248535156,66.66667175292969,66.66667175292969,100,93.33333587646484,90,96.66666412353516,83.33332824707031,90.32257843017578,4.68654727935791,17179869184,22548578304,5791023104,21077622784
12,1729588549674,3228,3228,3228,3228,3228,3228,3228,3228,69.96845245361328,67.67868041992188,73.90515899658203,75.64155578613281,72.12525939941406,68.11751556396484,73.30644226074219,73.8197021484375,71.11508178710938,68.68617248535156,23.33333396911621,20,86.20689392089844,90.32257843017578,83.33332824707031,76.66666412353516,54.83871078491211,43.33333206176758,9.828657150268555,17179869184,22548578304,4173938688,21077622784
