Delta,Time,CPU_FREQUENCY_0,CPU_FREQUENCY_1,CPU_FREQUENCY_2,CPU_FREQUENCY_3,CPU_FREQUENCY_4,CPU_FREQUENCY_5,CPU_FREQUENCY_6,CPU_FREQUENCY_7,CPU_TEMP_0,CPU_TEMP_1,CPU_TEMP_2,CPU_TEMP_3,CPU_TEMP_4,CPU_TEMP_5,CPU_TEMP_6,CPU_TEMP_7,CPU_TEMP_8,CPU_TEMP_9,CPU_USAGE_0,CPU_USAGE_1,CPU_USAGE_2,CPU_USAGE_3,CPU_USAGE_4,CPU_USAGE_5,CPU_USAGE_6,CPU_USAGE_7,SYSTEM_POWER (Watts),TOTAL_MEMORY,TOTAL_SWAP,USED_MEMORY,USED_SWAP
0,1729546791383,3228,3228,3228,3228,3228,3228,3228,3228,56.448577880859375,53.154449462890625,55.87267303466797,55.952674865722656,57.412391662597656,54.52019119262695,55.69710922241211,55.83205032348633,57.372955322265625,56.06575012207031,50,0,100,0,NaN,NaN,0,0,4.852182865142822,17179869184,21474836480,6030229504,20243677184
301,1729546791383,3228,3228,3228,3228,3228,3228,3228,3228,56.448577880859375,53.154449462890625,55.87267303466797,55.952674865722656,57.412391662597656,54.52019119262695,55.69710922241211,55.83205032348633,57.372955322265625,56.06575012207031,0,0,50,100,0,50,0,50,4.852182865142822,17179869184,21474836480,6033440768,20243677184
12,1729546791685,3228,3228,3228,3228,3228,3228,3228,3228,56.448577880859375,53.154449462890625,55.87267303466797,55.952674865722656,57.412391662597656,54.52019119262695,55.69710922241211,55.83205032348633,57.372955322265625,56.06575012207031,20,20.689655303955078,82.75862121582031,73.33333587646484,80.6451644897461,60.000003814697266,63.33333206176758,36.66666793823242,4.828307151794434,17179869184,21474836480,6047350784,20243677184
