Delta,Time,CPU_FREQUENCY_0,CPU_FREQUENCY_1,CPU_FREQUENCY_2,CPU_FREQUENCY_3,CPU_FREQUENCY_4,CPU_FREQUENCY_5,CPU_FREQUENCY_6,CPU_FREQUENCY_7,CPU_TEMP_0,CPU_TEMP_1,CPU_TEMP_2,CPU_TEMP_3,CPU_TEMP_4,CPU_TEMP_5,CPU_TEMP_6,CPU_TEMP_7,CPU_TEMP_8,CPU_TEMP_9,CPU_USAGE_0,CPU_USAGE_1,CPU_USAGE_2,CPU_USAGE_3,CPU_USAGE_4,CPU_USAGE_5,CPU_USAGE_6,CPU_USAGE_7,SYSTEM_POWER (Watts),TOTAL_MEMORY,TOTAL_SWAP,USED_MEMORY,USED_SWAP
0,1729540955624,3228,3228,3228,3228,3228,3228,3228,3228,66.6733627319336,61.948848724365234,68.73275756835938,70.68104553222656,68.58737182617188,64.01238250732422,67.102783203125,64.39277648925781,64.2822036743164,63.70246124267578,0,50,50,0,0,0,0,0,12.32406234741211,17179869184,21474836480,6008307712,20369506304
309,1729540955624,3228,3228,3228,3228,3228,3228,3228,3228,66.6733627319336,61.948848724365234,68.73275756835938,70.68104553222656,68.58737182617188,64.01238250732422,67.102783203125,64.39277648925781,64.2822036743164,63.70246124267578,100,NaN,0,100,0,0,0,0,12.32406234741211,17179869184,21474836480,6008307712,20369506304
6,1729540955934,3228,3228,3228,3228,3228,3228,3228,3228,66.6733627319336,61.948848724365234,68.73275756835938,70.68104553222656,68.58737182617188,64.01238250732422,67.102783203125,64.39277648925781,64.2822036743164,63.70246124267578,6.45161247253418,9.375,83.33332824707031,80.6451644897461,76.66666412353516,73.33333587646484,25.80644989013672,6.45161247253418,12.32406234741211,17179869184,21474836480,6008307712,20369506304
