Delta,Time,CPU_FREQUENCY_0,CPU_FREQUENCY_1,CPU_FREQUENCY_2,CPU_FREQUENCY_3,CPU_FREQUENCY_4,CPU_FREQUENCY_5,CPU_FREQUENCY_6,CPU_FREQUENCY_7,CPU_TEMP_0,CPU_TEMP_1,CPU_TEMP_2,CPU_TEMP_3,CPU_TEMP_4,CPU_TEMP_5,CPU_TEMP_6,CPU_TEMP_7,CPU_TEMP_8,CPU_TEMP_9,CPU_USAGE_0,CPU_USAGE_1,CPU_USAGE_2,CPU_USAGE_3,CPU_USAGE_4,CPU_USAGE_5,CPU_USAGE_6,CPU_USAGE_7,SYSTEM_POWER (Watts),TOTAL_MEMORY,TOTAL_SWAP,USED_MEMORY,USED_SWAP
0,1729550796340,3228,3228,3228,3228,3228,3228,3228,3228,68.84248352050781,64.45635986328125,72.82969665527344,74.84191131591797,71.9321060180664,67.0217514038086,71.5031967163086,70.31846618652344,66.73502349853516,66.01121520996094,0,NaN,100,0,0,0,0,0,25.240245819091797,17179869184,21474836480,6401310720,20766916608
307,1729550796340,3228,3228,3228,3228,3228,3228,3228,3228,68.84248352050781,64.45635986328125,72.82969665527344,74.84191131591797,71.9321060180664,67.0217514038086,71.5031967163086,70.31846618652344,66.73502349853516,66.01121520996094,0,0,100,100,0,0,0,0,25.240245819091797,17179869184,21474836480,6405734400,20766916608
301,1729550796647,3228,3228,3228,3228,3228,3228,3228,3228,68.84248352050781,64.45635986328125,72.82969665527344,74.84191131591797,71.9321060180664,67.0217514038086,71.5031967163086,70.31846618652344,66.73502349853516,66.01121520996094,80,77.41934967041016,93.10344696044922,93.54838562011719,77.41934967041016,86.66666412353516,76.66666412353516,77.41934967041016,25.240245819091797,17179869184,21474836480,8929705984,20766916608
11,1729550796949,3228,3228,3228,3228,3228,3228,3228,3228,68.84248352050781,64.45635986328125,72.82969665527344,74.84191131591797,71.9321060180664,67.0217514038086,71.5031967163086,70.31846618652344,66.73502349853516,66.01121520996094,26.666667938232422,32.25806427001953,67.74193572998047,36.66666793823242,50,22.580644607543945,16.666667938232422,0,25.24243927001953,17179869184,21474836480,6413303808,20766916608
