Delta,Time,CPU_FREQUENCY_0,CPU_FREQUENCY_1,CPU_FREQUENCY_2,CPU_FREQUENCY_3,CPU_FREQUENCY_4,CPU_FREQUENCY_5,CPU_FREQUENCY_6,CPU_FREQUENCY_7,CPU_TEMP_0,CPU_TEMP_1,CPU_TEMP_2,CPU_TEMP_3,CPU_TEMP_4,CPU_TEMP_5,CPU_TEMP_6,CPU_TEMP_7,CPU_TEMP_8,CPU_TEMP_9,CPU_USAGE_0,CPU_USAGE_1,CPU_USAGE_2,CPU_USAGE_3,CPU_USAGE_4,CPU_USAGE_5,CPU_USAGE_6,CPU_USAGE_7,SYSTEM_POWER (Watts),TOTAL_MEMORY,TOTAL_SWAP,USED_MEMORY,USED_SWAP
0,1729532208457,3228,3228,3228,3228,3228,3228,3228,3228,61.229736328125,56.75331115722656,62.691375732421875,63.783260345458984,62.73902130126953,58.74165725708008,60.67798614501953,60.522003173828125,60.107276916503906,59.55152893066406,0,0,50,100,100,NaN,NaN,100,4.5542378425598145,17179869184,19327352832,6750175232,18699911168
306,1729532208457,3228,3228,3228,3228,3228,3228,3228,3228,61.229736328125,56.75331115722656,62.691375732421875,63.783260345458984,62.73902130126953,58.74165725708008,60.67798614501953,60.522003173828125,60.107276916503906,59.55152893066406,0,0,100,66.66667175292969,100,100,100,100,4.5542378425598145,17179869184,19327352832,6754074624,18699911168
304,1729532208764,3228,3228,3228,3228,3228,3228,3228,3228,61.229736328125,56.75331115722656,62.691375732421875,63.783260345458984,62.73902130126953,58.74165725708008,60.67798614501953,60.522003173828125,60.107276916503906,59.55152893066406,83.33332824707031,80.6451644897461,100,100,100,96.66666412353516,100,96.7741928100586,4.5542378425598145,17179869184,19327352832,7887945728,18699911168
10,1729532209069,3228,3228,3228,3228,3228,3228,3228,3228,67.10419464111328,64.74162292480469,71.70854949951172,74.21890258789063,70.47443389892578,65.15113830566406,73.57301330566406,73.37522888183594,70.2705307006836,66.37532043457031,54.83871078491211,50,93.54838562011719,90.32257843017578,90,93.54838562011719,83.33332824707031,82.75862121582031,4.5542378425598145,17179869184,19327352832,6900809728,18699911168
