Delta,Time,CPU_FREQUENCY_0,CPU_FREQUENCY_1,CPU_FREQUENCY_2,CPU_FREQUENCY_3,CPU_FREQUENCY_4,CPU_FREQUENCY_5,CPU_FREQUENCY_6,CPU_FREQUENCY_7,CPU_TEMP_0,CPU_TEMP_1,CPU_TEMP_2,CPU_TEMP_3,CPU_TEMP_4,CPU_TEMP_5,CPU_TEMP_6,CPU_TEMP_7,CPU_TEMP_8,CPU_TEMP_9,CPU_USAGE_0,CPU_USAGE_1,CPU_USAGE_2,CPU_USAGE_3,CPU_USAGE_4,CPU_USAGE_5,CPU_USAGE_6,CPU_USAGE_7,SYSTEM_POWER (Watts),TOTAL_MEMORY,TOTAL_SWAP,USED_MEMORY,USED_SWAP
0,1729600105630,3228,3228,3228,3228,3228,3228,3228,3228,61.77536392211914,58.49668502807617,63.534385681152344,64.83181762695313,63.306419372558594,60.052371978759766,60.45457458496094,60.90734100341797,61.45783615112305,60.668731689453125,50,0,0,0,0,0,0,0,20.376834869384766,17179869184,22548578304,5399871488,20918173696
307,1729600105630,3228,3228,3228,3228,3228,3228,3228,3228,61.77536392211914,58.49668502807617,63.534385681152344,64.83181762695313,63.306419372558594,60.052371978759766,60.45457458496094,60.90734100341797,61.45783615112305,60.668731689453125,0,0,66.66667175292969,NaN,0,0,0,0,20.376834869384766,17179869184,22548578304,5401690112,20918173696
308,1729600105938,3228,3228,3228,3228,3228,3228,3228,3228,61.77536392211914,58.49668502807617,63.534385681152344,64.83181762695313,63.306419372558594,60.052371978759766,60.45457458496094,60.90734100341797,61.45783615112305,60.668731689453125,90,90,96.55171966552734,90.625,96.66666412353516,87.09677124023438,90.32257843017578,90.32257843017578,21.53529930114746,17179869184,22548578304,5452972032,20918173696
9,1729600106247,3228,3228,3228,3228,3228,3228,3228,3228,61.77536392211914,58.49668502807617,63.534385681152344,64.83181762695313,63.306419372558594,60.052371978759766,60.45457458496094,60.90734100341797,61.45783615112305,60.668731689453125,23.33333396911621,16.129032135009766,21.875,50,34.375,3.3333334922790527,9.67741870880127,6.45161247253418,21.53529930114746,17179869184,22548578304,5417222144,20918173696
