Delta,Time,CPU_FREQUENCY_0,CPU_FREQUENCY_1,CPU_FREQUENCY_2,CPU_FREQUENCY_3,CPU_FREQUENCY_4,CPU_FREQUENCY_5,CPU_FREQUENCY_6,CPU_FREQUENCY_7,CPU_TEMP_0,CPU_TEMP_1,CPU_TEMP_2,CPU_TEMP_3,CPU_TEMP_4,CPU_TEMP_5,CPU_TEMP_6,CPU_TEMP_7,CPU_TEMP_8,CPU_TEMP_9,CPU_USAGE_0,CPU_USAGE_1,CPU_USAGE_2,CPU_USAGE_3,CPU_USAGE_4,CPU_USAGE_5,CPU_USAGE_6,CPU_USAGE_7,SYSTEM_POWER (Watts),TOTAL_MEMORY,TOTAL_SWAP,USED_MEMORY,USED_SWAP
0,1729543519966,3228,3228,3228,3228,3228,3228,3228,3228,58.64238357543945,56.43782043457031,57.155311584472656,57.65198516845703,59.32829284667969,57.64900207519531,57.38513946533203,57.353424072265625,58.99407958984375,59.64411163330078,50,33.333335876464844,50,0,0,0,0,0,5.128209590911865,17179869184,21474836480,6796181504,20344340480
306,1729543519966,3228,3228,3228,3228,3228,3228,3228,3228,58.64238357543945,56.43782043457031,57.155311584472656,57.65198516845703,59.32829284667969,57.64900207519531,57.38513946533203,57.353424072265625,58.99407958984375,59.64411163330078,0,NaN,NaN,50,0,100,0,0,5.128209590911865,17179869184,21474836480,6797934592,20344340480
307,1729543520273,3228,3228,3228,3228,3228,3228,3228,3228,58.78739547729492,56.42061233520508,58.01726531982422,58.49140548706055,59.83897399902344,57.68648910522461,58.059356689453125,58.14859390258789,59.29820251464844,59.6651611328125,64.51612854003906,60.000003814697266,80.6451644897461,77.41934967041016,70,70.96774291992188,70,66.66667175292969,5.128209590911865,17179869184,21474836480,9315057664,20344340480
8,1729543520581,3228,3228,3228,3228,3228,3228,3228,3228,58.78739547729492,56.42061233520508,58.01726531982422,58.49140548706055,59.83897399902344,57.68648910522461,58.059356689453125,58.14859390258789,59.29820251464844,59.6651611328125,20.689655303955078,40.625,32.25806427001953,9.67741870880127,0,6.6666669845581055,0,0,5.336145401000977,17179869184,21474836480,6782697472,20344340480
