Delta,Time,CPU_FREQUENCY_0,CPU_FREQUENCY_1,CPU_FREQUENCY_2,CPU_FREQUENCY_3,CPU_FREQUENCY_4,CPU_FREQUENCY_5,CPU_FREQUENCY_6,CPU_FREQUENCY_7,CPU_TEMP_0,CPU_TEMP_1,CPU_TEMP_2,CPU_TEMP_3,CPU_TEMP_4,CPU_TEMP_5,CPU_TEMP_6,CPU_TEMP_7,CPU_TEMP_8,CPU_TEMP_9,CPU_USAGE_0,CPU_USAGE_1,CPU_USAGE_2,CPU_USAGE_3,CPU_USAGE_4,CPU_USAGE_5,CPU_USAGE_6,CPU_USAGE_7,SYSTEM_POWER (Watts),TOTAL_MEMORY,TOTAL_SWAP,USED_MEMORY,USED_SWAP
0,1729533844238,3228,3228,3228,3228,3228,3228,3228,3228,62.4342041015625,59.93292999267578,60.78984069824219,62.604034423828125,63.457481384277344,60.889286041259766,61.381900787353516,61.85660934448242,62.92878723144531,63.03065490722656,100,66.66667175292969,0,0,0,0,0,0,8.982328414916992,17179869184,19327352832,6536904704,18683133952
306,1729533844238,3228,3228,3228,3228,3228,3228,3228,3228,62.4342041015625,59.93292999267578,60.78984069824219,62.604034423828125,63.457481384277344,60.889286041259766,61.381900787353516,61.85660934448242,62.92878723144531,63.03065490722656,0,NaN,50,NaN,0,0,0,0,8.982328414916992,17179869184,19327352832,6539657216,18683133952
11,1729533844545,3228,3228,3228,3228,3228,3228,3228,3228,62.4342041015625,59.93292999267578,60.78984069824219,62.604034423828125,63.457481384277344,60.889286041259766,61.381900787353516,61.85660934448242,62.92878723144531,63.03065490722656,20,22.580644607543945,16.666667938232422,25.80644989013672,9.375,6.45161247253418,0,0,5.153153419494629,17179869184,19327352832,6539657216,18683133952
