Delta,Time,CPU_FREQUENCY_0,CPU_FREQUENCY_1,CPU_FREQUENCY_2,CPU_FREQUENCY_3,CPU_FREQUENCY_4,CPU_FREQUENCY_5,CPU_FREQUENCY_6,CPU_FREQUENCY_7,CPU_TEMP_0,CPU_TEMP_1,CPU_TEMP_2,CPU_TEMP_3,CPU_TEMP_4,CPU_TEMP_5,CPU_TEMP_6,CPU_TEMP_7,CPU_TEMP_8,CPU_TEMP_9,CPU_USAGE_0,CPU_USAGE_1,CPU_USAGE_2,CPU_USAGE_3,CPU_USAGE_4,CPU_USAGE_5,CPU_USAGE_6,CPU_USAGE_7,SYSTEM_POWER (Watts),TOTAL_MEMORY,TOTAL_SWAP,USED_MEMORY,USED_SWAP
0,1729585828799,3228,3228,3228,3228,3228,3228,3228,3228,64.19577026367188,60.328086853027344,69.4106216430664,71.17771911621094,66.50334930419922,62.17726516723633,65.66127014160156,66.83096313476563,63.3714714050293,62.060142517089844,100,100,50,0,0,0,0,0,28.641538619995117,17179869184,22548578304,4419633152,21094400000
309,1729585828799,3228,3228,3228,3228,3228,3228,3228,3228,64.19577026367188,60.328086853027344,69.4106216430664,71.17771911621094,66.50334930419922,62.17726516723633,65.66127014160156,66.83096313476563,63.3714714050293,62.060142517089844,0,0,0,NaN,0,0,0,0,28.641538619995117,17179869184,22548578304,4419633152,21094400000
309,1729585829109,3228,3228,3228,3228,3228,3228,3228,3228,60.80806350708008,57.59708786010742,62.80432891845703,63.99078369140625,61.5677490234375,58.44493865966797,60.5059700012207,60.79167175292969,60.719703674316406,59.48064422607422,86.66666412353516,87.5,96.7741928100586,90.625,87.5,93.54838562011719,90,89.6551742553711,28.641538619995117,17179869184,22548578304,4419633152,21094400000
10,1729585829419,3228,3228,3228,3228,3228,3228,3228,3228,60.80806350708008,57.59708786010742,62.80432891845703,63.99078369140625,61.5677490234375,58.44493865966797,60.5059700012207,60.79167175292969,60.719703674316406,59.48064422607422,15.625,12.90322494506836,48.3870964050293,25.80644989013672,30.000001907348633,16.129032135009766,9.375,9.090909004211426,28.641538619995117,17179869184,22548578304,4434460672,21094400000
