Delta,Time,CPU_FREQUENCY_0,CPU_FREQUENCY_1,CPU_FREQUENCY_2,CPU_FREQUENCY_3,CPU_FREQUENCY_4,CPU_FREQUENCY_5,CPU_FREQUENCY_6,CPU_FREQUENCY_7,CPU_TEMP_0,CPU_TEMP_1,CPU_TEMP_2,CPU_TEMP_3,CPU_TEMP_4,CPU_TEMP_5,CPU_TEMP_6,CPU_TEMP_7,CPU_TEMP_8,CPU_TEMP_9,CPU_USAGE_0,CPU_USAGE_1,CPU_USAGE_2,CPU_USAGE_3,CPU_USAGE_4,CPU_USAGE_5,CPU_USAGE_6,CPU_USAGE_7,SYSTEM_POWER (Watts),TOTAL_MEMORY,TOTAL_SWAP,USED_MEMORY,USED_SWAP
0,1729567132880,3228,3228,3228,3228,3228,3228,3228,3228,67.69390106201172,65.11717224121094,66.3504409790039,67.86551666259766,67.9412612915039,66.27814483642578,65.77723693847656,66.41941833496094,68.2166976928711,67.4315414428711,50,0,33.333335876464844,0,0,0,0,0,7.37651252746582,17179869184,22548578304,3754950656,21248278528
309,1729567132880,3228,3228,3228,3228,3228,3228,3228,3228,67.69390106201172,65.11717224121094,66.3504409790039,67.86551666259766,67.9412612915039,66.27814483642578,65.77723693847656,66.41941833496094,68.2166976928711,67.4315414428711,0,NaN,0,66.66667175292969,100,0,0,0,7.37651252746582,17179869184,22548578304,3756736512,21248278528
8,1729567133190,3228,3228,3228,3228,3228,3228,3228,3228,67.69390106201172,65.11717224121094,66.3504409790039,67.86551666259766,67.9412612915039,66.27814483642578,65.77723693847656,66.41941833496094,68.2166976928711,67.4315414428711,20,19.35483741760254,29.032257080078125,38.70967483520508,15.625,9.67741870880127,0,0,4.876102447509766,17179869184,22548578304,3793993728,21248278528
