Delta,Time,CPU_FREQUENCY_0,CPU_FREQUENCY_1,CPU_FREQUENCY_2,CPU_FREQUENCY_3,CPU_FREQUENCY_4,CPU_FREQUENCY_5,CPU_FREQUENCY_6,CPU_FREQUENCY_7,CPU_TEMP_0,CPU_TEMP_1,CPU_TEMP_2,CPU_TEMP_3,CPU_TEMP_4,CPU_TEMP_5,CPU_TEMP_6,CPU_TEMP_7,CPU_TEMP_8,CPU_TEMP_9,CPU_USAGE_0,CPU_USAGE_1,CPU_USAGE_2,CPU_USAGE_3,CPU_USAGE_4,CPU_USAGE_5,CPU_USAGE_6,CPU_USAGE_7,SYSTEM_POWER (Watts),TOTAL_MEMORY,TOTAL_SWAP,USED_MEMORY,USED_SWAP
0,1729569507235,3228,3228,3228,3228,3228,3228,3228,3228,65.27161407470703,60.382057189941406,69.6803970336914,70.25829315185547,66.04345703125,62.625885009765625,63.35659408569336,63.937870025634766,62.94102478027344,62.21888732910156,0,0,0,0,0,0,0,0,24.11826515197754,17179869184,22548578304,4855758848,21248278528
306,1729569507235,3228,3228,3228,3228,3228,3228,3228,3228,65.27161407470703,60.382057189941406,69.6803970336914,70.25829315185547,66.04345703125,62.625885009765625,63.35659408569336,63.937870025634766,62.94102478027344,62.21888732910156,50,50,0,50,50,0,0,0,24.11826515197754,17179869184,22548578304,4855758848,21248278528
309,1729569507541,3228,3228,3228,3228,3228,3228,3228,3228,65.27161407470703,60.382057189941406,69.6803970336914,70.25829315185547,66.04345703125,62.625885009765625,63.35659408569336,63.937870025634766,62.94102478027344,62.21888732910156,90,87.09677124023438,93.54838562011719,96.66666412353516,93.54838562011719,93.33333587646484,90.625,90,24.11826515197754,17179869184,22548578304,4855758848,21248278528
9,1729569507851,3228,3228,3228,3228,3228,3228,3228,3228,62.476043701171875,59.46928405761719,63.151283264160156,64.56962585449219,63.42889404296875,60.766414642333984,60.90206527709961,62.10457992553711,62.76810073852539,61.55418395996094,16.129032135009766,12.90322494506836,29.032257080078125,59.375,22.580644607543945,25,9.67741870880127,3.22580623626709,24.11826515197754,17179869184,22548578304,4869275648,21248278528
