Delta,Time,CPU_FREQUENCY_0,CPU_FREQUENCY_1,CPU_FREQUENCY_2,CPU_FREQUENCY_3,CPU_FREQUENCY_4,CPU_FREQUENCY_5,CPU_FREQUENCY_6,CPU_FREQUENCY_7,CPU_TEMP_0,CPU_TEMP_1,CPU_TEMP_2,CPU_TEMP_3,CPU_TEMP_4,CPU_TEMP_5,CPU_TEMP_6,CPU_TEMP_7,CPU_TEMP_8,CPU_TEMP_9,CPU_USAGE_0,CPU_USAGE_1,CPU_USAGE_2,CPU_USAGE_3,CPU_USAGE_4,CPU_USAGE_5,CPU_USAGE_6,CPU_USAGE_7,SYSTEM_POWER (Watts),TOTAL_MEMORY,TOTAL_SWAP,USED_MEMORY,USED_SWAP
0,1729594296108,3228,3228,3228,3228,3228,3228,3228,3228,64.95195770263672,62.44050598144531,64.20343017578125,64.64895629882813,65.68074798583984,63.79922866821289,63.70286178588867,64.69271850585938,65.95100402832031,65.85066986083984,0,100,NaN,0,0,0,0,0,4.935798168182373,17179869184,22548578304,5892325376,20976959488
306,1729594296108,3228,3228,3228,3228,3228,3228,3228,3228,64.95195770263672,62.44050598144531,64.20343017578125,64.64895629882813,65.68074798583984,63.79922866821289,63.70286178588867,64.69271850585938,65.95100402832031,65.85066986083984,0,0,0,66.66667175292969,0,0,0,0,4.935798168182373,17179869184,22548578304,5894455296,20976959488
309,1729594296415,3228,3228,3228,3228,3228,3228,3228,3228,65.32223510742188,62.9375,65.21039581298828,65.97723388671875,66.544189453125,64.0491714477539,64.45704650878906,65.49633026123047,66.43202209472656,65.84683990478516,70.96774291992188,66.66667175292969,78.125,93.10344696044922,70.96774291992188,74.19355010986328,68.75,70.96774291992188,4.935798168182373,17179869184,22548578304,8393457664,20976959488
13,1729594296726,3228,3228,3228,3228,3228,3228,3228,3228,65.32223510742188,62.9375,65.21039581298828,65.97723388671875,66.544189453125,64.0491714477539,64.45704650878906,65.49633026123047,66.43202209472656,65.84683990478516,22.580644607543945,23.33333396911621,30.000001907348633,25,16.129032135009766,3.22580623626709,6.45161247253418,3.22580623626709,5.467200756072998,17179869184,22548578304,5908758528,20976959488
