Delta,Time,CPU_FREQUENCY_0,CPU_FREQUENCY_1,CPU_FREQUENCY_2,CPU_FREQUENCY_3,CPU_FREQUENCY_4,CPU_FREQUENCY_5,CPU_FREQUENCY_6,CPU_FREQUENCY_7,CPU_TEMP_0,CPU_TEMP_1,CPU_TEMP_2,CPU_TEMP_3,CPU_TEMP_4,CPU_TEMP_5,CPU_TEMP_6,CPU_TEMP_7,CPU_TEMP_8,CPU_TEMP_9,CPU_USAGE_0,CPU_USAGE_1,CPU_USAGE_2,CPU_USAGE_3,CPU_USAGE_4,CPU_USAGE_5,CPU_USAGE_6,CPU_USAGE_7,SYSTEM_POWER (Watts),TOTAL_MEMORY,TOTAL_SWAP,USED_MEMORY,USED_SWAP
0,1729597275938,3228,3228,3228,3228,3228,3228,3228,3228,58.03192138671875,55.749813079833984,57.175743103027344,58.358978271484375,58.113006591796875,56.51458740234375,56.48930358886719,57.406044006347656,58.59325408935547,58.267494201660156,0,NaN,100,100,100,100,100,100,4.836831569671631,17179869184,22548578304,4429299712,20968570880
302,1729597275938,3228,3228,3228,3228,3228,3228,3228,3228,58.03192138671875,55.749813079833984,57.175743103027344,58.358978271484375,58.113006591796875,56.51458740234375,56.48930358886719,57.406044006347656,58.59325408935547,58.267494201660156,NaN,0,100,100,NaN,100,100,100,4.836831569671631,17179869184,22548578304,4432379904,20968570880
9,1729597276241,3228,3228,3228,3228,3228,3228,3228,3228,58.03192138671875,55.749813079833984,57.175743103027344,58.358978271484375,58.113006591796875,56.51458740234375,56.48930358886719,57.406044006347656,58.59325408935547,58.267494201660156,41.935482025146484,30.000001907348633,93.33333587646484,93.33333587646484,90.32257843017578,93.54838562011719,90.32257843017578,90,4.836831569671631,17179869184,22548578304,4468916224,20968570880
