Delta,Time,CPU_FREQUENCY_0,CPU_FREQUENCY_1,CPU_FREQUENCY_2,CPU_FREQUENCY_3,CPU_FREQUENCY_4,CPU_FREQUENCY_5,CPU_FREQUENCY_6,CPU_FREQUENCY_7,CPU_TEMP_0,CPU_TEMP_1,CPU_TEMP_2,CPU_TEMP_3,CPU_TEMP_4,CPU_TEMP_5,CPU_TEMP_6,CPU_TEMP_7,CPU_TEMP_8,CPU_TEMP_9,CPU_USAGE_0,CPU_USAGE_1,CPU_USAGE_2,CPU_USAGE_3,CPU_USAGE_4,CPU_USAGE_5,CPU_USAGE_6,CPU_USAGE_7,SYSTEM_POWER (Watts),TOTAL_MEMORY,TOTAL_SWAP,USED_MEMORY,USED_SWAP
0,1729591016264,3228,3228,3228,3228,3228,3228,3228,3228,63.20005416870117,60.79985809326172,62.28434753417969,63.57411575317383,63.1103515625,61.22856521606445,61.9549560546875,62.175437927246094,63.36133575439453,63.09098815917969,0,50,0,0,0,0,0,0,20.211748123168945,17179869184,22548578304,5719572480,21069234176
308,1729591016264,3228,3228,3228,3228,3228,3228,3228,3228,63.20005416870117,60.79985809326172,62.28434753417969,63.57411575317383,63.1103515625,61.22856521606445,61.9549560546875,62.175437927246094,63.36133575439453,63.09098815917969,0,0,NaN,50,0,0,0,0,20.211748123168945,17179869184,22548578304,5719375872,21069234176
309,1729591016572,3228,3228,3228,3228,3228,3228,3228,3228,63.20005416870117,60.79985809326172,62.28434753417969,63.57411575317383,63.1103515625,61.22856521606445,61.9549560546875,62.175437927246094,63.36133575439453,63.09098815917969,35.48387145996094,32.25806427001953,65.625,73.33333587646484,61.29032516479492,51.61289978027344,50,53.125,20.211748123168945,17179869184,22548578304,6841221120,21069234176
9,1729591016883,3228,3228,3228,3228,3228,3228,3228,3228,63.20005416870117,60.79985809326172,62.28434753417969,63.57411575317383,63.1103515625,61.22856521606445,61.9549560546875,62.175437927246094,63.36133575439453,63.09098815917969,16.666667938232422,10.344827651977539,56.66666793823242,48.3870964050293,38.70967483520508,46.66666793823242,35.48387145996094,32.25806427001953,9.649491310119629,17179869184,22548578304,5910315008,21069234176
