Delta,Time,CPU_FREQUENCY_0,CPU_FREQUENCY_1,CPU_FREQUENCY_2,CPU_FREQUENCY_3,CPU_FREQUENCY_4,CPU_FREQUENCY_5,CPU_FREQUENCY_6,CPU_FREQUENCY_7,CPU_TEMP_0,CPU_TEMP_1,CPU_TEMP_2,CPU_TEMP_3,CPU_TEMP_4,CPU_TEMP_5,CPU_TEMP_6,CPU_TEMP_7,CPU_TEMP_8,CPU_TEMP_9,CPU_USAGE_0,CPU_USAGE_1,CPU_USAGE_2,CPU_USAGE_3,CPU_USAGE_4,CPU_USAGE_5,CPU_USAGE_6,CPU_USAGE_7,SYSTEM_POWER (Watts),TOTAL_MEMORY,TOTAL_SWAP,USED_MEMORY,USED_SWAP
0,1729531361036,3228,3228,3228,3228,3228,3228,3228,3228,65.0685806274414,62.452823638916016,63.99774932861328,64.86698913574219,65.34806060791016,63.32318115234375,63.55524826049805,63.453800201416016,65.41563415527344,65.51705932617188,100,0,0,0,0,0,0,0,4.671677589416504,17179869184,18253611008,7794278400,17553162240
309,1729531361036,3228,3228,3228,3228,3228,3228,3228,3228,65.0685806274414,62.452823638916016,63.99774932861328,64.86698913574219,65.34806060791016,63.32318115234375,63.55524826049805,63.453800201416016,65.41563415527344,65.51705932617188,0,0,NaN,100,0,0,0,0,4.671677589416504,17179869184,18253611008,7797276672,17553162240
306,1729531361346,3228,3228,3228,3228,3228,3228,3228,3228,65.0685806274414,62.452823638916016,63.99774932861328,64.86698913574219,65.34806060791016,63.32318115234375,63.55524826049805,63.453800201416016,65.41563415527344,65.51705932617188,84.375,87.09677124023438,96.875,93.54838562011719,93.54838562011719,87.09677124023438,90.32257843017578,86.66666412353516,4.74330472946167,17179869184,18253611008,7848034304,17553162240
303,1729531361652,3228,3228,3228,3228,3228,3228,3228,3228,65.0685806274414,62.452823638916016,63.99774932861328,64.86698913574219,65.34806060791016,63.32318115234375,63.55524826049805,63.453800201416016,65.41563415527344,65.51705932617188,20,19.35483741760254,20,63.33333206176758,37.5,6.6666669845581055,3.125,3.3333334922790527,4.74330472946167,17179869184,18253611008,7857405952,17553162240
9,1729531361956,3228,3228,3228,3228,3228,3228,3228,3228,68.00434112548828,64.4659194946289,69.62776947021484,71.21426391601563,69.46793365478516,65.85022735595703,67.03483581542969,66.82203674316406,67.365478515625,66.67463684082031,13.333333969116211,16.666667938232422,67.74193572998047,74.19355010986328,66.66667175292969,29.032257080078125,10,3.125,4.74330472946167,17179869184,18253611008,7795015680,17553162240
