Delta,Time,CPU_FREQUENCY_0,CPU_FREQUENCY_1,CPU_FREQUENCY_2,CPU_FREQUENCY_3,CPU_FREQUENCY_4,CPU_FREQUENCY_5,CPU_FREQUENCY_6,CPU_FREQUENCY_7,CPU_TEMP_0,CPU_TEMP_1,CPU_TEMP_2,CPU_TEMP_3,CPU_TEMP_4,CPU_TEMP_5,CPU_TEMP_6,CPU_TEMP_7,CPU_TEMP_8,CPU_TEMP_9,CPU_USAGE_0,CPU_USAGE_1,CPU_USAGE_2,CPU_USAGE_3,CPU_USAGE_4,CPU_USAGE_5,CPU_USAGE_6,CPU_USAGE_7,SYSTEM_POWER (Watts),TOTAL_MEMORY,TOTAL_SWAP,USED_MEMORY,USED_SWAP
0,1729593585974,3228,3228,3228,3228,3228,3228,3228,3228,66.13707733154297,60.62360382080078,71.3687973022461,73.41851043701172,69.73213195800781,63.609649658203125,67.3565673828125,67.52543640136719,63.30540466308594,62.773109436035156,0,0,100,50,0,50,0,0,14.7425537109375,17179869184,22548578304,4545183744,21060845568
309,1729593585974,3228,3228,3228,3228,3228,3228,3228,3228,66.13707733154297,60.62360382080078,71.3687973022461,73.41851043701172,69.73213195800781,63.609649658203125,67.3565673828125,67.52543640136719,63.30540466308594,62.773109436035156,0,0,100,100,NaN,NaN,0,0,14.7425537109375,17179869184,22548578304,4545183744,21060845568
9,1729593586284,3228,3228,3228,3228,3228,3228,3228,3228,65.7302474975586,61.35340881347656,69.40870666503906,70.7962875366211,68.01529693603516,63.53483963012695,67.27780151367188,67.06156158447266,64.18226623535156,63.394264221191406,19.35483741760254,16.129032135009766,46.66666793823242,35.48387145996094,31.25,29.032257080078125,12.90322494506836,6.45161247253418,14.7425537109375,17179869184,22548578304,4545183744,21060845568
