Delta,Time,CPU_FREQUENCY_0,CPU_FREQUENCY_1,CPU_FREQUENCY_2,CPU_FREQUENCY_3,CPU_FREQUENCY_4,CPU_FREQUENCY_5,CPU_FREQUENCY_6,CPU_FREQUENCY_7,CPU_TEMP_0,CPU_TEMP_1,CPU_TEMP_2,CPU_TEMP_3,CPU_TEMP_4,CPU_TEMP_5,CPU_TEMP_6,CPU_TEMP_7,CPU_TEMP_8,CPU_TEMP_9,CPU_USAGE_0,CPU_USAGE_1,CPU_USAGE_2,CPU_USAGE_3,CPU_USAGE_4,CPU_USAGE_5,CPU_USAGE_6,CPU_USAGE_7,SYSTEM_POWER (Watts),TOTAL_MEMORY,TOTAL_SWAP,USED_MEMORY,USED_SWAP
0,1729544494079,3228,3228,3228,3228,3228,3228,3228,3228,56.58715057373047,54.13261795043945,54.90813446044922,56.10569381713867,57.05243682861328,54.741939544677734,55.126304626464844,55.60797882080078,57.790279388427734,57.11585998535156,0,50,100,100,100,100,NaN,50,4.7520246505737305,17179869184,21474836480,5103206400,20260454400
305,1729544494079,3228,3228,3228,3228,3228,3228,3228,3228,56.58715057373047,54.13261795043945,54.90813446044922,56.10569381713867,57.05243682861328,54.741939544677734,55.126304626464844,55.60797882080078,57.790279388427734,57.11585998535156,0,NaN,100,100,100,NaN,50,100,4.7520246505737305,17179869184,21474836480,5106532352,20260454400
10,1729544494384,3228,3228,3228,3228,3228,3228,3228,3228,58.079383850097656,55.18030548095703,58.68797302246094,60.00770568847656,59.45225524902344,56.18247985839844,58.16202926635742,57.8331413269043,58.984596252441406,57.991485595703125,23.33333396911621,23.33333396911621,82.75862121582031,83.33332824707031,77.41934967041016,64.51612854003906,50,37.931034088134766,4.7520246505737305,17179869184,21474836480,5126750208,20260454400
