Delta,Time,CPU_FREQUENCY_0,CPU_FREQUENCY_1,CPU_FREQUENCY_2,CPU_FREQUENCY_3,CPU_FREQUENCY_4,CPU_FREQUENCY_5,CPU_FREQUENCY_6,CPU_FREQUENCY_7,CPU_TEMP_0,CPU_TEMP_1,CPU_TEMP_2,CPU_TEMP_3,CPU_TEMP_4,CPU_TEMP_5,CPU_TEMP_6,CPU_TEMP_7,CPU_TEMP_8,CPU_TEMP_9,CPU_USAGE_0,CPU_USAGE_1,CPU_USAGE_2,CPU_USAGE_3,CPU_USAGE_4,CPU_USAGE_5,CPU_USAGE_6,CPU_USAGE_7,SYSTEM_POWER (Watts),TOTAL_MEMORY,TOTAL_SWAP,USED_MEMORY,USED_SWAP
0,1729564297662,3228,3228,3228,3228,3228,3228,3228,3228,57.5024299621582,55.41350173950195,56.64350128173828,57.476314544677734,57.961997985839844,56.163455963134766,56.18020248413086,56.788673400878906,58.085670471191406,57.36621856689453,0,0,50,0,0,0,0,0,5.114171981811523,17179869184,22548578304,5585240064,21256667136
309,1729564297662,3228,3228,3228,3228,3228,3228,3228,3228,57.5024299621582,55.41350173950195,56.64350128173828,57.476314544677734,57.961997985839844,56.163455963134766,56.18020248413086,56.788673400878906,58.085670471191406,57.36621856689453,50,NaN,0,100,0,NaN,0,0,5.114171981811523,17179869184,22548578304,5585240064,21256667136
309,1729564297972,3228,3228,3228,3228,3228,3228,3228,3228,57.5024299621582,55.41350173950195,56.64350128173828,57.476314544677734,57.961997985839844,56.163455963134766,56.18020248413086,56.788673400878906,58.085670471191406,57.36621856689453,66.66667175292969,68.75,74.19355010986328,96.7741928100586,74.19355010986328,70.96774291992188,70,66.66667175292969,5.114171981811523,17179869184,22548578304,5585240064,21256667136
9,1729564298282,3228,3228,3228,3228,3228,3228,3228,3228,57.5024299621582,55.41350173950195,56.64350128173828,57.476314544677734,57.961997985839844,56.163455963134766,56.18020248413086,56.788673400878906,58.085670471191406,57.36621856689453,45.16128921508789,41.935482025146484,68.96551513671875,50,35.48387145996094,29.032257080078125,25.80644989013672,25,4.875441074371338,17179869184,22548578304,5604573184,21256667136
