Delta,Time,CPU_FREQUENCY_0,CPU_FREQUENCY_1,CPU_FREQUENCY_2,CPU_FREQUENCY_3,CPU_FREQUENCY_4,CPU_FREQUENCY_5,CPU_FREQUENCY_6,CPU_FREQUENCY_7,CPU_TEMP_0,CPU_TEMP_1,CPU_TEMP_2,CPU_TEMP_3,CPU_TEMP_4,CPU_TEMP_5,CPU_TEMP_6,CPU_TEMP_7,CPU_TEMP_8,CPU_TEMP_9,CPU_USAGE_0,CPU_USAGE_1,CPU_USAGE_2,CPU_USAGE_3,CPU_USAGE_4,CPU_USAGE_5,CPU_USAGE_6,CPU_USAGE_7,SYSTEM_POWER (Watts),TOTAL_MEMORY,TOTAL_SWAP,USED_MEMORY,USED_SWAP
0,1729534387411,3228,3228,3228,3228,3228,3228,3228,3228,65.57013702392578,61.91782760620117,65.89059448242188,66.84593963623047,66.82196807861328,63.94334411621094,64.06966400146484,64.07215881347656,65.72984313964844,64.40727233886719,0,0,0,0,0,0,0,0,16.954275131225586,17179869184,19327352832,6773784576,18666356736
309,1729534387411,3228,3228,3228,3228,3228,3228,3228,3228,65.57013702392578,61.91782760620117,65.89059448242188,66.84593963623047,66.82196807861328,63.94334411621094,64.06966400146484,64.07215881347656,65.72984313964844,64.40727233886719,0,0,100,0,0,0,100,0,16.954275131225586,17179869184,19327352832,6775472128,18666356736
309,1729534387721,3228,3228,3228,3228,3228,3228,3228,3228,65.57013702392578,61.91782760620117,65.89059448242188,66.84593963623047,66.82196807861328,63.94334411621094,64.06966400146484,64.07215881347656,65.72984313964844,64.40727233886719,22.580644607543945,16.129032135009766,74.19355010986328,64.51612854003906,70,78.125,67.74193572998047,67.74193572998047,16.954275131225586,17179869184,19327352832,8367865856,18666356736
10,1729534388031,3228,3228,3228,3228,3228,3228,3228,3228,65.48516082763672,62.95014190673828,66.42342376708984,67.73966979980469,67.12788391113281,63.93706512451172,66.68620300292969,66.8646240234375,67.7713623046875,65.3951416015625,6.6666669845581055,3.3333334922790527,36.66666793823242,35.48387145996094,21.875,19.35483741760254,10,10,16.954275131225586,17179869184,19327352832,6934691840,18666356736
