Delta,Time,CPU_FREQUENCY_0,CPU_FREQUENCY_1,CPU_FREQUENCY_2,CPU_FREQUENCY_3,CPU_FREQUENCY_4,CPU_FREQUENCY_5,CPU_FREQUENCY_6,CPU_FREQUENCY_7,CPU_TEMP_0,CPU_TEMP_1,CPU_TEMP_2,CPU_TEMP_3,CPU_TEMP_4,CPU_TEMP_5,CPU_TEMP_6,CPU_TEMP_7,CPU_TEMP_8,CPU_TEMP_9,CPU_USAGE_0,CPU_USAGE_1,CPU_USAGE_2,CPU_USAGE_3,CPU_USAGE_4,CPU_USAGE_5,CPU_USAGE_6,CPU_USAGE_7,SYSTEM_POWER (Watts),TOTAL_MEMORY,TOTAL_SWAP,USED_MEMORY,USED_SWAP
0,1729566500365,3228,3228,3228,3228,3228,3228,3228,3228,63.884429931640625,60.091651916503906,66.92584991455078,68.75538635253906,65.31546020507813,61.82221603393555,62.51456069946289,62.432987213134766,62.56428146362305,62.21648406982422,50,50,0,0,0,0,0,0,22.051435470581055,17179869184,22548578304,5404508160,21248278528
309,1729566500365,3228,3228,3228,3228,3228,3228,3228,3228,63.884429931640625,60.091651916503906,66.92584991455078,68.75538635253906,65.31546020507813,61.82221603393555,62.51456069946289,62.432987213134766,62.56428146362305,62.21648406982422,0,0,0,NaN,0,0,0,0,22.051435470581055,17179869184,22548578304,5404950528,21248278528
9,1729566500675,3228,3228,3228,3228,3228,3228,3228,3228,60.495906829833984,57.985877990722656,60.233253479003906,61.65225601196289,61.189308166503906,58.94148635864258,58.960166931152344,59.14279556274414,60.84666442871094,60.26554870605469,16.129032135009766,16.129032135009766,32.25806427001953,25,19.35483741760254,12.5,3.3333334922790527,3.125,22.051435470581055,17179869184,22548578304,5421318144,21248278528
