Delta,Time,CPU_FREQUENCY_0,CPU_FREQUENCY_1,CPU_FREQUENCY_2,CPU_FREQUENCY_3,CPU_FREQUENCY_4,CPU_FREQUENCY_5,CPU_FREQUENCY_6,CPU_FREQUENCY_7,CPU_TEMP_0,CPU_TEMP_1,CPU_TEMP_2,CPU_TEMP_3,CPU_TEMP_4,CPU_TEMP_5,CPU_TEMP_6,CPU_TEMP_7,CPU_TEMP_8,CPU_TEMP_9,CPU_USAGE_0,CPU_USAGE_1,CPU_USAGE_2,CPU_USAGE_3,CPU_USAGE_4,CPU_USAGE_5,CPU_USAGE_6,CPU_USAGE_7,SYSTEM_POWER (Watts),TOTAL_MEMORY,TOTAL_SWAP,USED_MEMORY,USED_SWAP
0,1729560014938,3228,3228,3228,3228,3228,3228,3228,3228,74.5054931640625,70.1639404296875,80.97156524658203,82.24626159667969,78.51460266113281,72.7694091796875,75.99397277832031,76.17758178710938,72.75542449951172,71.46701049804688,0,100,100,100,100,100,0,0,5.28632926940918,17179869184,22548578304,3968106496,21265055744
309,1729560014938,3228,3228,3228,3228,3228,3228,3228,3228,74.5054931640625,70.1639404296875,80.97156524658203,82.24626159667969,78.51460266113281,72.7694091796875,75.99397277832031,76.17758178710938,72.75542449951172,71.46701049804688,0,0,100,100,100,100,100,NaN,22.75021743774414,17179869184,22548578304,3970138112,21265055744
9,1729560015248,3228,3228,3228,3228,3228,3228,3228,3228,74.5054931640625,70.1639404296875,80.97156524658203,82.24626159667969,78.51460266113281,72.7694091796875,75.99397277832031,76.17758178710938,72.75542449951172,71.46701049804688,32.25806427001953,30.000001907348633,77.41934967041016,70.96774291992188,70,60.000003814697266,53.333335876464844,29.032257080078125,22.75021743774414,17179869184,22548578304,4015554560,21265055744
