Delta,Time,CPU_FREQUENCY_0,CPU_FREQUENCY_1,CPU_FREQUENCY_2,CPU_FREQUENCY_3,CPU_FREQUENCY_4,CPU_FREQUENCY_5,CPU_FREQUENCY_6,CPU_FREQUENCY_7,CPU_TEMP_0,CPU_TEMP_1,CPU_TEMP_2,CPU_TEMP_3,CPU_TEMP_4,CPU_TEMP_5,CPU_TEMP_6,CPU_TEMP_7,CPU_TEMP_8,CPU_TEMP_9,CPU_USAGE_0,CPU_USAGE_1,CPU_USAGE_2,CPU_USAGE_3,CPU_USAGE_4,CPU_USAGE_5,CPU_USAGE_6,CPU_USAGE_7,SYSTEM_POWER (Watts),TOTAL_MEMORY,TOTAL_SWAP,USED_MEMORY,USED_SWAP
0,1729534434955,3228,3228,3228,3228,3228,3228,3228,3228,66.48176574707031,61.834815979003906,67.79450225830078,68.50484466552734,68.68972778320313,64.83912658691406,64.62950897216797,64.66561126708984,65.46952819824219,64.73200988769531,0,0,50,0,0,0,0,0,20.72336196899414,17179869184,19327352832,7339851776,18666356736
309,1729534434955,3228,3228,3228,3228,3228,3228,3228,3228,66.48176574707031,61.834815979003906,67.79450225830078,68.50484466552734,68.68972778320313,64.83912658691406,64.62950897216797,64.66561126708984,65.46952819824219,64.73200988769531,0,0,NaN,0,0,0,50,0,20.72336196899414,17179869184,19327352832,7342915584,18666356736
309,1729534435265,3228,3228,3228,3228,3228,3228,3228,3228,66.48176574707031,61.834815979003906,67.79450225830078,68.50484466552734,68.68972778320313,64.83912658691406,64.62950897216797,64.66561126708984,65.46952819824219,64.73200988769531,87.5,90.32257843017578,96.7741928100586,93.54838562011719,90.32257843017578,90.32257843017578,90.32257843017578,90,20.72336196899414,17179869184,19327352832,7386710016,18666356736
306,1729534435575,3228,3228,3228,3228,3228,3228,3228,3228,66.48176574707031,61.834815979003906,67.79450225830078,68.50484466552734,68.68972778320313,64.83912658691406,64.62950897216797,64.66561126708984,65.46952819824219,64.73200988769531,19.35483741760254,16.129032135009766,50,46.875,35.48387145996094,6.45161247253418,0,0,22.029216766357422,17179869184,19327352832,7385366528,18666356736
7,1729534435882,3228,3228,3228,3228,3228,3228,3228,3228,66.48176574707031,61.834815979003906,67.79450225830078,68.50484466552734,68.68972778320313,64.83912658691406,64.62950897216797,64.66561126708984,65.46952819824219,64.73200988769531,16.129032135009766,19.35483741760254,0,3.3333334922790527,0,0,0,0,22.029216766357422,17179869184,19327352832,7336001536,18666356736
