Delta,Time,CPU_FREQUENCY_0,CPU_FREQUENCY_1,CPU_FREQUENCY_2,CPU_FREQUENCY_3,CPU_FREQUENCY_4,CPU_FREQUENCY_5,CPU_FREQUENCY_6,CPU_FREQUENCY_7,CPU_TEMP_0,CPU_TEMP_1,CPU_TEMP_2,CPU_TEMP_3,CPU_TEMP_4,CPU_TEMP_5,CPU_TEMP_6,CPU_TEMP_7,CPU_TEMP_8,CPU_TEMP_9,CPU_USAGE_0,CPU_USAGE_1,CPU_USAGE_2,CPU_USAGE_3,CPU_USAGE_4,CPU_USAGE_5,CPU_USAGE_6,CPU_USAGE_7,SYSTEM_POWER (Watts),TOTAL_MEMORY,TOTAL_SWAP,USED_MEMORY,USED_SWAP
0,1729564513913,3228,3228,3228,3228,3228,3228,3228,3228,66.77283477783203,63.52610397338867,68.41322326660156,70.22444915771484,67.85832977294922,64.27608489990234,66.29629516601563,66.46236419677734,66.32476806640625,65.16150665283203,0,0,100,100,0,100,100,0,4.693172931671143,17179869184,22548578304,5048025088,21256667136
309,1729564513913,3228,3228,3228,3228,3228,3228,3228,3228,66.77283477783203,63.52610397338867,68.41322326660156,70.22444915771484,67.85832977294922,64.27608489990234,66.29629516601563,66.46236419677734,66.32476806640625,65.16150665283203,0,50,0,50,100,50,0,100,4.693172931671143,17179869184,22548578304,5050793984,21256667136
10,1729564514224,3228,3228,3228,3228,3228,3228,3228,3228,66.77283477783203,63.52610397338867,68.41322326660156,70.22444915771484,67.85832977294922,64.27608489990234,66.29629516601563,66.46236419677734,66.32476806640625,65.16150665283203,23.33333396911621,20,90.32257843017578,86.66666412353516,80,76.66666412353516,61.29032516479492,50,4.6579742431640625,17179869184,22548578304,5098061824,21256667136
