Delta,Time,CPU_FREQUENCY_0,CPU_FREQUENCY_1,CPU_FREQUENCY_2,CPU_FREQUENCY_3,CPU_FREQUENCY_4,CPU_FREQUENCY_5,CPU_FREQUENCY_6,CPU_FREQUENCY_7,CPU_TEMP_0,CPU_TEMP_1,CPU_TEMP_2,CPU_TEMP_3,CPU_TEMP_4,CPU_TEMP_5,CPU_TEMP_6,CPU_TEMP_7,CPU_TEMP_8,CPU_TEMP_9,CPU_USAGE_0,CPU_USAGE_1,CPU_USAGE_2,CPU_USAGE_3,CPU_USAGE_4,CPU_USAGE_5,CPU_USAGE_6,CPU_USAGE_7,SYSTEM_POWER (Watts),TOTAL_MEMORY,TOTAL_SWAP,USED_MEMORY,USED_SWAP
0,1729558475573,3228,3228,3228,3228,3228,3228,3228,3228,65.76617431640625,62.21860885620117,68.88159942626953,71.09634399414063,68.48994445800781,63.507389068603516,67.674560546875,66.87975311279297,65.33216857910156,64.19099426269531,0,0,0,100,NaN,100,0,0,4.9479756355285645,17179869184,22548578304,4904583168,21348941824
309,1729558475573,3228,3228,3228,3228,3228,3228,3228,3228,65.76617431640625,62.21860885620117,68.88159942626953,71.09634399414063,68.48994445800781,63.507389068603516,67.674560546875,66.87975311279297,65.33216857910156,64.19099426269531,NaN,0,100,NaN,50,100,100,100,4.9479756355285645,17179869184,22548578304,4908875776,21348941824
9,1729558475883,3228,3228,3228,3228,3228,3228,3228,3228,65.76617431640625,62.21860885620117,68.88159942626953,71.09634399414063,68.48994445800781,63.507389068603516,67.674560546875,66.87975311279297,65.33216857910156,64.19099426269531,70.96774291992188,70,90.32257843017578,90.32257843017578,90.32257843017578,96.66666412353516,87.09677124023438,80.6451644897461,4.9479756355285645,17179869184,22548578304,5015240704,21348941824
