Delta,Time,CPU_FREQUENCY_0,CPU_FREQUENCY_1,CPU_FREQUENCY_2,CPU_FREQUENCY_3,CPU_FREQUENCY_4,CPU_FREQUENCY_5,CPU_FREQUENCY_6,CPU_FREQUENCY_7,CPU_TEMP_0,CPU_TEMP_1,CPU_TEMP_2,CPU_TEMP_3,CPU_TEMP_4,CPU_TEMP_5,CPU_TEMP_6,CPU_TEMP_7,CPU_TEMP_8,CPU_TEMP_9,CPU_USAGE_0,CPU_USAGE_1,CPU_USAGE_2,CPU_USAGE_3,CPU_USAGE_4,CPU_USAGE_5,CPU_USAGE_6,CPU_USAGE_7,SYSTEM_POWER (Watts),TOTAL_MEMORY,TOTAL_SWAP,USED_MEMORY,USED_SWAP
0,1729590906827,3228,3228,3228,3228,3228,3228,3228,3228,63.674766540527344,59.734188079833984,66.71293640136719,68.4994125366211,64.13494110107422,60.666751861572266,62.10197830200195,61.855125427246094,61.69682693481445,61.627906799316406,0,50,0,0,0,0,0,0,21.710189819335938,17179869184,22548578304,4402036736,21069234176
302,1729590906827,3228,3228,3228,3228,3228,3228,3228,3228,63.674766540527344,59.734188079833984,66.71293640136719,68.4994125366211,64.13494110107422,60.666751861572266,62.10197830200195,61.855125427246094,61.69682693481445,61.627906799316406,NaN,0,NaN,100,0,0,0,NaN,21.710189819335938,17179869184,22548578304,4404183040,21069234176
5,1729590907130,3228,3228,3228,3228,3228,3228,3228,3228,63.674766540527344,59.734188079833984,66.71293640136719,68.4994125366211,64.13494110107422,60.666751861572266,62.10197830200195,61.855125427246094,61.69682693481445,61.627906799316406,26.666667938232422,20.689655303955078,38.70967483520508,35.48387145996094,30.000001907348633,9.67741870880127,0,0,21.710189819335938,17179869184,22548578304,4464672768,21069234176
