Delta,Time,CPU_FREQUENCY_0,CPU_FREQUENCY_1,CPU_FREQUENCY_2,CPU_FREQUENCY_3,CPU_FREQUENCY_4,CPU_FREQUENCY_5,CPU_FREQUENCY_6,CPU_FREQUENCY_7,CPU_TEMP_0,CPU_TEMP_1,CPU_TEMP_2,CPU_TEMP_3,CPU_TEMP_4,CPU_TEMP_5,CPU_TEMP_6,CPU_TEMP_7,CPU_TEMP_8,CPU_TEMP_9,CPU_USAGE_0,CPU_USAGE_1,CPU_USAGE_2,CPU_USAGE_3,CPU_USAGE_4,CPU_USAGE_5,CPU_USAGE_6,CPU_USAGE_7,SYSTEM_POWER (Watts),TOTAL_MEMORY,TOTAL_SWAP,USED_MEMORY,USED_SWAP
0,1729533970050,3228,3228,3228,3228,3228,3228,3228,3228,61.41264343261719,57.77238845825195,64.52214813232422,66.32556915283203,64.3117904663086,59.43867492675781,62.73759078979492,62.77595138549805,62.05013656616211,60.607177734375,0,0,100,100,100,100,50,NaN,4.869955539703369,17179869184,19327352832,7787528192,18674745344
300,1729533970050,3228,3228,3228,3228,3228,3228,3228,3228,61.41264343261719,57.77238845825195,64.52214813232422,66.32556915283203,64.3117904663086,59.43867492675781,62.73759078979492,62.77595138549805,62.05013656616211,60.607177734375,NaN,100,100,NaN,0,NaN,100,100,4.869955539703369,17179869184,19327352832,7792427008,18674745344
10,1729533970351,3228,3228,3228,3228,3228,3228,3228,3228,61.41264343261719,57.77238845825195,64.52214813232422,66.32556915283203,64.3117904663086,59.43867492675781,62.73759078979492,62.77595138549805,62.05013656616211,60.607177734375,12.90322494506836,6.896551609039307,83.33332824707031,74.19355010986328,75.86206817626953,64.51612854003906,56.66666793823242,54.83871078491211,7.190769195556641,17179869184,19327352832,7810940928,18674745344
