Delta,Time,CPU_FREQUENCY_0,CPU_FREQUENCY_1,CPU_FREQUENCY_2,CPU_FREQUENCY_3,CPU_FREQUENCY_4,CPU_FREQUENCY_5,CPU_FREQUENCY_6,CPU_FREQUENCY_7,CPU_TEMP_0,CPU_TEMP_1,CPU_TEMP_2,CPU_TEMP_3,CPU_TEMP_4,CPU_TEMP_5,CPU_TEMP_6,CPU_TEMP_7,CPU_TEMP_8,CPU_TEMP_9,CPU_USAGE_0,CPU_USAGE_1,CPU_USAGE_2,CPU_USAGE_3,CPU_USAGE_4,CPU_USAGE_5,CPU_USAGE_6,CPU_USAGE_7,SYSTEM_POWER (Watts),TOTAL_MEMORY,TOTAL_SWAP,USED_MEMORY,USED_SWAP
0,1729541809076,3228,3228,3228,3228,3228,3228,3228,3228,67.88455963134766,63.56941604614258,72.54959106445313,74.33355712890625,70.85162353515625,66.0205307006836,69.69817352294922,69.10978698730469,66.85575866699219,65.62669372558594,NaN,NaN,100,0,NaN,100,0,0,4.704189300537109,17179869184,21474836480,5863374848,20369506304
305,1729541809076,3228,3228,3228,3228,3228,3228,3228,3228,67.88455963134766,63.56941604614258,72.54959106445313,74.33355712890625,70.85162353515625,66.0205307006836,69.69817352294922,69.10978698730469,66.85575866699219,65.62669372558594,50,66.66667175292969,NaN,100,50,NaN,100,NaN,4.704189300537109,17179869184,21474836480,5863374848,20369506304
8,1729541809381,3228,3228,3228,3228,3228,3228,3228,3228,67.88455963134766,63.56941604614258,72.54959106445313,74.33355712890625,70.85162353515625,66.0205307006836,69.69817352294922,69.10978698730469,66.85575866699219,65.62669372558594,23.33333396911621,20.689655303955078,83.33332824707031,80,86.66666412353516,61.29032516479492,53.333335876464844,35.48387145996094,4.704189300537109,17179869184,21474836480,5863374848,20369506304
