Delta,Time,CPU_FREQUENCY_0,CPU_FREQUENCY_1,CPU_FREQUENCY_2,CPU_FREQUENCY_3,CPU_FREQUENCY_4,CPU_FREQUENCY_5,CPU_FREQUENCY_6,CPU_FREQUENCY_7,CPU_TEMP_0,CPU_TEMP_1,CPU_TEMP_2,CPU_TEMP_3,CPU_TEMP_4,CPU_TEMP_5,CPU_TEMP_6,CPU_TEMP_7,CPU_TEMP_8,CPU_TEMP_9,CPU_USAGE_0,CPU_USAGE_1,CPU_USAGE_2,CPU_USAGE_3,CPU_USAGE_4,CPU_USAGE_5,CPU_USAGE_6,CPU_USAGE_7,SYSTEM_POWER (Watts),TOTAL_MEMORY,TOTAL_SWAP,USED_MEMORY,USED_SWAP
0,1729562315833,3228,3228,3228,3228,3228,3228,3228,3228,63.26448440551758,58.41767883300781,65.7224349975586,67.0595932006836,65.43684387207031,61.38935470581055,61.02277755737305,61.293357849121094,60.8546142578125,60.48712158203125,50,0,100,100,100,100,NaN,NaN,12.746538162231445,17179869184,22548578304,5930319872,21256667136
309,1729562315834,3228,3228,3228,3228,3228,3228,3228,3228,63.26448440551758,58.41767883300781,65.7224349975586,67.0595932006836,65.43684387207031,61.38935470581055,61.02277755737305,61.293357849121094,60.8546142578125,60.48712158203125,0,0,100,100,100,100,0,50,12.746538162231445,17179869184,22548578304,5934333952,21256667136
309,1729562316144,3228,3228,3228,3228,3228,3228,3228,3228,63.26448440551758,58.41767883300781,65.7224349975586,67.0595932006836,65.43684387207031,61.38935470581055,61.02277755737305,61.293357849121094,60.8546142578125,60.48712158203125,80,80.6451644897461,100,100,100,96.7741928100586,96.7741928100586,90.32257843017578,17.040231704711914,17179869184,22548578304,8446771200,21256667136
9,1729562316454,3228,3228,3228,3228,3228,3228,3228,3228,63.26448440551758,58.41767883300781,65.7224349975586,67.0595932006836,65.43684387207031,61.38935470581055,61.02277755737305,61.293357849121094,60.8546142578125,60.48712158203125,12.90322494506836,12.90322494506836,80.6451644897461,74.19355010986328,68.75,65.625,34.375,30.000001907348633,17.040231704711914,17179869184,22548578304,5961646080,21256667136
