Delta,Time,CPU_FREQUENCY_0,CPU_FREQUENCY_1,CPU_FREQUENCY_2,CPU_FREQUENCY_3,CPU_FREQUENCY_4,CPU_FREQUENCY_5,CPU_FREQUENCY_6,CPU_FREQUENCY_7,CPU_TEMP_0,CPU_TEMP_1,CPU_TEMP_2,CPU_TEMP_3,CPU_TEMP_4,CPU_TEMP_5,CPU_TEMP_6,CPU_TEMP_7,CPU_TEMP_8,CPU_TEMP_9,CPU_USAGE_0,CPU_USAGE_1,CPU_USAGE_2,CPU_USAGE_3,CPU_USAGE_4,CPU_USAGE_5,CPU_USAGE_6,CPU_USAGE_7,SYSTEM_POWER (Watts),TOTAL_MEMORY,TOTAL_SWAP,USED_MEMORY,USED_SWAP
0,1729577513479,3228,3228,3228,3228,3228,3228,3228,3228,69.28083038330078,64.20280456542969,72.705322265625,75.56090545654297,70.94300842285156,66.78514099121094,70.1715316772461,69.91203308105469,66.56977844238281,65.623291015625,100,100,NaN,0,100,0,0,50,11.647340774536133,17179869184,22548578304,6065684480,21248278528
309,1729577513479,3228,3228,3228,3228,3228,3228,3228,3228,69.28083038330078,64.20280456542969,72.705322265625,75.56090545654297,70.94300842285156,66.78514099121094,70.1715316772461,69.91203308105469,66.56977844238281,65.623291015625,50,0,100,NaN,100,0,100,NaN,11.647340774536133,17179869184,22548578304,6068568064,21248278528
301,1729577513789,3228,3228,3228,3228,3228,3228,3228,3228,69.28083038330078,64.20280456542969,72.705322265625,75.56090545654297,70.94300842285156,66.78514099121094,70.1715316772461,69.91203308105469,66.56977844238281,65.623291015625,90.32257843017578,93.54838562011719,96.875,93.75,93.33333587646484,96.7741928100586,93.54838562011719,96.875,11.647340774536133,17179869184,22548578304,6111985664,21248278528
9,1729577514091,3228,3228,3228,3228,3228,3228,3228,3228,70.61425018310547,67.39337921142578,74.36286926269531,76.92601776123047,72.10738372802734,68.24685668945313,73.22915649414063,73.54957580566406,70.97163391113281,68.67767333984375,10,13.333333969116211,60.000003814697266,53.333335876464844,51.61289978027344,50,20.689655303955078,13.333333969116211,11.647340774536133,17179869184,22548578304,6041108480,21248278528
