Delta,Time,CPU_FREQUENCY_0,CPU_FREQUENCY_1,CPU_FREQUENCY_2,CPU_FREQUENCY_3,CPU_FREQUENCY_4,CPU_FREQUENCY_5,CPU_FREQUENCY_6,CPU_FREQUENCY_7,CPU_TEMP_0,CPU_TEMP_1,CPU_TEMP_2,CPU_TEMP_3,CPU_TEMP_4,CPU_TEMP_5,CPU_TEMP_6,CPU_TEMP_7,CPU_TEMP_8,CPU_TEMP_9,CPU_USAGE_0,CPU_USAGE_1,CPU_USAGE_2,CPU_USAGE_3,CPU_USAGE_4,CPU_USAGE_5,CPU_USAGE_6,CPU_USAGE_7,SYSTEM_POWER (Watts),TOTAL_MEMORY,TOTAL_SWAP,USED_MEMORY,USED_SWAP
0,1729577470261,3228,3228,3228,3228,3228,3228,3228,3228,62.77011489868164,59.958984375,60.92485809326172,62.991641998291016,62.09326171875,60.65571212768555,60.55016326904297,60.89472579956055,62.936065673828125,62.033477783203125,0,0,0,100,0,100,0,0,4.601178169250488,17179869184,22548578304,5721882624,21248278528
301,1729577470262,3228,3228,3228,3228,3228,3228,3228,3228,62.77011489868164,59.958984375,60.92485809326172,62.991641998291016,62.09326171875,60.65571212768555,60.55016326904297,60.89472579956055,62.936065673828125,62.033477783203125,50,0,100,100,NaN,100,50,0,4.601178169250488,17179869184,22548578304,5724504064,21248278528
8,1729577470563,3228,3228,3228,3228,3228,3228,3228,3228,62.77011489868164,59.958984375,60.92485809326172,62.991641998291016,62.09326171875,60.65571212768555,60.55016326904297,60.89472579956055,62.936065673828125,62.033477783203125,27.586206436157227,27.586206436157227,80.6451644897461,80,76.66666412353516,66.66667175292969,70,66.66667175292969,4.588439464569092,17179869184,22548578304,5741756416,21248278528
