Delta,Time,CPU_FREQUENCY_0,CPU_FREQUENCY_1,CPU_FREQUENCY_2,CPU_FREQUENCY_3,CPU_FREQUENCY_4,CPU_FREQUENCY_5,CPU_FREQUENCY_6,CPU_FREQUENCY_7,CPU_TEMP_0,CPU_TEMP_1,CPU_TEMP_2,CPU_TEMP_3,CPU_TEMP_4,CPU_TEMP_5,CPU_TEMP_6,CPU_TEMP_7,CPU_TEMP_8,CPU_TEMP_9,CPU_USAGE_0,CPU_USAGE_1,CPU_USAGE_2,CPU_USAGE_3,CPU_USAGE_4,CPU_USAGE_5,CPU_USAGE_6,CPU_USAGE_7,SYSTEM_POWER (Watts),TOTAL_MEMORY,TOTAL_SWAP,USED_MEMORY,USED_SWAP
0,1729537790448,3228,3228,3228,3228,3228,3228,3228,3228,57.787010192871094,55.03208541870117,56.91962432861328,57.3457145690918,58.773216247558594,55.771026611328125,55.77995681762695,56.681888580322266,58.141841888427734,57.79164123535156,0,0,50,0,0,0,0,0,4.783605098724365,17179869184,20401094656,5558648832,19881656320
308,1729537790448,3228,3228,3228,3228,3228,3228,3228,3228,57.787010192871094,55.03208541870117,56.91962432861328,57.3457145690918,58.773216247558594,55.771026611328125,55.77995681762695,56.681888580322266,58.141841888427734,57.79164123535156,0,0,50,NaN,0,0,0,0,4.783605098724365,17179869184,20401094656,5561483264,19881656320
11,1729537790757,3228,3228,3228,3228,3228,3228,3228,3228,57.787010192871094,55.03208541870117,56.91962432861328,57.3457145690918,58.773216247558594,55.771026611328125,55.77995681762695,56.681888580322266,58.141841888427734,57.79164123535156,12.90322494506836,12.90322494506836,23.33333396911621,19.35483741760254,12.5,6.6666669845581055,0,3.125,4.783605098724365,17179869184,20401094656,5556535296,19881656320
