Delta,Time,CPU_FREQUENCY_0,CPU_FREQUENCY_1,CPU_FREQUENCY_2,CPU_FREQUENCY_3,CPU_FREQUENCY_4,CPU_FREQUENCY_5,CPU_FREQUENCY_6,CPU_FREQUENCY_7,CPU_TEMP_0,CPU_TEMP_1,CPU_TEMP_2,CPU_TEMP_3,CPU_TEMP_4,CPU_TEMP_5,CPU_TEMP_6,CPU_TEMP_7,CPU_TEMP_8,CPU_TEMP_9,CPU_USAGE_0,CPU_USAGE_1,CPU_USAGE_2,CPU_USAGE_3,CPU_USAGE_4,CPU_USAGE_5,CPU_USAGE_6,CPU_USAGE_7,SYSTEM_POWER (Watts),TOTAL_MEMORY,TOTAL_SWAP,USED_MEMORY,USED_SWAP
0,1729531023339,3228,3228,3228,3228,3228,3228,3228,3228,58.67487335205078,56.21302032470703,58.736305236816406,59.84816360473633,60.07006072998047,57.07122039794922,57.36544418334961,56.910953521728516,58.62012481689453,57.86988067626953,50,0,50,0,0,0,0,0,10.508831977844238,17179869184,18253611008,7857373184,17561550848
309,1729531023339,3228,3228,3228,3228,3228,3228,3228,3228,58.67487335205078,56.21302032470703,58.736305236816406,59.84816360473633,60.07006072998047,57.07122039794922,57.36544418334961,56.910953521728516,58.62012481689453,57.86988067626953,100,0,0,66.66667175292969,0,0,0,0,10.508831977844238,17179869184,18253611008,7860355072,17561550848
309,1729531023649,3228,3228,3228,3228,3228,3228,3228,3228,58.67487335205078,56.21302032470703,58.736305236816406,59.84816360473633,60.07006072998047,57.07122039794922,57.36544418334961,56.910953521728516,58.62012481689453,57.86988067626953,87.09677124023438,90.32257843017578,96.66666412353516,100,93.54838562011719,87.09677124023438,87.09677124023438,87.09677124023438,10.508831977844238,17179869184,18253611008,7909736448,17561550848
9,1729531023959,3228,3228,3228,3228,3228,3228,3228,3228,59.01490783691406,56.70799255371094,59.23023223876953,60.64360427856445,60.995704650878906,57.73048400878906,58.32867431640625,58.03718948364258,59.59768295288086,58.218841552734375,20,25.80644989013672,34.375,28.125,43.33333206176758,9.375,0,3.22580623626709,10.508831977844238,17179869184,18253611008,7856816128,17561550848
