Delta,Time,CPU_FREQUENCY_0,CPU_FREQUENCY_1,CPU_FREQUENCY_2,CPU_FREQUENCY_3,CPU_FREQUENCY_4,CPU_FREQUENCY_5,CPU_FREQUENCY_6,CPU_FREQUENCY_7,CPU_TEMP_0,CPU_TEMP_1,CPU_TEMP_2,CPU_TEMP_3,CPU_TEMP_4,CPU_TEMP_5,CPU_TEMP_6,CPU_TEMP_7,CPU_TEMP_8,CPU_TEMP_9,CPU_USAGE_0,CPU_USAGE_1,CPU_USAGE_2,CPU_USAGE_3,CPU_USAGE_4,CPU_USAGE_5,CPU_USAGE_6,CPU_USAGE_7,SYSTEM_POWER (Watts),TOTAL_MEMORY,TOTAL_SWAP,USED_MEMORY,USED_SWAP
0,1729571967075,3228,3228,3228,3228,3228,3228,3228,3228,60.52162170410156,56.23237991333008,60.52776336669922,61.81700134277344,61.123817443847656,58.55864334106445,59.28632736206055,59.80180740356445,59.79166030883789,58.661354064941406,50,NaN,100,100,NaN,100,100,0,4.800586223602295,17179869184,22548578304,3836149760,21248278528
300,1729571967075,3228,3228,3228,3228,3228,3228,3228,3228,60.52162170410156,56.23237991333008,60.52776336669922,61.81700134277344,61.123817443847656,58.55864334106445,59.28632736206055,59.80180740356445,59.79166030883789,58.661354064941406,0,33.333335876464844,100,100,50,50,100,100,4.800586223602295,17179869184,22548578304,3840475136,21248278528
9,1729571967376,3228,3228,3228,3228,3228,3228,3228,3228,60.52162170410156,56.23237991333008,60.52776336669922,61.81700134277344,61.123817443847656,58.55864334106445,59.28632736206055,59.80180740356445,59.79166030883789,58.661354064941406,24.137929916381836,21.428571701049805,80,76.66666412353516,76.66666412353516,82.75862121582031,76.66666412353516,60.000003814697266,4.769040584564209,17179869184,22548578304,3938893824,21248278528
