Delta,Time,CPU_FREQUENCY_0,CPU_FREQUENCY_1,CPU_FREQUENCY_2,CPU_FREQUENCY_3,CPU_FREQUENCY_4,CPU_FREQUENCY_5,CPU_FREQUENCY_6,CPU_FREQUENCY_7,CPU_TEMP_0,CPU_TEMP_1,CPU_TEMP_2,CPU_TEMP_3,CPU_TEMP_4,CPU_TEMP_5,CPU_TEMP_6,CPU_TEMP_7,CPU_TEMP_8,CPU_TEMP_9,CPU_USAGE_0,CPU_USAGE_1,CPU_USAGE_2,CPU_USAGE_3,CPU_USAGE_4,CPU_USAGE_5,CPU_USAGE_6,CPU_USAGE_7,SYSTEM_POWER (Watts),TOTAL_MEMORY,TOTAL_SWAP,USED_MEMORY,USED_SWAP
0,1729588965862,3228,3228,3228,3228,3228,3228,3228,3228,61.10054016113281,58.8443603515625,59.78197479248047,60.89397430419922,61.10199737548828,59.48704528808594,58.85308074951172,60.026363372802734,60.6184196472168,60.190086364746094,50,50,50,50,50,50,NaN,0,4.612524032592773,17179869184,22548578304,5533892608,21069234176
309,1729588965862,3228,3228,3228,3228,3228,3228,3228,3228,61.10054016113281,58.8443603515625,59.78197479248047,60.89397430419922,61.10199737548828,59.48704528808594,58.85308074951172,60.026363372802734,60.6184196472168,60.190086364746094,0,0,100,NaN,100,100,100,NaN,4.612524032592773,17179869184,22548578304,5538414592,21069234176
309,1729588966172,3228,3228,3228,3228,3228,3228,3228,3228,67.90216827392578,64.22832489013672,72.52041625976563,74.1597900390625,70.47016143798828,65.99127960205078,70.03668212890625,70.7330322265625,66.67859649658203,64.79389953613281,83.33332824707031,83.87096405029297,96.7741928100586,96.7741928100586,93.54838562011719,96.7741928100586,96.7741928100586,93.75,4.612524032592773,17179869184,22548578304,7986085888,21069234176
9,1729588966482,3228,3228,3228,3228,3228,3228,3228,3228,67.90216827392578,64.22832489013672,72.52041625976563,74.1597900390625,70.47016143798828,65.99127960205078,70.03668212890625,70.7330322265625,66.67859649658203,64.79389953613281,25.80644989013672,19.35483741760254,83.87096405029297,74.19355010986328,75,73.33333587646484,65.625,43.33333206176758,4.612524032592773,17179869184,22548578304,5594300416,21069234176
