Delta,Time,CPU_FREQUENCY_0,CPU_FREQUENCY_1,CPU_FREQUENCY_2,CPU_FREQUENCY_3,CPU_FREQUENCY_4,CPU_FREQUENCY_5,CPU_FREQUENCY_6,CPU_FREQUENCY_7,CPU_TEMP_0,CPU_TEMP_1,CPU_TEMP_2,CPU_TEMP_3,CPU_TEMP_4,CPU_TEMP_5,CPU_TEMP_6,CPU_TEMP_7,CPU_TEMP_8,CPU_TEMP_9,CPU_USAGE_0,CPU_USAGE_1,CPU_USAGE_2,CPU_USAGE_3,CPU_USAGE_4,CPU_USAGE_5,CPU_USAGE_6,CPU_USAGE_7,SYSTEM_POWER (Watts),TOTAL_MEMORY,TOTAL_SWAP,USED_MEMORY,USED_SWAP
0,1729581269289,3228,3228,3228,3228,3228,3228,3228,3228,66.55799865722656,64.58399200439453,65.28943634033203,67.2634506225586,67.02389526367188,65.15711975097656,65.34237670898438,66.43087768554688,67.79502868652344,66.31131744384766,0,0,0,0,0,0,0,0,23.786123275756836,17179869184,22548578304,4422664192,21248278528
302,1729581269289,3228,3228,3228,3228,3228,3228,3228,3228,66.55799865722656,64.58399200439453,65.28943634033203,67.2634506225586,67.02389526367188,65.15711975097656,65.34237670898438,66.43087768554688,67.79502868652344,66.31131744384766,100,0,NaN,0,0,100,50,0,23.786123275756836,17179869184,22548578304,4425318400,21248278528
306,1729581269592,3228,3228,3228,3228,3228,3228,3228,3228,66.55799865722656,64.58399200439453,65.28943634033203,67.2634506225586,67.02389526367188,65.15711975097656,65.34237670898438,66.43087768554688,67.79502868652344,66.31131744384766,54.83871078491211,58.06451416015625,66.66667175292969,79.31034851074219,61.29032516479492,56.66666793823242,56.66666793823242,56.66666793823242,10.483789443969727,17179869184,22548578304,6317654016,21248278528
12,1729581269898,3228,3228,3228,3228,3228,3228,3228,3228,66.55799865722656,64.58399200439453,65.28943634033203,67.2634506225586,67.02389526367188,65.15711975097656,65.34237670898438,66.43087768554688,67.79502868652344,66.31131744384766,30.000001907348633,30.000001907348633,48.3870964050293,28.125,30.000001907348633,23.33333396911621,19.35483741760254,13.333333969116211,10.483789443969727,17179869184,22548578304,4485283840,21248278528
