Delta,Time,CPU_FREQUENCY_0,CPU_FREQUENCY_1,CPU_FREQUENCY_2,CPU_FREQUENCY_3,CPU_FREQUENCY_4,CPU_FREQUENCY_5,CPU_FREQUENCY_6,CPU_FREQUENCY_7,CPU_TEMP_0,CPU_TEMP_1,CPU_TEMP_2,CPU_TEMP_3,CPU_TEMP_4,CPU_TEMP_5,CPU_TEMP_6,CPU_TEMP_7,CPU_TEMP_8,CPU_TEMP_9,CPU_USAGE_0,CPU_USAGE_1,CPU_USAGE_2,CPU_USAGE_3,CPU_USAGE_4,CPU_USAGE_5,CPU_USAGE_6,CPU_USAGE_7,SYSTEM_POWER (Watts),TOTAL_MEMORY,TOTAL_SWAP,USED_MEMORY,USED_SWAP
0,1729588240776,3228,3228,3228,3228,3228,3228,3228,3228,66.23123168945313,62.34102249145508,69.92660522460938,72.05979919433594,68.29293823242188,64.74559783935547,68.64732360839844,67.55236053466797,64.58470153808594,63.64704895019531,0,0,100,50,0,0,0,0,21.38953971862793,17179869184,22548578304,5454659584,21086011392
307,1729588240776,3228,3228,3228,3228,3228,3228,3228,3228,66.23123168945313,62.34102249145508,69.92660522460938,72.05979919433594,68.29293823242188,64.74559783935547,68.64732360839844,67.55236053466797,64.58470153808594,63.64704895019531,50,0,100,NaN,100,0,0,0,21.38953971862793,17179869184,22548578304,5457068032,21086011392
7,1729588241084,3228,3228,3228,3228,3228,3228,3228,3228,66.23123168945313,62.34102249145508,69.92660522460938,72.05979919433594,68.29293823242188,64.74559783935547,68.64732360839844,67.55236053466797,64.58470153808594,63.64704895019531,32.25806427001953,23.33333396911621,61.29032516479492,61.29032516479492,51.61289978027344,16.666667938232422,6.6666669845581055,9.375,21.38953971862793,17179869184,22548578304,5504172032,21086011392
