Delta,Time,CPU_FREQUENCY_0,CPU_FREQUENCY_1,CPU_FREQUENCY_2,CPU_FREQUENCY_3,CPU_FREQUENCY_4,CPU_FREQUENCY_5,CPU_FREQUENCY_6,CPU_FREQUENCY_7,CPU_TEMP_0,CPU_TEMP_1,CPU_TEMP_2,CPU_TEMP_3,CPU_TEMP_4,CPU_TEMP_5,CPU_TEMP_6,CPU_TEMP_7,CPU_TEMP_8,CPU_TEMP_9,CPU_USAGE_0,CPU_USAGE_1,CPU_USAGE_2,CPU_USAGE_3,CPU_USAGE_4,CPU_USAGE_5,CPU_USAGE_6,CPU_USAGE_7,SYSTEM_POWER (Watts),TOTAL_MEMORY,TOTAL_SWAP,USED_MEMORY,USED_SWAP
0,1729549811688,3228,3228,3228,3228,3228,3228,3228,3228,58.357662200927734,56.144615173339844,57.19084167480469,58.30765151977539,58.82289123535156,57.027896881103516,57.67238235473633,57.367794036865234,59.14617156982422,58.95238494873047,100,100,0,0,0,0,0,0,5.485179424285889,17179869184,21474836480,6978879488,20766916608
309,1729549811688,3228,3228,3228,3228,3228,3228,3228,3228,58.357662200927734,56.144615173339844,57.19084167480469,58.30765151977539,58.82289123535156,57.027896881103516,57.67238235473633,57.367794036865234,59.14617156982422,58.95238494873047,NaN,100,0,0,0,0,50,0,5.485179424285889,17179869184,21474836480,6982090752,20766916608
309,1729549811998,3228,3228,3228,3228,3228,3228,3228,3228,58.357662200927734,56.144615173339844,57.19084167480469,58.30765151977539,58.82289123535156,57.027896881103516,57.67238235473633,57.367794036865234,59.14617156982422,58.95238494873047,100,100,96.7741928100586,93.75,90.32257843017578,87.09677124023438,90,90.32257843017578,5.330679893493652,17179869184,21474836480,7054966784,20766916608
8,1729549812308,3228,3228,3228,3228,3228,3228,3228,3228,60.75139236450195,58.4537353515625,62.18366241455078,63.04706954956055,62.310264587402344,59.22982406616211,61.976200103759766,60.8723030090332,62.11366271972656,61.08058166503906,86.66666412353516,87.5,65.625,29.032257080078125,29.032257080078125,29.032257080078125,9.67741870880127,3.22580623626709,5.330679893493652,17179869184,21474836480,7029096448,20766916608
