Delta,Time,CPU_FREQUENCY_0,CPU_FREQUENCY_1,CPU_FREQUENCY_2,CPU_FREQUENCY_3,CPU_FREQUENCY_4,CPU_FREQUENCY_5,CPU_FREQUENCY_6,CPU_FREQUENCY_7,CPU_TEMP_0,CPU_TEMP_1,CPU_TEMP_2,CPU_TEMP_3,CPU_TEMP_4,CPU_TEMP_5,CPU_TEMP_6,CPU_TEMP_7,CPU_TEMP_8,CPU_TEMP_9,CPU_USAGE_0,CPU_USAGE_1,CPU_USAGE_2,CPU_USAGE_3,CPU_USAGE_4,CPU_USAGE_5,CPU_USAGE_6,CPU_USAGE_7,SYSTEM_POWER (Watts),TOTAL_MEMORY,TOTAL_SWAP,USED_MEMORY,USED_SWAP
0,1729566962468,3228,3228,3228,3228,3228,3228,3228,3228,59.83344268798828,58.362335205078125,59.30303955078125,60.251678466796875,60.38487243652344,58.69160079956055,58.34385681152344,59.21440505981445,60.8857307434082,60.21025085449219,50,50,0,0,0,0,0,0,9.075637817382813,17179869184,22548578304,5405278208,21248278528
308,1729566962468,3228,3228,3228,3228,3228,3228,3228,3228,59.83344268798828,58.362335205078125,59.30303955078125,60.251678466796875,60.38487243652344,58.69160079956055,58.34385681152344,59.21440505981445,60.8857307434082,60.21025085449219,0,0,0,NaN,0,50,0,0,9.075637817382813,17179869184,22548578304,5405278208,21248278528
308,1729566962777,3228,3228,3228,3228,3228,3228,3228,3228,60.29304504394531,58.50456237792969,60.827552795410156,62.07835388183594,61.10174560546875,58.83113098144531,59.30580520629883,60.22882843017578,61.3046989440918,59.997528076171875,73.33333587646484,66.66667175292969,76.66666412353516,93.75,74.19355010986328,70.96774291992188,73.33333587646484,68.75,9.075637817382813,17179869184,22548578304,5405278208,21248278528
9,1729566963085,3228,3228,3228,3228,3228,3228,3228,3228,60.29304504394531,58.50456237792969,60.827552795410156,62.07835388183594,61.10174560546875,58.83113098144531,59.30580520629883,60.22882843017578,61.3046989440918,59.997528076171875,19.35483741760254,25.80644989013672,18.75,33.333335876464844,10,3.22580623626709,3.22580623626709,0,9.075637817382813,17179869184,22548578304,5415305216,21248278528
