Delta,Time,CPU_FREQUENCY_0,CPU_FREQUENCY_1,CPU_FREQUENCY_2,CPU_FREQUENCY_3,CPU_FREQUENCY_4,CPU_FREQUENCY_5,CPU_FREQUENCY_6,CPU_FREQUENCY_7,CPU_TEMP_0,CPU_TEMP_1,CPU_TEMP_2,CPU_TEMP_3,CPU_TEMP_4,CPU_TEMP_5,CPU_TEMP_6,CPU_TEMP_7,CPU_TEMP_8,CPU_TEMP_9,CPU_USAGE_0,CPU_USAGE_1,CPU_USAGE_2,CPU_USAGE_3,CPU_USAGE_4,CPU_USAGE_5,CPU_USAGE_6,CPU_USAGE_7,SYSTEM_POWER (Watts),TOTAL_MEMORY,TOTAL_SWAP,USED_MEMORY,USED_SWAP
0,1729600148568,3228,3228,3228,3228,3228,3228,3228,3228,60.06232452392578,57.96782302856445,58.808937072753906,59.564735412597656,60.84473419189453,58.829002380371094,58.988983154296875,59.930484771728516,61.0842170715332,60.0665283203125,0,0,50,0,0,0,0,0,23.215024948120117,17179869184,22548578304,5704073216,20918173696
308,1729600148568,3228,3228,3228,3228,3228,3228,3228,3228,60.06232452392578,57.96782302856445,58.808937072753906,59.564735412597656,60.84473419189453,58.829002380371094,58.988983154296875,59.930484771728516,61.0842170715332,60.0665283203125,0,0,0,100,100,0,0,0,23.215024948120117,17179869184,22548578304,5704073216,20918173696
8,1729600148876,3228,3228,3228,3228,3228,3228,3228,3228,60.06232452392578,57.96782302856445,58.808937072753906,59.564735412597656,60.84473419189453,58.829002380371094,58.988983154296875,59.930484771728516,61.0842170715332,60.0665283203125,16.129032135009766,16.129032135009766,36.66666793823242,41.935482025146484,12.90322494506836,12.90322494506836,3.22580623626709,0,11.161272048950195,17179869184,22548578304,5704073216,20918173696
