Delta,Time,CPU_FREQUENCY_0,CPU_FREQUENCY_1,CPU_FREQUENCY_2,CPU_FREQUENCY_3,CPU_FREQUENCY_4,CPU_FREQUENCY_5,CPU_FREQUENCY_6,CPU_FREQUENCY_7,CPU_TEMP_0,CPU_TEMP_1,CPU_TEMP_2,CPU_TEMP_3,CPU_TEMP_4,CPU_TEMP_5,CPU_TEMP_6,CPU_TEMP_7,CPU_TEMP_8,CPU_TEMP_9,CPU_USAGE_0,CPU_USAGE_1,CPU_USAGE_2,CPU_USAGE_3,CPU_USAGE_4,CPU_USAGE_5,CPU_USAGE_6,CPU_USAGE_7,SYSTEM_POWER (Watts),TOTAL_MEMORY,TOTAL_SWAP,USED_MEMORY,USED_SWAP
0,1729538790091,3228,3228,3228,3228,3228,3228,3228,3228,61.68214416503906,58.328643798828125,63.521873474121094,64.25798034667969,64.3256607055664,59.54804229736328,61.99518585205078,61.0050163269043,61.54530715942383,59.30070495605469,0,NaN,NaN,100,100,100,NaN,0,24.209768295288086,17179869184,21474836480,5797822464,20377894912
309,1729538790091,3228,3228,3228,3228,3228,3228,3228,3228,61.68214416503906,58.328643798828125,63.521873474121094,64.25798034667969,64.3256607055664,59.54804229736328,61.99518585205078,61.0050163269043,61.54530715942383,59.30070495605469,100,0,100,50,NaN,NaN,100,NaN,24.209768295288086,17179869184,21474836480,5799034880,20377894912
10,1729538790401,3228,3228,3228,3228,3228,3228,3228,3228,61.68214416503906,58.328643798828125,63.521873474121094,64.25798034667969,64.3256607055664,59.54804229736328,61.99518585205078,61.0050163269043,61.54530715942383,59.30070495605469,19.35483741760254,21.875,93.54838562011719,93.33333587646484,93.54838562011719,63.33333206176758,29.032257080078125,6.25,24.209768295288086,17179869184,21474836480,5799034880,20377894912
