Delta,Time,CPU_FREQUENCY_0,CPU_FREQUENCY_1,CPU_FREQUENCY_2,CPU_FREQUENCY_3,CPU_FREQUENCY_4,CPU_FREQUENCY_5,CPU_FREQUENCY_6,CPU_FREQUENCY_7,CPU_TEMP_0,CPU_TEMP_1,CPU_TEMP_2,CPU_TEMP_3,CPU_TEMP_4,CPU_TEMP_5,CPU_TEMP_6,CPU_TEMP_7,CPU_TEMP_8,CPU_TEMP_9,CPU_USAGE_0,CPU_USAGE_1,CPU_USAGE_2,CPU_USAGE_3,CPU_USAGE_4,CPU_USAGE_5,CPU_USAGE_6,CPU_USAGE_7,SYSTEM_POWER (Watts),TOTAL_MEMORY,TOTAL_SWAP,USED_MEMORY,USED_SWAP
0,1729557557682,3228,3228,3228,3228,3228,3228,3228,3228,66.27838134765625,61.87632369995117,68.61988830566406,67.9997329711914,66.29755401611328,63.58262634277344,63.63425827026367,63.701744079589844,64.5774917602539,63.9366455078125,0,50,0,50,0,0,0,0,28.543289184570313,17179869184,22548578304,4384407552,21348941824
309,1729557557682,3228,3228,3228,3228,3228,3228,3228,3228,66.27838134765625,61.87632369995117,68.61988830566406,67.9997329711914,66.29755401611328,63.58262634277344,63.63425827026367,63.701744079589844,64.5774917602539,63.9366455078125,50,0,100,0,0,50,0,0,28.543289184570313,17179869184,22548578304,4384407552,21348941824
305,1729557557992,3228,3228,3228,3228,3228,3228,3228,3228,66.27838134765625,61.87632369995117,68.61988830566406,67.9997329711914,66.29755401611328,63.58262634277344,63.63425827026367,63.701744079589844,64.5774917602539,63.9366455078125,80.6451644897461,80.6451644897461,87.09677124023438,93.54838562011719,87.09677124023438,90,87.5,87.09677124023438,21.340208053588867,17179869184,22548578304,4384407552,21348941824
308,1729557558298,3228,3228,3228,3228,3228,3228,3228,3228,66.27838134765625,61.87632369995117,68.61988830566406,67.9997329711914,66.29755401611328,63.58262634277344,63.63425827026367,63.701744079589844,64.5774917602539,63.9366455078125,6.6666669845581055,10,58.06451416015625,30.000001907348633,30.000001907348633,35.48387145996094,6.6666669845581055,0,21.340208053588867,17179869184,22548578304,4485709824,21348941824
11,1729557558607,3228,3228,3228,3228,3228,3228,3228,3228,65.81121063232422,62.47865676879883,66.722412109375,67.875732421875,66.76829528808594,63.84534454345703,65.52960968017578,65.523193359375,65.80874633789063,64.28723907470703,26.666667938232422,22.580644607543945,6.6666669845581055,6.25,6.25,6.45161247253418,0,0,21.340208053588867,17179869184,22548578304,4453302272,21348941824
