Delta,Time,CPU_FREQUENCY_0,CPU_FREQUENCY_1,CPU_FREQUENCY_2,CPU_FREQUENCY_3,CPU_FREQUENCY_4,CPU_FREQUENCY_5,CPU_FREQUENCY_6,CPU_FREQUENCY_7,CPU_TEMP_0,CPU_TEMP_1,CPU_TEMP_2,CPU_TEMP_3,CPU_TEMP_4,CPU_TEMP_5,CPU_TEMP_6,CPU_TEMP_7,CPU_TEMP_8,CPU_TEMP_9,CPU_USAGE_0,CPU_USAGE_1,CPU_USAGE_2,CPU_USAGE_3,CPU_USAGE_4,CPU_USAGE_5,CPU_USAGE_6,CPU_USAGE_7,SYSTEM_POWER (Watts),TOTAL_MEMORY,TOTAL_SWAP,USED_MEMORY,USED_SWAP
0,1729541424948,3228,3228,3228,3228,3228,3228,3228,3228,61.27860641479492,58.36045837402344,59.12297058105469,60.96846008300781,61.58921813964844,59.59513473510742,59.66960906982422,59.54011535644531,61.937679290771484,61.12181854248047,50,0,100,0,66.66667175292969,100,50,0,10.131505012512207,17179869184,21474836480,5122818048,20369506304
307,1729541424949,3228,3228,3228,3228,3228,3228,3228,3228,61.27860641479492,58.36045837402344,59.12297058105469,60.96846008300781,61.58921813964844,59.59513473510742,59.66960906982422,59.54011535644531,61.937679290771484,61.12181854248047,0,NaN,100,100,NaN,100,NaN,100,10.131505012512207,17179869184,21474836480,5127438336,20369506304
309,1729541425256,3228,3228,3228,3228,3228,3228,3228,3228,62.393436431884766,59.38322448730469,62.03710174560547,64.07353973388672,63.296241760253906,60.45838165283203,62.13506317138672,61.70341491699219,63.19122314453125,61.429542541503906,93.33333587646484,93.75,100,100,96.7741928100586,100,96.7741928100586,96.7741928100586,10.131505012512207,17179869184,21474836480,5144707072,20369506304
303,1729541425566,3228,3228,3228,3228,3228,3228,3228,3228,62.393436431884766,59.38322448730469,62.03710174560547,64.07353973388672,63.296241760253906,60.45838165283203,62.13506317138672,61.70341491699219,63.19122314453125,61.429542541503906,19.35483741760254,13.333333969116211,84.375,80.6451644897461,83.87096405029297,80.6451644897461,77.41934967041016,76.66666412353516,5.202391624450684,17179869184,21474836480,5149474816,20369506304
9,1729541425869,3228,3228,3228,3228,3228,3228,3228,3228,62.393436431884766,59.38322448730469,62.03710174560547,64.07353973388672,63.296241760253906,60.45838165283203,62.13506317138672,61.70341491699219,63.19122314453125,61.429542541503906,6.6666669845581055,6.6666669845581055,86.66666412353516,76.66666412353516,75.86206817626953,74.19355010986328,58.06451416015625,38.70967483520508,5.202391624450684,17179869184,21474836480,5078253568,20369506304
