Delta,Time,CPU_FREQUENCY_0,CPU_FREQUENCY_1,CPU_FREQUENCY_2,CPU_FREQUENCY_3,CPU_FREQUENCY_4,CPU_FREQUENCY_5,CPU_FREQUENCY_6,CPU_FREQUENCY_7,CPU_TEMP_0,CPU_TEMP_1,CPU_TEMP_2,CPU_TEMP_3,CPU_TEMP_4,CPU_TEMP_5,CPU_TEMP_6,CPU_TEMP_7,CPU_TEMP_8,CPU_TEMP_9,CPU_USAGE_0,CPU_USAGE_1,CPU_USAGE_2,CPU_USAGE_3,CPU_USAGE_4,CPU_USAGE_5,CPU_USAGE_6,CPU_USAGE_7,SYSTEM_POWER (Watts),TOTAL_MEMORY,TOTAL_SWAP,USED_MEMORY,USED_SWAP
0,1729599998314,3228,3228,3228,3228,3228,3228,3228,3228,63.76087188720703,59.401153564453125,69.18880462646484,71.0824966430664,67.52667236328125,62.60988235473633,65.47148132324219,65.63471984863281,62.27631378173828,60.974891662597656,100,0,100,100,100,100,0,50,22.14830207824707,17179869184,22548578304,6418710528,20968570880
303,1729599998314,3228,3228,3228,3228,3228,3228,3228,3228,63.76087188720703,59.401153564453125,69.18880462646484,71.0824966430664,67.52667236328125,62.60988235473633,65.47148132324219,65.63471984863281,62.27631378173828,60.974891662597656,0,0,100,100,100,0,0,0,22.14830207824707,17179869184,22548578304,6422904832,20968570880
9,1729599998617,3228,3228,3228,3228,3228,3228,3228,3228,62.43260955810547,58.94755554199219,65.56075286865234,67.59571075439453,65.627685546875,61.496376037597656,63.35643768310547,63.33024978637695,62.05520248413086,60.57178497314453,26.666667938232422,32.25806427001953,90.32257843017578,90,86.20689392089844,83.33332824707031,45.16128921508789,13.333333969116211,22.14830207824707,17179869184,22548578304,6412779520,20968570880
