Delta,Time,CPU_FREQUENCY_0,CPU_FREQUENCY_1,CPU_FREQUENCY_2,CPU_FREQUENCY_3,CPU_FREQUENCY_4,CPU_FREQUENCY_5,CPU_FREQUENCY_6,CPU_FREQUENCY_7,CPU_TEMP_0,CPU_TEMP_1,CPU_TEMP_2,CPU_TEMP_3,CPU_TEMP_4,CPU_TEMP_5,CPU_TEMP_6,CPU_TEMP_7,CPU_TEMP_8,CPU_TEMP_9,CPU_USAGE_0,CPU_USAGE_1,CPU_USAGE_2,CPU_USAGE_3,CPU_USAGE_4,CPU_USAGE_5,CPU_USAGE_6,CPU_USAGE_7,SYSTEM_POWER (Watts),TOTAL_MEMORY,TOTAL_SWAP,USED_MEMORY,USED_SWAP
0,1729542569300,3228,3228,3228,3228,3228,3228,3228,3228,57.571651458740234,55.07991409301758,56.649017333984375,57.552452087402344,58.08507537841797,57.12513732910156,56.30126953125,56.21638107299805,59.096435546875,57.733360290527344,50,0,50,0,0,0,0,0,21.518980026245117,17179869184,21474836480,5990907904,20369506304
310,1729542569301,3228,3228,3228,3228,3228,3228,3228,3228,57.571651458740234,55.07991409301758,56.649017333984375,57.552452087402344,58.08507537841797,57.12513732910156,56.30126953125,56.21638107299805,59.096435546875,57.733360290527344,0,50,100,0,0,0,0,0,21.518980026245117,17179869184,21474836480,5992677376,20369506304
305,1729542569612,3228,3228,3228,3228,3228,3228,3228,3228,57.571651458740234,55.07991409301758,56.649017333984375,57.552452087402344,58.08507537841797,57.12513732910156,56.30126953125,56.21638107299805,59.096435546875,57.733360290527344,58.06451416015625,61.29032516479492,73.33333587646484,80.6451644897461,54.83871078491211,54.83871078491211,54.83871078491211,53.125,7.625967979431152,17179869184,21474836480,5992677376,20369506304
308,1729542569918,3228,3228,3228,3228,3228,3228,3228,3228,57.571651458740234,55.07991409301758,56.649017333984375,57.552452087402344,58.08507537841797,57.12513732910156,56.30126953125,56.21638107299805,59.096435546875,57.733360290527344,44.82758712768555,41.935482025146484,59.375,87.09677124023438,48.3870964050293,35.48387145996094,36.66666793823242,33.333335876464844,7.625967979431152,17179869184,21474836480,6023430144,20369506304
9,1729542570226,3228,3228,3228,3228,3228,3228,3228,3228,59.59697341918945,56.44002914428711,61.609718322753906,63.23162078857422,60.2864990234375,58.59110641479492,58.45244598388672,58.37211227416992,60.52965545654297,58.82389831542969,15.625,13.333333969116211,36.66666793823242,60.000003814697266,0,3.22580623626709,0,0,7.625967979431152,17179869184,21474836480,6022725632,20369506304
