Delta,Time,CPU_FREQUENCY_0,CPU_FREQUENCY_1,CPU_FREQUENCY_2,CPU_FREQUENCY_3,CPU_FREQUENCY_4,CPU_FREQUENCY_5,CPU_FREQUENCY_6,CPU_FREQUENCY_7,CPU_TEMP_0,CPU_TEMP_1,CPU_TEMP_2,CPU_TEMP_3,CPU_TEMP_4,CPU_TEMP_5,CPU_TEMP_6,CPU_TEMP_7,CPU_TEMP_8,CPU_TEMP_9,CPU_USAGE_0,CPU_USAGE_1,CPU_USAGE_2,CPU_USAGE_3,CPU_USAGE_4,CPU_USAGE_5,CPU_USAGE_6,CPU_USAGE_7,SYSTEM_POWER (Watts),TOTAL_MEMORY,TOTAL_SWAP,USED_MEMORY,USED_SWAP
0,1729566833662,3228,3228,3228,3228,3228,3228,3228,3228,66.1207504272461,61.98889923095703,70.05415344238281,71.26225280761719,69.05606079101563,64.39177703857422,67.51592254638672,65.59513854980469,63.83157730102539,63.713592529296875,0,0,100,100,NaN,50,0,0,13.189671516418457,17179869184,22548578304,6430556160,21248278528
308,1729566833662,3228,3228,3228,3228,3228,3228,3228,3228,66.1207504272461,61.98889923095703,70.05415344238281,71.26225280761719,69.05606079101563,64.39177703857422,67.51592254638672,65.59513854980469,63.83157730102539,63.713592529296875,NaN,0,NaN,100,100,NaN,100,0,13.189671516418457,17179869184,22548578304,6433931264,21248278528
308,1729566833971,3228,3228,3228,3228,3228,3228,3228,3228,66.1207504272461,61.98889923095703,70.05415344238281,71.26225280761719,69.05606079101563,64.39177703857422,67.51592254638672,65.59513854980469,63.83157730102539,63.713592529296875,93.75,96.66666412353516,100,100,100,100,100,96.66666412353516,13.189671516418457,17179869184,22548578304,6484344832,21248278528
308,1729566834279,3228,3228,3228,3228,3228,3228,3228,3228,66.1207504272461,61.98889923095703,70.05415344238281,71.26225280761719,69.05606079101563,64.39177703857422,67.51592254638672,65.59513854980469,63.83157730102539,63.713592529296875,16.666667938232422,16.129032135009766,87.09677124023438,86.66666412353516,83.33332824707031,96.7741928100586,76.66666412353516,41.935482025146484,18.426359176635742,17179869184,22548578304,6489997312,21248278528
7,1729566834588,3228,3228,3228,3228,3228,3228,3228,3228,66.1207504272461,61.98889923095703,70.05415344238281,71.26225280761719,69.05606079101563,64.39177703857422,67.51592254638672,65.59513854980469,63.83157730102539,63.713592529296875,20,22.580644607543945,74.19355010986328,61.29032516479492,60.000003814697266,54.83871078491211,16.129032135009766,12.5,18.426359176635742,17179869184,22548578304,6452592640,21248278528
