Delta,Time,CPU_FREQUENCY_0,CPU_FREQUENCY_1,CPU_FREQUENCY_2,CPU_FREQUENCY_3,CPU_FREQUENCY_4,CPU_FREQUENCY_5,CPU_FREQUENCY_6,CPU_FREQUENCY_7,CPU_TEMP_0,CPU_TEMP_1,CPU_TEMP_2,CPU_TEMP_3,CPU_TEMP_4,CPU_TEMP_5,CPU_TEMP_6,CPU_TEMP_7,CPU_TEMP_8,CPU_TEMP_9,CPU_USAGE_0,CPU_USAGE_1,CPU_USAGE_2,CPU_USAGE_3,CPU_USAGE_4,CPU_USAGE_5,CPU_USAGE_6,CPU_USAGE_7,SYSTEM_POWER (Watts),TOTAL_MEMORY,TOTAL_SWAP,USED_MEMORY,USED_SWAP
0,1729556690326,3228,3228,3228,3228,3228,3228,3228,3228,59.416168212890625,56.028358459472656,60.10797882080078,60.361427307128906,60.32356262207031,57.400146484375,57.44060516357422,58.26765060424805,59.173240661621094,58.10271453857422,50,0,100,0,50,100,0,0,4.760421276092529,17179869184,22548578304,3168518144,21357330432
309,1729556690326,3228,3228,3228,3228,3228,3228,3228,3228,59.416168212890625,56.028358459472656,60.10797882080078,60.361427307128906,60.32356262207031,57.400146484375,57.44060516357422,58.26765060424805,59.173240661621094,58.10271453857422,0,0,100,100,100,100,0,0,4.760421276092529,17179869184,22548578304,3168518144,21357330432
309,1729556690636,3228,3228,3228,3228,3228,3228,3228,3228,65.92231750488281,61.297882080078125,71.46053314208984,73.4092025756836,69.55561065673828,63.53745651245117,68.39224243164063,68.97488403320313,64.7054672241211,63.03612518310547,93.33333587646484,90.32257843017578,96.7741928100586,100,100,96.7741928100586,96.7741928100586,100,4.760421276092529,17179869184,22548578304,3168518144,21357330432
307,1729556690945,3228,3228,3228,3228,3228,3228,3228,3228,65.92231750488281,61.297882080078125,71.46053314208984,73.4092025756836,69.55561065673828,63.53745651245117,68.39224243164063,68.97488403320313,64.7054672241211,63.03612518310547,35.48387145996094,40,90.32257843017578,80.6451644897461,70.96774291992188,64.51612854003906,45.16128921508789,34.375,17.617504119873047,17179869184,22548578304,3365945344,21357330432
10,1729556691253,3228,3228,3228,3228,3228,3228,3228,3228,65.92231750488281,61.297882080078125,71.46053314208984,73.4092025756836,69.55561065673828,63.53745651245117,68.39224243164063,68.97488403320313,64.7054672241211,63.03612518310547,32.25806427001953,22.580644607543945,64.51612854003906,59.375,46.66666793823242,32.25806427001953,6.45161247253418,9.67741870880127,17.617504119873047,17179869184,22548578304,3303686144,21357330432
