Delta,Time,CPU_FREQUENCY_0,CPU_FREQUENCY_1,CPU_FREQUENCY_2,CPU_FREQUENCY_3,CPU_FREQUENCY_4,CPU_FREQUENCY_5,CPU_FREQUENCY_6,CPU_FREQUENCY_7,CPU_TEMP_0,CPU_TEMP_1,CPU_TEMP_2,CPU_TEMP_3,CPU_TEMP_4,CPU_TEMP_5,CPU_TEMP_6,CPU_TEMP_7,CPU_TEMP_8,CPU_TEMP_9,CPU_USAGE_0,CPU_USAGE_1,CPU_USAGE_2,CPU_USAGE_3,CPU_USAGE_4,CPU_USAGE_5,CPU_USAGE_6,CPU_USAGE_7,SYSTEM_POWER (Watts),TOTAL_MEMORY,TOTAL_SWAP,USED_MEMORY,USED_SWAP
0,1729545974443,3228,3228,3228,3228,3228,3228,3228,3228,60.331298828125,58.043487548828125,59.41596221923828,60.22083282470703,61.18047332763672,58.56660079956055,59.11125183105469,59.59020233154297,61.25775909423828,60.706565856933594,100,100,0,0,0,0,0,0,17.80534553527832,17179869184,21474836480,5934235648,20252065792
301,1729545974443,3228,3228,3228,3228,3228,3228,3228,3228,60.331298828125,58.043487548828125,59.41596221923828,60.22083282470703,61.18047332763672,58.56660079956055,59.11125183105469,59.59020233154297,61.25775909423828,60.706565856933594,100,100,NaN,NaN,0,0,0,NaN,17.80534553527832,17179869184,21474836480,5939658752,20252065792
9,1729545974745,3228,3228,3228,3228,3228,3228,3228,3228,60.331298828125,58.043487548828125,59.41596221923828,60.22083282470703,61.18047332763672,58.56660079956055,59.11125183105469,59.59020233154297,61.25775909423828,60.706565856933594,65.51724243164063,63.33333206176758,23.33333396911621,45.16128921508789,19.35483741760254,6.45161247253418,6.45161247253418,3.3333334922790527,8.980067253112793,17179869184,21474836480,6010273792,20252065792
