Delta,Time,CPU_FREQUENCY_0,CPU_FREQUENCY_1,CPU_FREQUENCY_2,CPU_FREQUENCY_3,CPU_FREQUENCY_4,CPU_FREQUENCY_5,CPU_FREQUENCY_6,CPU_FREQUENCY_7,CPU_TEMP_0,CPU_TEMP_1,CPU_TEMP_2,CPU_TEMP_3,CPU_TEMP_4,CPU_TEMP_5,CPU_TEMP_6,CPU_TEMP_7,CPU_TEMP_8,CPU_TEMP_9,CPU_USAGE_0,CPU_USAGE_1,CPU_USAGE_2,CPU_USAGE_3,CPU_USAGE_4,CPU_USAGE_5,CPU_USAGE_6,CPU_USAGE_7,SYSTEM_POWER (Watts),TOTAL_MEMORY,TOTAL_SWAP,USED_MEMORY,USED_SWAP
0,1729588922630,3228,3228,3228,3228,3228,3228,3228,3228,60.25428009033203,57.532047271728516,58.92723846435547,60.02708435058594,59.89044952392578,58.807899475097656,57.884273529052734,58.94278335571289,59.89741516113281,59.64482879638672,0,0,100,100,NaN,50,0,0,4.60964298248291,17179869184,22548578304,5210685440,21069234176
309,1729588922630,3228,3228,3228,3228,3228,3228,3228,3228,60.25428009033203,57.532047271728516,58.92723846435547,60.02708435058594,59.89044952392578,58.807899475097656,57.884273529052734,58.94278335571289,59.89741516113281,59.64482879638672,0,0,50,66.66667175292969,66.66667175292969,100,0,50,4.60964298248291,17179869184,22548578304,5213257728,21069234176
307,1729588922940,3228,3228,3228,3228,3228,3228,3228,3228,60.25428009033203,57.532047271728516,58.92723846435547,60.02708435058594,59.89044952392578,58.807899475097656,57.884273529052734,58.94278335571289,59.89741516113281,59.64482879638672,93.54838562011719,96.66666412353516,100,100,100,100,100,100,4.60964298248291,17179869184,22548578304,5255839744,21069234176
309,1729588923248,3228,3228,3228,3228,3228,3228,3228,3228,64.60692596435547,61.5211296081543,67.24665832519531,69.0256576538086,66.37309265136719,62.77162551879883,65.32847595214844,65.92584228515625,64.61451721191406,62.82959747314453,30.000001907348633,22.580644607543945,90.32257843017578,90.32257843017578,87.09677124023438,56.25,48.3870964050293,40.625,4.60964298248291,17179869184,22548578304,5266194432,21069234176
9,1729588923558,3228,3228,3228,3228,3228,3228,3228,3228,64.60692596435547,61.5211296081543,67.24665832519531,69.0256576538086,66.37309265136719,62.77162551879883,65.32847595214844,65.92584228515625,64.61451721191406,62.82959747314453,20,29.032257080078125,80.6451644897461,83.87096405029297,84.375,64.51612854003906,50,50,4.60964298248291,17179869184,22548578304,5233115136,21069234176
