Delta,Time,CPU_FREQUENCY_0,CPU_FREQUENCY_1,CPU_FREQUENCY_2,CPU_FREQUENCY_3,CPU_FREQUENCY_4,CPU_FREQUENCY_5,CPU_FREQUENCY_6,CPU_FREQUENCY_7,CPU_TEMP_0,CPU_TEMP_1,CPU_TEMP_2,CPU_TEMP_3,CPU_TEMP_4,CPU_TEMP_5,CPU_TEMP_6,CPU_TEMP_7,CPU_TEMP_8,CPU_TEMP_9,CPU_USAGE_0,CPU_USAGE_1,CPU_USAGE_2,CPU_USAGE_3,CPU_USAGE_4,CPU_USAGE_5,CPU_USAGE_6,CPU_USAGE_7,SYSTEM_POWER (Watts),TOTAL_MEMORY,TOTAL_SWAP,USED_MEMORY,USED_SWAP
0,1729557467786,3228,3228,3228,3228,3228,3228,3228,3228,59.80338668823242,56.331974029541016,58.196632385253906,59.637367248535156,59.634315490722656,57.586936950683594,57.40388107299805,58.14516830444336,59.81388854980469,58.6890869140625,0,0,50,NaN,100,100,100,100,4.6534905433654785,17179869184,22548578304,3788963840,21348941824
309,1729557467786,3228,3228,3228,3228,3228,3228,3228,3228,59.80338668823242,56.331974029541016,58.196632385253906,59.637367248535156,59.634315490722656,57.586936950683594,57.40388107299805,58.14516830444336,59.81388854980469,58.6890869140625,0,0,NaN,100,100,NaN,100,100,4.6534905433654785,17179869184,22548578304,3792273408,21348941824
309,1729557468096,3228,3228,3228,3228,3228,3228,3228,3228,59.80338668823242,56.331974029541016,58.196632385253906,59.637367248535156,59.634315490722656,57.586936950683594,57.40388107299805,58.14516830444336,59.81388854980469,58.6890869140625,96.875,96.7741928100586,100,100,96.875,100,96.66666412353516,100,4.5916619300842285,17179869184,22548578304,3872817152,21348941824
309,1729557468406,3228,3228,3228,3228,3228,3228,3228,3228,59.80338668823242,56.331974029541016,58.196632385253906,59.637367248535156,59.634315490722656,57.586936950683594,57.40388107299805,58.14516830444336,59.81388854980469,58.6890869140625,30.000001907348633,30.000001907348633,90.32257843017578,90.625,90,83.87096405029297,81.25,60.000003814697266,4.5916619300842285,17179869184,22548578304,3910270976,21348941824
8,1729557468716,3228,3228,3228,3228,3228,3228,3228,3228,67.35173797607422,63.75975036621094,71.88994598388672,74.55520629882813,70.3668441772461,64.8166275024414,71.72113037109375,72.37100219726563,68.66159057617188,65.34819793701172,22.580644607543945,29.032257080078125,93.33333587646484,86.66666412353516,77.41934967041016,64.51612854003906,50,35.48387145996094,4.5916619300842285,17179869184,22548578304,3900588032,21348941824
