Delta,Time,CPU_FREQUENCY_0,CPU_FREQUENCY_1,CPU_FREQUENCY_2,CPU_FREQUENCY_3,CPU_FREQUENCY_4,CPU_FREQUENCY_5,CPU_FREQUENCY_6,CPU_FREQUENCY_7,CPU_TEMP_0,CPU_TEMP_1,CPU_TEMP_2,CPU_TEMP_3,CPU_TEMP_4,CPU_TEMP_5,CPU_TEMP_6,CPU_TEMP_7,CPU_TEMP_8,CPU_TEMP_9,CPU_USAGE_0,CPU_USAGE_1,CPU_USAGE_2,CPU_USAGE_3,CPU_USAGE_4,CPU_USAGE_5,CPU_USAGE_6,CPU_USAGE_7,SYSTEM_POWER (Watts),TOTAL_MEMORY,TOTAL_SWAP,USED_MEMORY,USED_SWAP
0,1729565793338,3228,3228,3228,3228,3228,3228,3228,3228,61.639434814453125,59.52290344238281,60.62290954589844,61.369720458984375,61.843780517578125,59.802207946777344,60.29549789428711,60.82676696777344,62.32704544067383,61.95262908935547,0,0,NaN,0,0,0,0,0,5.51794958114624,17179869184,22548578304,5077139456,21256667136
309,1729565793339,3228,3228,3228,3228,3228,3228,3228,3228,61.639434814453125,59.52290344238281,60.62290954589844,61.369720458984375,61.843780517578125,59.802207946777344,60.29549789428711,60.82676696777344,62.32704544067383,61.95262908935547,50,0,0,100,0,0,0,0,5.51794958114624,17179869184,22548578304,5080301568,21256667136
305,1729565793649,3228,3228,3228,3228,3228,3228,3228,3228,62.9337043762207,60.60582733154297,63.431907653808594,64.2426528930664,63.926116943359375,60.92668914794922,62.872093200683594,63.1871223449707,63.985328674316406,62.84912872314453,87.09677124023438,90.32257843017578,96.875,93.54838562011719,93.54838562011719,87.09677124023438,90,87.5,5.51794958114624,17179869184,22548578304,5080301568,21256667136
13,1729565793955,3228,3228,3228,3228,3228,3228,3228,3228,62.9337043762207,60.60582733154297,63.431907653808594,64.2426528930664,63.926116943359375,60.92668914794922,62.872093200683594,63.1871223449707,63.985328674316406,62.84912872314453,13.333333969116211,10,64.51612854003906,20,16.666667938232422,26.666667938232422,6.45161247253418,3.3333334922790527,5.51794958114624,17179869184,22548578304,5103452160,21256667136
