Delta,Time,CPU_FREQUENCY_0,CPU_FREQUENCY_1,CPU_FREQUENCY_2,CPU_FREQUENCY_3,CPU_FREQUENCY_4,CPU_FREQUENCY_5,CPU_FREQUENCY_6,CPU_FREQUENCY_7,CPU_TEMP_0,CPU_TEMP_1,CPU_TEMP_2,CPU_TEMP_3,CPU_TEMP_4,CPU_TEMP_5,CPU_TEMP_6,CPU_TEMP_7,CPU_TEMP_8,CPU_TEMP_9,CPU_USAGE_0,CPU_USAGE_1,CPU_USAGE_2,CPU_USAGE_3,CPU_USAGE_4,CPU_USAGE_5,CPU_USAGE_6,CPU_USAGE_7,SYSTEM_POWER (Watts),TOTAL_MEMORY,TOTAL_SWAP,USED_MEMORY,USED_SWAP
0,1729593914446,3228,3228,3228,3228,3228,3228,3228,3228,69.47076416015625,67.1696548461914,71.58183288574219,73.10205841064453,70.48816680908203,67.46160888671875,72.00662231445313,71.10246276855469,69.9895248413086,68.71443176269531,100,50,50,0,0,0,0,0,23.735139846801758,17179869184,22548578304,4725506048,20985348096
303,1729593914446,3228,3228,3228,3228,3228,3228,3228,3228,69.47076416015625,67.1696548461914,71.58183288574219,73.10205841064453,70.48816680908203,67.46160888671875,72.00662231445313,71.10246276855469,69.9895248413086,68.71443176269531,0,0,0,NaN,0,0,0,0,23.735139846801758,17179869184,22548578304,4728291328,20985348096
9,1729593914750,3228,3228,3228,3228,3228,3228,3228,3228,69.47076416015625,67.1696548461914,71.58183288574219,73.10205841064453,70.48816680908203,67.46160888671875,72.00662231445313,71.10246276855469,69.9895248413086,68.71443176269531,33.333335876464844,35.48387145996094,83.87096405029297,61.29032516479492,64.51612854003906,53.333335876464844,45.16128921508789,34.482757568359375,26.58563995361328,17179869184,22548578304,4745150464,20985348096
