Delta,Time,CPU_FREQUENCY_0,CPU_FREQUENCY_1,CPU_FREQUENCY_2,CPU_FREQUENCY_3,CPU_FREQUENCY_4,CPU_FREQUENCY_5,CPU_FREQUENCY_6,CPU_FREQUENCY_7,CPU_TEMP_0,CPU_TEMP_1,CPU_TEMP_2,CPU_TEMP_3,CPU_TEMP_4,CPU_TEMP_5,CPU_TEMP_6,CPU_TEMP_7,CPU_TEMP_8,CPU_TEMP_9,CPU_USAGE_0,CPU_USAGE_1,CPU_USAGE_2,CPU_USAGE_3,CPU_USAGE_4,CPU_USAGE_5,CPU_USAGE_6,CPU_USAGE_7,SYSTEM_POWER (Watts),TOTAL_MEMORY,TOTAL_SWAP,USED_MEMORY,USED_SWAP
0,1729588880318,3228,3228,3228,3228,3228,3228,3228,3228,60.978641510009766,58.65465545654297,60.087982177734375,61.566287994384766,60.74388885498047,59.811859130859375,59.082984924316406,59.91811752319336,60.393959045410156,60.328956604003906,0,0,0,0,0,50,50,0,4.689037799835205,17179869184,22548578304,4903829504,21069234176
308,1729588880318,3228,3228,3228,3228,3228,3228,3228,3228,60.978641510009766,58.65465545654297,60.087982177734375,61.566287994384766,60.74388885498047,59.811859130859375,59.082984924316406,59.91811752319336,60.393959045410156,60.328956604003906,NaN,NaN,100,100,0,NaN,0,0,4.689037799835205,17179869184,22548578304,4907008000,21069234176
8,1729588880627,3228,3228,3228,3228,3228,3228,3228,3228,60.978641510009766,58.65465545654297,60.087982177734375,61.566287994384766,60.74388885498047,59.811859130859375,59.082984924316406,59.91811752319336,60.393959045410156,60.328956604003906,16.129032135009766,15.625,81.25,71.875,73.33333587646484,58.06451416015625,38.70967483520508,38.70967483520508,4.594124794006348,17179869184,22548578304,4927094784,21069234176
