Delta,Time,CPU_FREQUENCY_0,CPU_FREQUENCY_1,CPU_FREQUENCY_2,CPU_FREQUENCY_3,CPU_FREQUENCY_4,CPU_FREQUENCY_5,CPU_FREQUENCY_6,CPU_FREQUENCY_7,CPU_TEMP_0,CPU_TEMP_1,CPU_TEMP_2,CPU_TEMP_3,CPU_TEMP_4,CPU_TEMP_5,CPU_TEMP_6,CPU_TEMP_7,CPU_TEMP_8,CPU_TEMP_9,CPU_USAGE_0,CPU_USAGE_1,CPU_USAGE_2,CPU_USAGE_3,CPU_USAGE_4,CPU_USAGE_5,CPU_USAGE_6,CPU_USAGE_7,SYSTEM_POWER (Watts),TOTAL_MEMORY,TOTAL_SWAP,USED_MEMORY,USED_SWAP
0,1729583196282,3228,3228,3228,3228,3228,3228,3228,3228,66.4422378540039,63.193729400634766,68.6770248413086,70.1941146850586,68.9587631225586,65.02276611328125,67.36070251464844,67.18743896484375,65.59491729736328,64.98538970947266,50,0,0,0,0,0,0,0,13.878466606140137,17179869184,22548578304,3808804864,21136343040
309,1729583196282,3228,3228,3228,3228,3228,3228,3228,3228,66.4422378540039,63.193729400634766,68.6770248413086,70.1941146850586,68.9587631225586,65.02276611328125,67.36070251464844,67.18743896484375,65.59491729736328,64.98538970947266,0,0,NaN,100,0,0,0,0,13.878466606140137,17179869184,22548578304,3811491840,21136343040
309,1729583196592,3228,3228,3228,3228,3228,3228,3228,3228,66.4422378540039,63.193729400634766,68.6770248413086,70.1941146850586,68.9587631225586,65.02276611328125,67.36070251464844,67.18743896484375,65.59491729736328,64.98538970947266,93.54838562011719,90,93.75,93.54838562011719,100,90.32257843017578,86.66666412353516,87.5,13.368156433105469,17179869184,22548578304,3883155456,21136343040
8,1729583196902,3228,3228,3228,3228,3228,3228,3228,3228,66.4422378540039,63.193729400634766,68.6770248413086,70.1941146850586,68.9587631225586,65.02276611328125,67.36070251464844,67.18743896484375,65.59491729736328,64.98538970947266,10,12.90322494506836,56.66666793823242,28.125,22.580644607543945,21.875,6.6666669845581055,3.22580623626709,13.368156433105469,17179869184,22548578304,3833511936,21136343040
