Delta,Time,CPU_FREQUENCY_0,CPU_FREQUENCY_1,CPU_FREQUENCY_2,CPU_FREQUENCY_3,CPU_FREQUENCY_4,CPU_FREQUENCY_5,CPU_FREQUENCY_6,CPU_FREQUENCY_7,CPU_TEMP_0,CPU_TEMP_1,CPU_TEMP_2,CPU_TEMP_3,CPU_TEMP_4,CPU_TEMP_5,CPU_TEMP_6,CPU_TEMP_7,CPU_TEMP_8,CPU_TEMP_9,CPU_USAGE_0,CPU_USAGE_1,CPU_USAGE_2,CPU_USAGE_3,CPU_USAGE_4,CPU_USAGE_5,CPU_USAGE_6,CPU_USAGE_7,SYSTEM_POWER (Watts),TOTAL_MEMORY,TOTAL_SWAP,USED_MEMORY,USED_SWAP
0,1729594865807,3228,3228,3228,3228,3228,3228,3228,3228,68.22271728515625,64.26119995117188,73.61620330810547,75.35698699951172,71.58966827392578,65.74805450439453,70.1975326538086,70.96061706542969,66.51329803466797,65.43211364746094,NaN,0,100,0,0,0,0,0,19.192317962646484,17179869184,22548578304,5771542528,20968570880
305,1729594865807,3228,3228,3228,3228,3228,3228,3228,3228,68.22271728515625,64.26119995117188,73.61620330810547,75.35698699951172,71.58966827392578,65.74805450439453,70.1975326538086,70.96061706542969,66.51329803466797,65.43211364746094,50,50,0,NaN,NaN,NaN,0,0,19.192317962646484,17179869184,22548578304,5774639104,20968570880
308,1729594866113,3228,3228,3228,3228,3228,3228,3228,3228,68.22271728515625,64.26119995117188,73.61620330810547,75.35698699951172,71.58966827392578,65.74805450439453,70.1975326538086,70.96061706542969,66.51329803466797,65.43211364746094,60.000003814697266,53.333335876464844,73.33333587646484,83.87096405029297,87.09677124023438,67.74193572998047,64.51612854003906,64.51612854003906,19.192317962646484,17179869184,22548578304,6908198912,20968570880
9,1729594866421,3228,3228,3228,3228,3228,3228,3228,3228,67.67251586914063,64.80455017089844,70.92337799072266,72.93012237548828,70.72699737548828,65.36190032958984,68.09639739990234,69.578369140625,67.82095336914063,66.245849609375,35.48387145996094,30.000001907348633,71.875,76.66666412353516,56.66666793823242,60.000003814697266,46.66666793823242,41.379310607910156,19.192317962646484,17179869184,22548578304,5973458944,20968570880
