Delta,Time,CPU_FREQUENCY_0,CPU_FREQUENCY_1,CPU_FREQUENCY_2,CPU_FREQUENCY_3,CPU_FREQUENCY_4,CPU_FREQUENCY_5,CPU_FREQUENCY_6,CPU_FREQUENCY_7,CPU_TEMP_0,CPU_TEMP_1,CPU_TEMP_2,CPU_TEMP_3,CPU_TEMP_4,CPU_TEMP_5,CPU_TEMP_6,CPU_TEMP_7,CPU_TEMP_8,CPU_TEMP_9,CPU_USAGE_0,CPU_USAGE_1,CPU_USAGE_2,CPU_USAGE_3,CPU_USAGE_4,CPU_USAGE_5,CPU_USAGE_6,CPU_USAGE_7,SYSTEM_POWER (Watts),TOTAL_MEMORY,TOTAL_SWAP,USED_MEMORY,USED_SWAP
0,1729576058557,3228,3228,3228,3228,3228,3228,3228,3228,61.42481231689453,59.74540710449219,60.228126525878906,61.78053665161133,62.026390075683594,60.0583381652832,59.42894744873047,60.677589416503906,61.228981018066406,60.97303009033203,0,NaN,NaN,100,0,100,NaN,0,4.587050914764404,17179869184,22548578304,5490720768,21248278528
306,1729576058557,3228,3228,3228,3228,3228,3228,3228,3228,61.42481231689453,59.74540710449219,60.228126525878906,61.78053665161133,62.026390075683594,60.0583381652832,59.42894744873047,60.677589416503906,61.228981018066406,60.97303009033203,0,50,66.66667175292969,100,100,50,50,0,4.587050914764404,17179869184,22548578304,5492948992,21248278528
5,1729576058864,3228,3228,3228,3228,3228,3228,3228,3228,65.8568344116211,63.14403533935547,69.2727279663086,70.95071411132813,68.09152221679688,64.05181884765625,66.862060546875,67.6443099975586,64.74447631835938,63.763763427734375,36.66666793823242,33.333335876464844,90,77.41934967041016,80,73.33333587646484,56.66666793823242,51.72413635253906,4.587050914764404,17179869184,22548578304,5504696320,21248278528
