Delta,Time,CPU_FREQUENCY_0,CPU_FREQUENCY_1,CPU_FREQUENCY_2,CPU_FREQUENCY_3,CPU_FREQUENCY_4,CPU_FREQUENCY_5,CPU_FREQUENCY_6,CPU_FREQUENCY_7,CPU_TEMP_0,CPU_TEMP_1,CPU_TEMP_2,CPU_TEMP_3,CPU_TEMP_4,CPU_TEMP_5,CPU_TEMP_6,CPU_TEMP_7,CPU_TEMP_8,CPU_TEMP_9,CPU_USAGE_0,CPU_USAGE_1,CPU_USAGE_2,CPU_USAGE_3,CPU_USAGE_4,CPU_USAGE_5,CPU_USAGE_6,CPU_USAGE_7,SYSTEM_POWER (Watts),TOTAL_MEMORY,TOTAL_SWAP,USED_MEMORY,USED_SWAP
0,1729550614708,3228,3228,3228,3228,3228,3228,3228,3228,60.22511291503906,56.14070129394531,61.78270721435547,62.44139099121094,61.94536590576172,58.50529098510742,58.18672180175781,57.8596076965332,59.38853454589844,59.1710205078125,50,100,0,0,0,0,0,0,12.950409889221191,17179869184,21474836480,6932283392,20766916608
309,1729550614708,3228,3228,3228,3228,3228,3228,3228,3228,60.22511291503906,56.14070129394531,61.78270721435547,62.44139099121094,61.94536590576172,58.50529098510742,58.18672180175781,57.8596076965332,59.38853454589844,59.1710205078125,0,0,0,100,0,0,0,0,12.950409889221191,17179869184,21474836480,6935003136,20766916608
309,1729550615017,3228,3228,3228,3228,3228,3228,3228,3228,60.22511291503906,56.14070129394531,61.78270721435547,62.44139099121094,61.94536590576172,58.50529098510742,58.18672180175781,57.8596076965332,59.38853454589844,59.1710205078125,76.66666412353516,74.19355010986328,74.19355010986328,74.19355010986328,93.54838562011719,70.96774291992188,67.74193572998047,70.96774291992188,12.850406646728516,17179869184,21474836480,9447243776,20766916608
11,1729550615328,3228,3228,3228,3228,3228,3228,3228,3228,60.74946594238281,57.80620193481445,61.89488220214844,63.351097106933594,62.970314025878906,59.53893280029297,60.837982177734375,61.01629638671875,61.68831253051758,60.58732604980469,28.125,23.33333396911621,25,16.129032135009766,16.129032135009766,0,0,0,12.850406646728516,17179869184,21474836480,6958153728,20766916608
