Delta,Time,CPU_FREQUENCY_0,CPU_FREQUENCY_1,CPU_FREQUENCY_2,CPU_FREQUENCY_3,CPU_FREQUENCY_4,CPU_FREQUENCY_5,CPU_FREQUENCY_6,CPU_FREQUENCY_7,CPU_TEMP_0,CPU_TEMP_1,CPU_TEMP_2,CPU_TEMP_3,CPU_TEMP_4,CPU_TEMP_5,CPU_TEMP_6,CPU_TEMP_7,CPU_TEMP_8,CPU_TEMP_9,CPU_USAGE_0,CPU_USAGE_1,CPU_USAGE_2,CPU_USAGE_3,CPU_USAGE_4,CPU_USAGE_5,CPU_USAGE_6,CPU_USAGE_7,SYSTEM_POWER (Watts),TOTAL_MEMORY,TOTAL_SWAP,USED_MEMORY,USED_SWAP
0,1729566983631,3228,3228,3228,3228,3228,3228,3228,3228,61.288753509521484,58.86082458496094,61.27320861816406,62.786739349365234,62.111671447753906,60.014427185058594,59.50149154663086,60.548866271972656,61.5969352722168,61.18244171142578,0,0,0,50,0,0,0,0,12.758593559265137,17179869184,22548578304,5558321152,21248278528
304,1729566983631,3228,3228,3228,3228,3228,3228,3228,3228,61.288753509521484,58.86082458496094,61.27320861816406,62.786739349365234,62.111671447753906,60.014427185058594,59.50149154663086,60.548866271972656,61.5969352722168,61.18244171142578,NaN,0,NaN,NaN,0,NaN,0,0,12.758593559265137,17179869184,22548578304,5560385536,21248278528
308,1729566983935,3228,3228,3228,3228,3228,3228,3228,3228,60.290252685546875,58.00486755371094,59.494834899902344,60.74306106567383,60.895790100097656,58.83545684814453,58.72185516357422,59.461334228515625,60.571998596191406,60.15526580810547,70,68.96551513671875,93.54838562011719,70.96774291992188,74.19355010986328,70.96774291992188,70,70.96774291992188,12.758593559265137,17179869184,22548578304,5560385536,21248278528
12,1729566984244,3228,3228,3228,3228,3228,3228,3228,3228,60.290252685546875,58.00486755371094,59.494834899902344,60.74306106567383,60.895790100097656,58.83545684814453,58.72185516357422,59.461334228515625,60.571998596191406,60.15526580810547,16.666667938232422,19.35483741760254,33.333335876464844,22.580644607543945,6.6666669845581055,6.25,6.25,0,5.211180686950684,17179869184,22548578304,5568364544,21248278528
