Delta,Time,CPU_FREQUENCY_0,CPU_FREQUENCY_1,CPU_FREQUENCY_2,CPU_FREQUENCY_3,CPU_FREQUENCY_4,CPU_FREQUENCY_5,CPU_FREQUENCY_6,CPU_FREQUENCY_7,CPU_TEMP_0,CPU_TEMP_1,CPU_TEMP_2,CPU_TEMP_3,CPU_TEMP_4,CPU_TEMP_5,CPU_TEMP_6,CPU_TEMP_7,CPU_TEMP_8,CPU_TEMP_9,CPU_USAGE_0,CPU_USAGE_1,CPU_USAGE_2,CPU_USAGE_3,CPU_USAGE_4,CPU_USAGE_5,CPU_USAGE_6,CPU_USAGE_7,SYSTEM_POWER (Watts),TOTAL_MEMORY,TOTAL_SWAP,USED_MEMORY,USED_SWAP
0,1729550037215,3228,3228,3228,3228,3228,3228,3228,3228,64.5152816772461,60.125003814697266,67.97679901123047,68.55131530761719,66.27081298828125,61.880271911621094,65.58758544921875,63.5515022277832,62.24842071533203,62.183349609375,NaN,0,0,100,0,100,0,0,14.140032768249512,17179869184,21474836480,6762053632,20766916608
309,1729550037215,3228,3228,3228,3228,3228,3228,3228,3228,64.5152816772461,60.125003814697266,67.97679901123047,68.55131530761719,66.27081298828125,61.880271911621094,65.58758544921875,63.5515022277832,62.24842071533203,62.183349609375,0,0,100,NaN,100,100,100,0,14.140032768249512,17179869184,21474836480,6765019136,20766916608
10,1729550037525,3228,3228,3228,3228,3228,3228,3228,3228,66.76638793945313,61.91379928588867,70.85869598388672,72.20499420166016,70.1455078125,64.41288757324219,68.92080688476563,67.22183990478516,64.57317352294922,64.27410125732422,29.032257080078125,25.80644989013672,80.6451644897461,67.74193572998047,66.66667175292969,67.74193572998047,60.000003814697266,45.16128921508789,14.140032768249512,17179869184,21474836480,6778519552,20766916608
