Delta,Time,CPU_FREQUENCY_0,CPU_FREQUENCY_1,CPU_FREQUENCY_2,CPU_FREQUENCY_3,CPU_FREQUENCY_4,CPU_FREQUENCY_5,CPU_FREQUENCY_6,CPU_FREQUENCY_7,CPU_TEMP_0,CPU_TEMP_1,CPU_TEMP_2,CPU_TEMP_3,CPU_TEMP_4,CPU_TEMP_5,CPU_TEMP_6,CPU_TEMP_7,CPU_TEMP_8,CPU_TEMP_9,CPU_USAGE_0,CPU_USAGE_1,CPU_USAGE_2,CPU_USAGE_3,CPU_USAGE_4,CPU_USAGE_5,CPU_USAGE_6,CPU_USAGE_7,SYSTEM_POWER (Watts),TOTAL_MEMORY,TOTAL_SWAP,USED_MEMORY,USED_SWAP
0,1729594526255,3228,3228,3228,3228,3228,3228,3228,3228,68.4678726196289,62.347713470458984,73.36857604980469,74.99728393554688,72.24688720703125,66.30008697509766,67.19911193847656,66.56990814208984,64.35527038574219,64.05926513671875,NaN,50,NaN,100,100,NaN,100,NaN,16.892229080200195,17179869184,22548578304,5245239296,20976959488
307,1729594526255,3228,3228,3228,3228,3228,3228,3228,3228,68.4678726196289,62.347713470458984,73.36857604980469,74.99728393554688,72.24688720703125,66.30008697509766,67.19911193847656,66.56990814208984,64.35527038574219,64.05926513671875,50,NaN,100,NaN,NaN,100,100,100,16.892229080200195,17179869184,22548578304,5245239296,20976959488
6,1729594526563,3228,3228,3228,3228,3228,3228,3228,3228,66.24903869628906,61.75263977050781,68.77250671386719,70.37976837158203,68.62503814697266,64.1346435546875,66.0135269165039,66.03475952148438,64.2337417602539,63.556915283203125,37.931034088134766,32.25806427001953,96.7741928100586,93.54838562011719,96.7741928100586,96.66666412353516,90.32257843017578,90.625,16.892229080200195,17179869184,22548578304,5245239296,20976959488
