Delta,Time,CPU_FREQUENCY_0,CPU_FREQUENCY_1,CPU_FREQUENCY_2,CPU_FREQUENCY_3,CPU_FREQUENCY_4,CPU_FREQUENCY_5,CPU_FREQUENCY_6,CPU_FREQUENCY_7,CPU_TEMP_0,CPU_TEMP_1,CPU_TEMP_2,CPU_TEMP_3,CPU_TEMP_4,CPU_TEMP_5,CPU_TEMP_6,CPU_TEMP_7,CPU_TEMP_8,CPU_TEMP_9,CPU_USAGE_0,CPU_USAGE_1,CPU_USAGE_2,CPU_USAGE_3,CPU_USAGE_4,CPU_USAGE_5,CPU_USAGE_6,CPU_USAGE_7,SYSTEM_POWER (Watts),TOTAL_MEMORY,TOTAL_SWAP,USED_MEMORY,USED_SWAP
0,1729601684288,3228,3228,3228,3228,3228,3228,3228,3228,66.8833236694336,63.7510871887207,70.16576385498047,70.00338745117188,68.58078002929688,65.2790298461914,65.64362335205078,65.9226303100586,65.6612548828125,65.13845825195313,66.66667175292969,100,NaN,0,0,0,0,0,22.801301956176758,17179869184,22548578304,4171005952,20918173696
309,1729601684288,3228,3228,3228,3228,3228,3228,3228,3228,66.8833236694336,63.7510871887207,70.16576385498047,70.00338745117188,68.58078002929688,65.2790298461914,65.64362335205078,65.9226303100586,65.6612548828125,65.13845825195313,0,0,0,100,0,0,0,0,22.801301956176758,17179869184,22548578304,4172873728,20918173696
309,1729601684598,3228,3228,3228,3228,3228,3228,3228,3228,63.049930572509766,61.575531005859375,63.140281677246094,63.80992126464844,63.995628356933594,61.930908203125,62.1219367980957,62.84055709838867,64.02363586425781,63.14543914794922,90.32257843017578,90,100,93.54838562011719,93.33333587646484,89.6551742553711,87.5,87.09677124023438,22.801301956176758,17179869184,22548578304,4172873728,20918173696
11,1729601684909,3228,3228,3228,3228,3228,3228,3228,3228,63.049930572509766,61.575531005859375,63.140281677246094,63.80992126464844,63.995628356933594,61.930908203125,62.1219367980957,62.84055709838867,64.02363586425781,63.14543914794922,13.333333969116211,15.625,28.125,16.129032135009766,54.83871078491211,18.75,3.3333334922790527,0,8.152491569519043,17179869184,22548578304,4179787776,20918173696
