Delta,Time,CPU_FREQUENCY_0,CPU_FREQUENCY_1,CPU_FREQUENCY_2,CPU_FREQUENCY_3,CPU_FREQUENCY_4,CPU_FREQUENCY_5,CPU_FREQUENCY_6,CPU_FREQUENCY_7,CPU_TEMP_0,CPU_TEMP_1,CPU_TEMP_2,CPU_TEMP_3,CPU_TEMP_4,CPU_TEMP_5,CPU_TEMP_6,CPU_TEMP_7,CPU_TEMP_8,CPU_TEMP_9,CPU_USAGE_0,CPU_USAGE_1,CPU_USAGE_2,CPU_USAGE_3,CPU_USAGE_4,CPU_USAGE_5,CPU_USAGE_6,CPU_USAGE_7,SYSTEM_POWER (Watts),TOTAL_MEMORY,TOTAL_SWAP,USED_MEMORY,USED_SWAP
0,1729533744162,3228,3228,3228,3228,3228,3228,3228,3228,66.55935668945313,64.16722106933594,65.73314666748047,66.15029907226563,67.16107940673828,65.08682250976563,65.50393676757813,65.67094421386719,67.36312866210938,66.4557113647461,0,0,NaN,NaN,0,100,0,0,12.560526847839355,17179869184,19327352832,8214069248,18683133952
309,1729533744162,3228,3228,3228,3228,3228,3228,3228,3228,66.55935668945313,64.16722106933594,65.73314666748047,66.15029907226563,67.16107940673828,65.08682250976563,65.50393676757813,65.67094421386719,67.36312866210938,66.4557113647461,0,0,50,66.66667175292969,100,100,NaN,50,12.560526847839355,17179869184,19327352832,8214069248,18683133952
9,1729533744472,3228,3228,3228,3228,3228,3228,3228,3228,66.55935668945313,64.16722106933594,65.73314666748047,66.15029907226563,67.16107940673828,65.08682250976563,65.50393676757813,65.67094421386719,67.36312866210938,66.4557113647461,13.333333969116211,10,74.19355010986328,70,56.66666793823242,64.51612854003906,45.16128921508789,26.666667938232422,9.309330940246582,17179869184,19327352832,8214069248,18683133952
