Delta,Time,CPU_FREQUENCY_0,CPU_FREQUENCY_1,CPU_FREQUENCY_2,CPU_FREQUENCY_3,CPU_FREQUENCY_4,CPU_FREQUENCY_5,CPU_FREQUENCY_6,CPU_FREQUENCY_7,CPU_TEMP_0,CPU_TEMP_1,CPU_TEMP_2,CPU_TEMP_3,CPU_TEMP_4,CPU_TEMP_5,CPU_TEMP_6,CPU_TEMP_7,CPU_TEMP_8,CPU_TEMP_9,CPU_USAGE_0,CPU_USAGE_1,CPU_USAGE_2,CPU_USAGE_3,CPU_USAGE_4,CPU_USAGE_5,CPU_USAGE_6,CPU_USAGE_7,SYSTEM_POWER (Watts),TOTAL_MEMORY,TOTAL_SWAP,USED_MEMORY,USED_SWAP
0,1729535798391,3228,3228,3228,3228,3228,3228,3228,3228,61.4926643371582,58.54736328125,62.92505645751953,63.67380905151367,62.49071502685547,59.71680450439453,61.37774658203125,60.53761291503906,61.33454132080078,60.953399658203125,50,0,0,0,0,0,0,0,23.39695167541504,17179869184,20401094656,7099711488,19923599360
309,1729535798392,3228,3228,3228,3228,3228,3228,3228,3228,61.4926643371582,58.54736328125,62.92505645751953,63.67380905151367,62.49071502685547,59.71680450439453,61.37774658203125,60.53761291503906,61.33454132080078,60.953399658203125,0,0,0,100,0,0,0,NaN,17.55909538269043,17179869184,20401094656,7101349888,19923599360
9,1729535798702,3228,3228,3228,3228,3228,3228,3228,3228,61.4926643371582,58.54736328125,62.92505645751953,63.67380905151367,62.49071502685547,59.71680450439453,61.37774658203125,60.53761291503906,61.33454132080078,60.953399658203125,19.35483741760254,16.129032135009766,29.032257080078125,12.90322494506836,6.45161247253418,0,0,0,17.55909538269043,17179869184,20401094656,7101349888,19923599360
