Delta,Time,CPU_FREQUENCY_0,CPU_FREQUENCY_1,CPU_FREQUENCY_2,CPU_FREQUENCY_3,CPU_FREQUENCY_4,CPU_FREQUENCY_5,CPU_FREQUENCY_6,CPU_FREQUENCY_7,CPU_TEMP_0,CPU_TEMP_1,CPU_TEMP_2,CPU_TEMP_3,CPU_TEMP_4,CPU_TEMP_5,CPU_TEMP_6,CPU_TEMP_7,CPU_TEMP_8,CPU_TEMP_9,CPU_USAGE_0,CPU_USAGE_1,CPU_USAGE_2,CPU_USAGE_3,CPU_USAGE_4,CPU_USAGE_5,CPU_USAGE_6,CPU_USAGE_7,SYSTEM_POWER (Watts),TOTAL_MEMORY,TOTAL_SWAP,USED_MEMORY,USED_SWAP
0,1729598764818,3228,3228,3228,3228,3228,3228,3228,3228,55.877281188964844,53.459556579589844,55.76726531982422,56.60507583618164,56.866783142089844,54.40744400024414,54.51915740966797,55.36517333984375,56.62886047363281,56.04724884033203,0,0,50,100,100,50,0,50,4.673552989959717,17179869184,22548578304,5655347200,20968570880
309,1729598764819,3228,3228,3228,3228,3228,3228,3228,3228,55.877281188964844,53.459556579589844,55.76726531982422,56.60507583618164,56.866783142089844,54.40744400024414,54.51915740966797,55.36517333984375,56.62886047363281,56.04724884033203,0,0,NaN,100,0,100,0,100,4.684406757354736,17179869184,22548578304,5658951680,20968570880
7,1729598765129,3228,3228,3228,3228,3228,3228,3228,3228,55.877281188964844,53.459556579589844,55.76726531982422,56.60507583618164,56.866783142089844,54.40744400024414,54.51915740966797,55.36517333984375,56.62886047363281,56.04724884033203,35.48387145996094,35.48387145996094,87.8787841796875,83.87096405029297,87.09677124023438,76.66666412353516,74.19355010986328,56.25,4.684406757354736,17179869184,22548578304,5658951680,20968570880
