Delta,Time,CPU_FREQUENCY_0,CPU_FREQUENCY_1,CPU_FREQUENCY_2,CPU_FREQUENCY_3,CPU_FREQUENCY_4,CPU_FREQUENCY_5,CPU_FREQUENCY_6,CPU_FREQUENCY_7,CPU_TEMP_0,CPU_TEMP_1,CPU_TEMP_2,CPU_TEMP_3,CPU_TEMP_4,CPU_TEMP_5,CPU_TEMP_6,CPU_TEMP_7,CPU_TEMP_8,CPU_TEMP_9,CPU_USAGE_0,CPU_USAGE_1,CPU_USAGE_2,CPU_USAGE_3,CPU_USAGE_4,CPU_USAGE_5,CPU_USAGE_6,CPU_USAGE_7,SYSTEM_POWER (Watts),TOTAL_MEMORY,TOTAL_SWAP,USED_MEMORY,USED_SWAP
0,1729530980074,3228,3228,3228,3228,3228,3228,3228,3228,58.964717864990234,56.43321228027344,57.597930908203125,59.24456787109375,59.49066162109375,57.06120300292969,57.2808952331543,57.7158203125,59.63636779785156,59.11774444580078,100,100,0,0,0,0,0,0,7.121255874633789,17179869184,18253611008,9399173120,17561550848
309,1729530980074,3228,3228,3228,3228,3228,3228,3228,3228,58.964717864990234,56.43321228027344,57.597930908203125,59.24456787109375,59.49066162109375,57.06120300292969,57.2808952331543,57.7158203125,59.63636779785156,59.11774444580078,100,50,100,0,0,0,0,0,7.121255874633789,17179869184,18253611008,9399173120,17561550848
309,1729530980384,3228,3228,3228,3228,3228,3228,3228,3228,58.964717864990234,56.43321228027344,57.597930908203125,59.24456787109375,59.49066162109375,57.06120300292969,57.2808952331543,57.7158203125,59.63636779785156,59.11774444580078,93.54838562011719,100,96.7741928100586,90.32257843017578,93.54838562011719,87.09677124023438,90,87.09677124023438,5.17371129989624,17179869184,18253611008,9399173120,17561550848
9,1729530980694,3228,3228,3228,3228,3228,3228,3228,3228,58.964717864990234,56.43321228027344,57.597930908203125,59.24456787109375,59.49066162109375,57.06120300292969,57.2808952331543,57.7158203125,59.63636779785156,59.11774444580078,9.67741870880127,9.67741870880127,53.333335876464844,22.580644607543945,10,25.80644989013672,16.129032135009766,3.22580623626709,5.17371129989624,17179869184,18253611008,9378037760,17561550848
