Delta,Time,CPU_FREQUENCY_0,CPU_FREQUENCY_1,CPU_FREQUENCY_2,CPU_FREQUENCY_3,CPU_FREQUENCY_4,CPU_FREQUENCY_5,CPU_FREQUENCY_6,CPU_FREQUENCY_7,CPU_TEMP_0,CPU_TEMP_1,CPU_TEMP_2,CPU_TEMP_3,CPU_TEMP_4,CPU_TEMP_5,CPU_TEMP_6,CPU_TEMP_7,CPU_TEMP_8,CPU_TEMP_9,CPU_USAGE_0,CPU_USAGE_1,CPU_USAGE_2,CPU_USAGE_3,CPU_USAGE_4,CPU_USAGE_5,CPU_USAGE_6,CPU_USAGE_7,SYSTEM_POWER (Watts),TOTAL_MEMORY,TOTAL_SWAP,USED_MEMORY,USED_SWAP
0,1729567386057,3228,3228,3228,3228,3228,3228,3228,3228,65.42452239990234,62.108341217041016,65.41708374023438,66.87288665771484,65.75132751464844,63.94243621826172,63.184810638427734,64.15400695800781,65.19387817382813,64.4619369506836,0,50,50,0,0,0,0,0,24.308387756347656,17179869184,22548578304,6081167360,21248278528
308,1729567386058,3228,3228,3228,3228,3228,3228,3228,3228,65.42452239990234,62.108341217041016,65.41708374023438,66.87288665771484,65.75132751464844,63.94243621826172,63.184810638427734,64.15400695800781,65.19387817382813,64.4619369506836,NaN,100,NaN,100,0,0,0,0,24.308387756347656,17179869184,22548578304,6083969024,21248278528
9,1729567386366,3228,3228,3228,3228,3228,3228,3228,3228,65.42452239990234,62.108341217041016,65.41708374023438,66.87288665771484,65.75132751464844,63.94243621826172,63.184810638427734,64.15400695800781,65.19387817382813,64.4619369506836,31.25,25.80644989013672,45.16128921508789,23.33333396911621,12.90322494506836,3.4482758045196533,6.25,0,13.497114181518555,17179869184,22548578304,6099451904,21248278528
