Delta,Time,CPU_FREQUENCY_0,CPU_FREQUENCY_1,CPU_FREQUENCY_2,CPU_FREQUENCY_3,CPU_FREQUENCY_4,CPU_FREQUENCY_5,CPU_FREQUENCY_6,CPU_FREQUENCY_7,CPU_TEMP_0,CPU_TEMP_1,CPU_TEMP_2,CPU_TEMP_3,CPU_TEMP_4,CPU_TEMP_5,CPU_TEMP_6,CPU_TEMP_7,CPU_TEMP_8,CPU_TEMP_9,CPU_USAGE_0,CPU_USAGE_1,CPU_USAGE_2,CPU_USAGE_3,CPU_USAGE_4,CPU_USAGE_5,CPU_USAGE_6,CPU_USAGE_7,SYSTEM_POWER (Watts),TOTAL_MEMORY,TOTAL_SWAP,USED_MEMORY,USED_SWAP
0,1729571670628,3228,3228,3228,3228,3228,3228,3228,3228,68.22985076904297,65.93145751953125,67.06673431396484,67.78575897216797,68.0369644165039,66.4952392578125,66.13585662841797,67.59574890136719,68.58888244628906,67.97135925292969,0,0,100,0,100,50,50,0,5.0699028968811035,17179869184,22548578304,3285319680,21248278528
301,1729571670628,3228,3228,3228,3228,3228,3228,3228,3228,68.22985076904297,65.93145751953125,67.06673431396484,67.78575897216797,68.0369644165039,66.4952392578125,66.13585662841797,67.59574890136719,68.58888244628906,67.97135925292969,0,0,NaN,100,NaN,NaN,NaN,100,5.0699028968811035,17179869184,22548578304,3289219072,21248278528
12,1729571670930,3228,3228,3228,3228,3228,3228,3228,3228,70.82405853271484,68.10487365722656,73.0382080078125,74.22501373291016,72.0673599243164,68.82193756103516,71.49676513671875,72.18517303466797,71.23591613769531,69.65425109863281,33.333335876464844,33.333335876464844,83.87096405029297,86.20689392089844,83.87096405029297,63.33333206176758,67.74193572998047,55.17241287231445,5.0699028968811035,17179869184,22548578304,3321675776,21248278528
