Delta,Time,CPU_FREQUENCY_0,CPU_FREQUENCY_1,CPU_FREQUENCY_2,CPU_FREQUENCY_3,CPU_FREQUENCY_4,CPU_FREQUENCY_5,CPU_FREQUENCY_6,CPU_FREQUENCY_7,CPU_TEMP_0,CPU_TEMP_1,CPU_TEMP_2,CPU_TEMP_3,CPU_TEMP_4,CPU_TEMP_5,CPU_TEMP_6,CPU_TEMP_7,CPU_TEMP_8,CPU_TEMP_9,CPU_USAGE_0,CPU_USAGE_1,CPU_USAGE_2,CPU_USAGE_3,CPU_USAGE_4,CPU_USAGE_5,CPU_USAGE_6,CPU_USAGE_7,SYSTEM_POWER (Watts),TOTAL_MEMORY,TOTAL_SWAP,USED_MEMORY,USED_SWAP
0,1729541787646,3228,3228,3228,3228,3228,3228,3228,3228,63.126060485839844,59.86164855957031,62.586631774902344,63.75933074951172,63.898468017578125,62.15693283081055,61.557621002197266,61.58387756347656,63.367889404296875,62.75171661376953,100,NaN,100,100,100,100,50,100,4.644203186035156,17179869184,21474836480,5685706752,20369506304
307,1729541787646,3228,3228,3228,3228,3228,3228,3228,3228,63.126060485839844,59.86164855957031,62.586631774902344,63.75933074951172,63.898468017578125,62.15693283081055,61.557621002197266,61.58387756347656,63.367889404296875,62.75171661376953,0,0,NaN,0,NaN,100,100,0,4.644203186035156,17179869184,21474836480,5689442304,20369506304
300,1729541787954,3228,3228,3228,3228,3228,3228,3228,3228,63.126060485839844,59.86164855957031,62.586631774902344,63.75933074951172,63.898468017578125,62.15693283081055,61.557621002197266,61.58387756347656,63.367889404296875,62.75171661376953,77.41934967041016,78.125,93.54838562011719,96.66666412353516,96.7741928100586,90,90,90.32257843017578,4.644203186035156,17179869184,21474836480,8107556864,20369506304
306,1729541788254,3228,3228,3228,3228,3228,3228,3228,3228,69.66744995117188,66.64185333251953,74.59422302246094,77.40570068359375,73.02710723876953,68.50823211669922,73.87016296386719,73.61334228515625,71.77476501464844,68.5968017578125,75.86206817626953,72.41378784179688,93.33333587646484,90.32257843017578,90,90.32257843017578,80,79.31034851074219,4.644203186035156,17179869184,21474836480,7399325696,20369506304
8,1729541788560,3228,3228,3228,3228,3228,3228,3228,3228,69.66744995117188,66.64185333251953,74.59422302246094,77.40570068359375,73.02710723876953,68.50823211669922,73.87016296386719,73.61334228515625,71.77476501464844,68.5968017578125,22.580644607543945,20,90,74.19355010986328,67.74193572998047,36.66666793823242,40,19.35483741760254,16.764272689819336,17179869184,21474836480,5717180416,20369506304
