Delta,Time,CPU_FREQUENCY_0,CPU_FREQUENCY_1,CPU_FREQUENCY_2,CPU_FREQUENCY_3,CPU_FREQUENCY_4,CPU_FREQUENCY_5,CPU_FREQUENCY_6,CPU_FREQUENCY_7,CPU_TEMP_0,CPU_TEMP_1,CPU_TEMP_2,CPU_TEMP_3,CPU_TEMP_4,CPU_TEMP_5,CPU_TEMP_6,CPU_TEMP_7,CPU_TEMP_8,CPU_TEMP_9,CPU_USAGE_0,CPU_USAGE_1,CPU_USAGE_2,CPU_USAGE_3,CPU_USAGE_4,CPU_USAGE_5,CPU_USAGE_6,CPU_USAGE_7,SYSTEM_POWER (Watts),TOTAL_MEMORY,TOTAL_SWAP,USED_MEMORY,USED_SWAP
0,1729583461298,3228,3228,3228,3228,3228,3228,3228,3228,70.53466796875,67.22289276123047,75.1413803100586,76.08819580078125,72.88246154785156,68.5480728149414,72.99322509765625,72.47355651855469,69.85834503173828,69.16717529296875,0,NaN,50,0,0,0,0,0,14.016768455505371,17179869184,22548578304,3415048192,21127954432
309,1729583461298,3228,3228,3228,3228,3228,3228,3228,3228,70.53466796875,67.22289276123047,75.1413803100586,76.08819580078125,72.88246154785156,68.5480728149414,72.99322509765625,72.47355651855469,69.85834503173828,69.16717529296875,50,0,NaN,NaN,0,0,0,0,14.016768455505371,17179869184,22548578304,3415048192,21127954432
307,1729583461608,3228,3228,3228,3228,3228,3228,3228,3228,70.53466796875,67.22289276123047,75.1413803100586,76.08819580078125,72.88246154785156,68.5480728149414,72.99322509765625,72.47355651855469,69.85834503173828,69.16717529296875,93.54838562011719,90.625,96.875,96.7741928100586,96.66666412353516,96.7741928100586,96.66666412353516,96.875,25.090513229370117,17179869184,22548578304,3415048192,21127954432
305,1729583461915,3228,3228,3228,3228,3228,3228,3228,3228,70.53466796875,67.22289276123047,75.1413803100586,76.08819580078125,72.88246154785156,68.5480728149414,72.99322509765625,72.47355651855469,69.85834503173828,69.16717529296875,32.25806427001953,26.666667938232422,96.55171966552734,93.54838562011719,93.54838562011719,93.33333587646484,76.66666412353516,50,25.090513229370117,17179869184,22548578304,3466313728,21127954432
11,1729583462221,3228,3228,3228,3228,3228,3228,3228,3228,70.4666976928711,67.95854949951172,74.29609680175781,76.33756256103516,73.70208740234375,68.64198303222656,73.45877075195313,74.33049011230469,71.79281616210938,70.03858947753906,33.333335876464844,26.666667938232422,25.80644989013672,22.580644607543945,23.33333396911621,19.35483741760254,20,12.90322494506836,25.090513229370117,17179869184,22548578304,3403595776,21127954432
