Delta,Time,CPU_FREQUENCY_0,CPU_FREQUENCY_1,CPU_FREQUENCY_2,CPU_FREQUENCY_3,CPU_FREQUENCY_4,CPU_FREQUENCY_5,CPU_FREQUENCY_6,CPU_FREQUENCY_7,CPU_TEMP_0,CPU_TEMP_1,CPU_TEMP_2,CPU_TEMP_3,CPU_TEMP_4,CPU_TEMP_5,CPU_TEMP_6,CPU_TEMP_7,CPU_TEMP_8,CPU_TEMP_9,CPU_USAGE_0,CPU_USAGE_1,CPU_USAGE_2,CPU_USAGE_3,CPU_USAGE_4,CPU_USAGE_5,CPU_USAGE_6,CPU_USAGE_7,SYSTEM_POWER (Watts),TOTAL_MEMORY,TOTAL_SWAP,USED_MEMORY,USED_SWAP
0,1729580913143,3228,3228,3228,3228,3228,3228,3228,3228,62.377830505371094,60.152896881103516,61.254241943359375,62.11008834838867,62.394737243652344,60.911861419677734,60.332374572753906,61.36720657348633,62.40566635131836,62.34088134765625,0,0,0,0,0,0,0,0,14.813665390014648,17179869184,22548578304,5591711744,21248278528
309,1729580913143,3228,3228,3228,3228,3228,3228,3228,3228,62.377830505371094,60.152896881103516,61.254241943359375,62.11008834838867,62.394737243652344,60.911861419677734,60.332374572753906,61.36720657348633,62.40566635131836,62.34088134765625,50,0,50,0,50,0,0,0,14.813665390014648,17179869184,22548578304,5594939392,21248278528
309,1729580913453,3228,3228,3228,3228,3228,3228,3228,3228,62.377830505371094,60.152896881103516,61.254241943359375,62.11008834838867,62.394737243652344,60.911861419677734,60.332374572753906,61.36720657348633,62.40566635131836,62.34088134765625,74.19355010986328,71.875,90,80.6451644897461,73.33333587646484,76.66666412353516,70.96774291992188,73.33333587646484,5.111456871032715,17179869184,22548578304,8230633472,21248278528
9,1729580913763,3228,3228,3228,3228,3228,3228,3228,3228,62.377830505371094,60.152896881103516,61.254241943359375,62.11008834838867,62.394737243652344,60.911861419677734,60.332374572753906,61.36720657348633,62.40566635131836,62.34088134765625,25.80644989013672,23.33333396911621,25.80644989013672,10,25,12.90322494506836,0,0,5.111456871032715,17179869184,22548578304,5608505344,21248278528
