Delta,Time,CPU_FREQUENCY_0,CPU_FREQUENCY_1,CPU_FREQUENCY_2,CPU_FREQUENCY_3,CPU_FREQUENCY_4,CPU_FREQUENCY_5,CPU_FREQUENCY_6,CPU_FREQUENCY_7,CPU_TEMP_0,CPU_TEMP_1,CPU_TEMP_2,CPU_TEMP_3,CPU_TEMP_4,CPU_TEMP_5,CPU_TEMP_6,CPU_TEMP_7,CPU_TEMP_8,CPU_TEMP_9,CPU_USAGE_0,CPU_USAGE_1,CPU_USAGE_2,CPU_USAGE_3,CPU_USAGE_4,CPU_USAGE_5,CPU_USAGE_6,CPU_USAGE_7,SYSTEM_POWER (Watts),TOTAL_MEMORY,TOTAL_SWAP,USED_MEMORY,USED_SWAP
0,1729540976444,3228,3228,3228,3228,3228,3228,3228,3228,64.3215103149414,61.17454147338867,65.54704284667969,66.52892303466797,65.8499984741211,62.419097900390625,64.63223266601563,63.491310119628906,63.42580795288086,63.280067443847656,100,0,100,100,100,100,0,0,23.164016723632813,17179869184,21474836480,6180978688,20369506304
309,1729540976445,3228,3228,3228,3228,3228,3228,3228,3228,64.3215103149414,61.17454147338867,65.54704284667969,66.52892303466797,65.8499984741211,62.419097900390625,64.63223266601563,63.491310119628906,63.42580795288086,63.280067443847656,0,50,100,100,NaN,100,NaN,NaN,23.164016723632813,17179869184,21474836480,6180978688,20369506304
309,1729540976755,3228,3228,3228,3228,3228,3228,3228,3228,64.3215103149414,61.17454147338867,65.54704284667969,66.52892303466797,65.8499984741211,62.419097900390625,64.63223266601563,63.491310119628906,63.42580795288086,63.280067443847656,87.5,90,100,100,100,100,100,96.7741928100586,9.51968765258789,17179869184,21474836480,6180978688,20369506304
308,1729540977065,3228,3228,3228,3228,3228,3228,3228,3228,69.12366485595703,65.88309478759766,73.5371322631836,75.37191772460938,72.58885955810547,66.82683563232422,72.5501480102539,72.1365737915039,69.37068939208984,67.69190216064453,6.45161247253418,6.45161247253418,74.19355010986328,67.74193572998047,67.74193572998047,62.5,50,50,9.51968765258789,17179869184,21474836480,6213451776,20369506304
6,1729540977373,3228,3228,3228,3228,3228,3228,3228,3228,69.12366485595703,65.88309478759766,73.5371322631836,75.37191772460938,72.58885955810547,66.82683563232422,72.5501480102539,72.1365737915039,69.37068939208984,67.69190216064453,10,12.90322494506836,50,33.333335876464844,35.48387145996094,38.70967483520508,10,0,9.51968765258789,17179869184,21474836480,6146719744,20369506304
