Delta,Time,CPU_FREQUENCY_0,CPU_FREQUENCY_1,CPU_FREQUENCY_2,CPU_FREQUENCY_3,CPU_FREQUENCY_4,CPU_FREQUENCY_5,CPU_FREQUENCY_6,CPU_FREQUENCY_7,CPU_TEMP_0,CPU_TEMP_1,CPU_TEMP_2,CPU_TEMP_3,CPU_TEMP_4,CPU_TEMP_5,CPU_TEMP_6,CPU_TEMP_7,CPU_TEMP_8,CPU_TEMP_9,CPU_USAGE_0,CPU_USAGE_1,CPU_USAGE_2,CPU_USAGE_3,CPU_USAGE_4,CPU_USAGE_5,CPU_USAGE_6,CPU_USAGE_7,SYSTEM_POWER (Watts),TOTAL_MEMORY,TOTAL_SWAP,USED_MEMORY,USED_SWAP
0,1729541209311,3228,3228,3228,3228,3228,3228,3228,3228,69.98695373535156,65.20325469970703,74.74467468261719,75.7896499633789,72.62571716308594,67.29151153564453,72.16641235351563,71.55949401855469,68.40288543701172,66.52652740478516,0,0,100,100,50,0,0,0,8.139754295349121,17179869184,21474836480,5974409216,20369506304
307,1729541209311,3228,3228,3228,3228,3228,3228,3228,3228,69.98695373535156,65.20325469970703,74.74467468261719,75.7896499633789,72.62571716308594,67.29151153564453,72.16641235351563,71.55949401855469,68.40288543701172,66.52652740478516,0,50,50,NaN,NaN,100,0,0,8.139754295349121,17179869184,21474836480,5977505792,20369506304
11,1729541209618,3228,3228,3228,3228,3228,3228,3228,3228,69.98695373535156,65.20325469970703,74.74467468261719,75.7896499633789,72.62571716308594,67.29151153564453,72.16641235351563,71.55949401855469,68.40288543701172,66.52652740478516,16.666667938232422,25,61.29032516479492,68.75,45.16128921508789,16.129032135009766,9.67741870880127,3.22580623626709,25.72714614868164,17179869184,21474836480,5977505792,20369506304
