Delta,Time,CPU_FREQUENCY_0,CPU_FREQUENCY_1,CPU_FREQUENCY_2,CPU_FREQUENCY_3,CPU_FREQUENCY_4,CPU_FREQUENCY_5,CPU_FREQUENCY_6,CPU_FREQUENCY_7,CPU_TEMP_0,CPU_TEMP_1,CPU_TEMP_2,CPU_TEMP_3,CPU_TEMP_4,CPU_TEMP_5,CPU_TEMP_6,CPU_TEMP_7,CPU_TEMP_8,CPU_TEMP_9,CPU_USAGE_0,CPU_USAGE_1,CPU_USAGE_2,CPU_USAGE_3,CPU_USAGE_4,CPU_USAGE_5,CPU_USAGE_6,CPU_USAGE_7,SYSTEM_POWER (Watts),TOTAL_MEMORY,TOTAL_SWAP,USED_MEMORY,USED_SWAP
0,1729599911240,3228,3228,3228,3228,3228,3228,3228,3228,59.17372512817383,57.21499252319336,58.01512908935547,59.51536178588867,59.49372100830078,58.579986572265625,58.05227279663086,58.631282806396484,60.81342315673828,59.34235382080078,50,50,0,0,0,0,0,0,5.011236667633057,17179869184,22548578304,5160075264,20968570880
309,1729599911240,3228,3228,3228,3228,3228,3228,3228,3228,59.17372512817383,57.21499252319336,58.01512908935547,59.51536178588867,59.49372100830078,58.579986572265625,58.05227279663086,58.631282806396484,60.81342315673828,59.34235382080078,50,0,0,NaN,50,100,0,0,5.011236667633057,17179869184,22548578304,5160075264,20968570880
306,1729599911550,3228,3228,3228,3228,3228,3228,3228,3228,59.66200256347656,57.22132110595703,59.2271728515625,60.646156311035156,60.07666778564453,58.81571960449219,58.734859466552734,59.38295364379883,61.062313079833984,59.08753967285156,65.51724243164063,64.51612854003906,74.19355010986328,78.125,75,64.51612854003906,70.96774291992188,63.33333206176758,5.011236667633057,17179869184,22548578304,5160075264,20968570880
11,1729599911857,3228,3228,3228,3228,3228,3228,3228,3228,59.66200256347656,57.22132110595703,59.2271728515625,60.646156311035156,60.07666778564453,58.81571960449219,58.734859466552734,59.38295364379883,61.062313079833984,59.08753967285156,19.35483741760254,23.33333396911621,38.70967483520508,43.33333206176758,23.33333396911621,22.580644607543945,6.6666669845581055,6.6666669845581055,5.452688694000244,17179869184,22548578304,5192859648,20968570880
