Delta,Time,CPU_FREQUENCY_0,CPU_FREQUENCY_1,CPU_FREQUENCY_2,CPU_FREQUENCY_3,CPU_FREQUENCY_4,CPU_FREQUENCY_5,CPU_FREQUENCY_6,CPU_FREQUENCY_7,CPU_TEMP_0,CPU_TEMP_1,CPU_TEMP_2,CPU_TEMP_3,CPU_TEMP_4,CPU_TEMP_5,CPU_TEMP_6,CPU_TEMP_7,CPU_TEMP_8,CPU_TEMP_9,CPU_USAGE_0,CPU_USAGE_1,CPU_USAGE_2,CPU_USAGE_3,CPU_USAGE_4,CPU_USAGE_5,CPU_USAGE_6,CPU_USAGE_7,SYSTEM_POWER (Watts),TOTAL_MEMORY,TOTAL_SWAP,USED_MEMORY,USED_SWAP
0,1729530859506,3228,3228,3228,3228,3228,3228,3228,3228,60.55801773071289,58.32549285888672,58.79998779296875,60.50445556640625,60.883750915527344,58.94546890258789,59.32909393310547,59.33993911743164,61.05409240722656,60.11724853515625,NaN,50,0,0,0,0,0,0,5.291255950927734,17179869184,18253611008,8363753472,17578328064
309,1729530859506,3228,3228,3228,3228,3228,3228,3228,3228,60.55801773071289,58.32549285888672,58.79998779296875,60.50445556640625,60.883750915527344,58.94546890258789,59.32909393310547,59.33993911743164,61.05409240722656,60.11724853515625,50,0,50,50,0,0,0,0,5.291255950927734,17179869184,18253611008,8363753472,17578328064
4,1729530859816,3228,3228,3228,3228,3228,3228,3228,3228,61.326202392578125,58.59788513183594,61.080352783203125,62.49079513549805,61.778709411621094,59.66012191772461,59.71588897705078,59.87088394165039,61.42230224609375,60.28466796875,10,12.90322494506836,23.33333396911621,33.333335876464844,15.625,6.25,6.25,3.22580623626709,5.291255950927734,17179869184,18253611008,8363753472,17578328064
