Delta,Time,CPU_FREQUENCY_0,CPU_FREQUENCY_1,CPU_FREQUENCY_2,CPU_FREQUENCY_3,CPU_FREQUENCY_4,CPU_FREQUENCY_5,CPU_FREQUENCY_6,CPU_FREQUENCY_7,CPU_TEMP_0,CPU_TEMP_1,CPU_TEMP_2,CPU_TEMP_3,CPU_TEMP_4,CPU_TEMP_5,CPU_TEMP_6,CPU_TEMP_7,CPU_TEMP_8,CPU_TEMP_9,CPU_USAGE_0,CPU_USAGE_1,CPU_USAGE_2,CPU_USAGE_3,CPU_USAGE_4,CPU_USAGE_5,CPU_USAGE_6,CPU_USAGE_7,SYSTEM_POWER (Watts),TOTAL_MEMORY,TOTAL_SWAP,USED_MEMORY,USED_SWAP
0,1729535626103,3228,3228,3228,3228,3228,3228,3228,3228,61.70938491821289,59.08831024169922,60.587135314941406,62.12361526489258,62.312896728515625,60.10292434692383,60.06095504760742,60.20293426513672,62.43233108520508,61.794090270996094,50,50,0,0,0,0,0,0,13.383301734924316,17179869184,20401094656,5152866304,19940376576
306,1729535626103,3228,3228,3228,3228,3228,3228,3228,3228,61.70938491821289,59.08831024169922,60.587135314941406,62.12361526489258,62.312896728515625,60.10292434692383,60.06095504760742,60.20293426513672,62.43233108520508,61.794090270996094,0,0,0,50,0,100,0,0,13.383301734924316,17179869184,20401094656,5152866304,19940376576
300,1729535626410,3228,3228,3228,3228,3228,3228,3228,3228,61.70938491821289,59.08831024169922,60.587135314941406,62.12361526489258,62.312896728515625,60.10292434692383,60.06095504760742,60.20293426513672,62.43233108520508,61.794090270996094,90,90,96.66666412353516,96.66666412353516,96.66666412353516,93.54838562011719,93.54838562011719,93.33333587646484,4.846287727355957,17179869184,20401094656,5152866304,19940376576
301,1729535626710,3228,3228,3228,3228,3228,3228,3228,3228,61.70938491821289,59.08831024169922,60.587135314941406,62.12361526489258,62.312896728515625,60.10292434692383,60.06095504760742,60.20293426513672,62.43233108520508,61.794090270996094,26.666667938232422,19.35483741760254,90.32257843017578,90,87.09677124023438,76.66666412353516,76.66666412353516,63.33333206176758,4.846287727355957,17179869184,20401094656,5244764160,19940376576
7,1729535627012,3228,3228,3228,3228,3228,3228,3228,3228,66.9704818725586,64.57689666748047,70.84247589111328,73.1865234375,70.75407409667969,65.62254333496094,70.09539794921875,70.25614929199219,69.56451416015625,66.71749114990234,26.666667938232422,17.241378784179688,86.66666412353516,70,80,68.96551513671875,51.61289978027344,32.25806427001953,4.846287727355957,17179869184,20401094656,5182914560,19940376576
