Delta,Time,CPU_FREQUENCY_0,CPU_FREQUENCY_1,CPU_FREQUENCY_2,CPU_FREQUENCY_3,CPU_FREQUENCY_4,CPU_FREQUENCY_5,CPU_FREQUENCY_6,CPU_FREQUENCY_7,CPU_TEMP_0,CPU_TEMP_1,CPU_TEMP_2,CPU_TEMP_3,CPU_TEMP_4,CPU_TEMP_5,CPU_TEMP_6,CPU_TEMP_7,CPU_TEMP_8,CPU_TEMP_9,CPU_USAGE_0,CPU_USAGE_1,CPU_USAGE_2,CPU_USAGE_3,CPU_USAGE_4,CPU_USAGE_5,CPU_USAGE_6,CPU_USAGE_7,SYSTEM_POWER (Watts),TOTAL_MEMORY,TOTAL_SWAP,USED_MEMORY,USED_SWAP
0,1729541381984,3228,3228,3228,3228,3228,3228,3228,3228,65.66840362548828,63.33292007446289,64.58871459960938,65.591552734375,66.24783325195313,64.75611877441406,64.73397827148438,64.76258850097656,67.01216125488281,65.67862701416016,NaN,0,66.66667175292969,0,0,0,0,0,4.929321765899658,17179869184,21474836480,4481974272,20369506304
309,1729541381984,3228,3228,3228,3228,3228,3228,3228,3228,65.66840362548828,63.33292007446289,64.58871459960938,65.591552734375,66.24783325195313,64.75611877441406,64.73397827148438,64.76258850097656,67.01216125488281,65.67862701416016,50,0,NaN,50,0,0,0,0,4.929321765899658,17179869184,21474836480,4485005312,20369506304
11,1729541382294,3228,3228,3228,3228,3228,3228,3228,3228,65.72342681884766,63.202884674072266,65.07581329345703,65.96790313720703,66.4041748046875,64.55282592773438,64.60009765625,64.70697021484375,66.76177978515625,65.17094421386719,6.45161247253418,6.45161247253418,16.129032135009766,26.666667938232422,9.67741870880127,6.25,0,0,4.929321765899658,17179869184,21474836480,4507926528,20369506304
