Delta,Time,CPU_FREQUENCY_0,CPU_FREQUENCY_1,CPU_FREQUENCY_2,CPU_FREQUENCY_3,CPU_FREQUENCY_4,CPU_FREQUENCY_5,CPU_FREQUENCY_6,CPU_FREQUENCY_7,CPU_TEMP_0,CPU_TEMP_1,CPU_TEMP_2,CPU_TEMP_3,CPU_TEMP_4,CPU_TEMP_5,CPU_TEMP_6,CPU_TEMP_7,CPU_TEMP_8,CPU_TEMP_9,CPU_USAGE_0,CPU_USAGE_1,CPU_USAGE_2,CPU_USAGE_3,CPU_USAGE_4,CPU_USAGE_5,CPU_USAGE_6,CPU_USAGE_7,SYSTEM_POWER (Watts),TOTAL_MEMORY,TOTAL_SWAP,USED_MEMORY,USED_SWAP
0,1729569821997,3228,3228,3228,3228,3228,3228,3228,3228,61.15080261230469,58.837066650390625,60.96095275878906,61.42394256591797,61.637786865234375,60.05856704711914,59.46509552001953,60.31709289550781,61.99165344238281,61.46128845214844,50,0,50,0,0,0,0,0,5.117654323577881,17179869184,22548578304,5065408512,21248278528
306,1729569821997,3228,3228,3228,3228,3228,3228,3228,3228,61.15080261230469,58.837066650390625,60.96095275878906,61.42394256591797,61.637786865234375,60.05856704711914,59.46509552001953,60.31709289550781,61.99165344238281,61.46128845214844,0,0,NaN,0,0,0,0,0,5.117654323577881,17179869184,22548578304,5065408512,21248278528
309,1729569822304,3228,3228,3228,3228,3228,3228,3228,3228,61.15080261230469,58.837066650390625,60.96095275878906,61.42394256591797,61.637786865234375,60.05856704711914,59.46509552001953,60.31709289550781,61.99165344238281,61.46128845214844,90.32257843017578,87.09677124023438,90.32257843017578,96.7741928100586,96.7741928100586,93.33333587646484,90,87.09677124023438,4.885043621063232,17179869184,22548578304,5065408512,21248278528
9,1729569822614,3228,3228,3228,3228,3228,3228,3228,3228,61.15080261230469,58.837066650390625,60.96095275878906,61.42394256591797,61.637786865234375,60.05856704711914,59.46509552001953,60.31709289550781,61.99165344238281,61.46128845214844,3.3333334922790527,9.67741870880127,58.06451416015625,30.000001907348633,6.45161247253418,34.375,9.67741870880127,3.22580623626709,4.885043621063232,17179869184,22548578304,5098635264,21248278528
