Delta,Time,CPU_FREQUENCY_0,CPU_FREQUENCY_1,CPU_FREQUENCY_2,CPU_FREQUENCY_3,CPU_FREQUENCY_4,CPU_FREQUENCY_5,CPU_FREQUENCY_6,CPU_FREQUENCY_7,CPU_TEMP_0,CPU_TEMP_1,CPU_TEMP_2,CPU_TEMP_3,CPU_TEMP_4,CPU_TEMP_5,CPU_TEMP_6,CPU_TEMP_7,CPU_TEMP_8,CPU_TEMP_9,CPU_USAGE_0,CPU_USAGE_1,CPU_USAGE_2,CPU_USAGE_3,CPU_USAGE_4,CPU_USAGE_5,CPU_USAGE_6,CPU_USAGE_7,SYSTEM_POWER (Watts),TOTAL_MEMORY,TOTAL_SWAP,USED_MEMORY,USED_SWAP
0,1729532297074,3228,3228,3228,3228,3228,3228,3228,3228,62.234031677246094,59.22574234008789,61.28147888183594,61.87615203857422,62.41111755371094,60.27358627319336,60.55243682861328,61.07754135131836,62.3802604675293,62.175628662109375,0,100,0,50,0,0,0,0,23.169137954711914,17179869184,19327352832,7546634240,18699911168
309,1729532297074,3228,3228,3228,3228,3228,3228,3228,3228,62.234031677246094,59.22574234008789,61.28147888183594,61.87615203857422,62.41111755371094,60.27358627319336,60.55243682861328,61.07754135131836,62.3802604675293,62.175628662109375,0,50,100,0,0,0,0,0,23.169137954711914,17179869184,19327352832,7548436480,18699911168
309,1729532297384,3228,3228,3228,3228,3228,3228,3228,3228,62.234031677246094,59.22574234008789,61.28147888183594,61.87615203857422,62.41111755371094,60.27358627319336,60.55243682861328,61.07754135131836,62.3802604675293,62.175628662109375,87.09677124023438,87.5,100,90.32257843017578,90.32257843017578,90.32257843017578,87.09677124023438,87.8787841796875,10.753398895263672,17179869184,19327352832,7588249600,18699911168
12,1729532297695,3228,3228,3228,3228,3228,3228,3228,3228,62.234031677246094,59.22574234008789,61.28147888183594,61.87615203857422,62.41111755371094,60.27358627319336,60.55243682861328,61.07754135131836,62.3802604675293,62.175628662109375,21.875,16.666667938232422,21.875,70.96774291992188,19.35483741760254,6.45161247253418,3.125,3.22580623626709,10.753398895263672,17179869184,19327352832,7550926848,18699911168
