Delta,Time,CPU_FREQUENCY_0,CPU_FREQUENCY_1,CPU_FREQUENCY_2,CPU_FREQUENCY_3,CPU_FREQUENCY_4,CPU_FREQUENCY_5,CPU_FREQUENCY_6,CPU_FREQUENCY_7,CPU_TEMP_0,CPU_TEMP_1,CPU_TEMP_2,CPU_TEMP_3,CPU_TEMP_4,CPU_TEMP_5,CPU_TEMP_6,CPU_TEMP_7,CPU_TEMP_8,CPU_TEMP_9,CPU_USAGE_0,CPU_USAGE_1,CPU_USAGE_2,CPU_USAGE_3,CPU_USAGE_4,CPU_USAGE_5,CPU_USAGE_6,CPU_USAGE_7,SYSTEM_POWER (Watts),TOTAL_MEMORY,TOTAL_SWAP,USED_MEMORY,USED_SWAP
0,1729595189068,3228,3228,3228,3228,3228,3228,3228,3228,63.77803039550781,61.46419906616211,62.1407470703125,63.89957809448242,64.43540954589844,62.18750762939453,61.421607971191406,62.97456359863281,64.27680969238281,63.79637908935547,0,0,NaN,50,100,100,100,50,4.8472819328308105,17179869184,22548578304,4070293504,20968570880
302,1729595189068,3228,3228,3228,3228,3228,3228,3228,3228,63.77803039550781,61.46419906616211,62.1407470703125,63.89957809448242,64.43540954589844,62.18750762939453,61.421607971191406,62.97456359863281,64.27680969238281,63.79637908935547,0,0,66.66667175292969,100,100,50,0,NaN,4.8472819328308105,17179869184,22548578304,4075208704,20968570880
309,1729595189371,3228,3228,3228,3228,3228,3228,3228,3228,65.77037811279297,63.301292419433594,66.7762680053711,68.59517669677734,67.92289733886719,64.02501678466797,65.62815856933594,66.45222473144531,66.52519226074219,65.44292449951172,93.33333587646484,96.55171966552734,100,100,100,100,100,96.7741928100586,4.8472819328308105,17179869184,22548578304,4164206592,20968570880
307,1729595189681,3228,3228,3228,3228,3228,3228,3228,3228,65.77037811279297,63.301292419433594,66.7762680053711,68.59517669677734,67.92289733886719,64.02501678466797,65.62815856933594,66.45222473144531,66.52519226074219,65.44292449951172,29.032257080078125,28.125,93.54838562011719,90.32257843017578,87.09677124023438,77.41934967041016,53.125,51.61289978027344,4.8472819328308105,17179869184,22548578304,4184817664,20968570880
10,1729595189988,3228,3228,3228,3228,3228,3228,3228,3228,65.77037811279297,63.301292419433594,66.7762680053711,68.59517669677734,67.92289733886719,64.02501678466797,65.62815856933594,66.45222473144531,66.52519226074219,65.44292449951172,16.666667938232422,23.33333396911621,80.6451644897461,87.09677124023438,84.375,61.29032516479492,51.72413635253906,32.25806427001953,5.588088512420654,17179869184,22548578304,4167073792,20968570880
