Delta,Time,CPU_FREQUENCY_0,CPU_FREQUENCY_1,CPU_FREQUENCY_2,CPU_FREQUENCY_3,CPU_FREQUENCY_4,CPU_FREQUENCY_5,CPU_FREQUENCY_6,CPU_FREQUENCY_7,CPU_TEMP_0,CPU_TEMP_1,CPU_TEMP_2,CPU_TEMP_3,CPU_TEMP_4,CPU_TEMP_5,CPU_TEMP_6,CPU_TEMP_7,CPU_TEMP_8,CPU_TEMP_9,CPU_USAGE_0,CPU_USAGE_1,CPU_USAGE_2,CPU_USAGE_3,CPU_USAGE_4,CPU_USAGE_5,CPU_USAGE_6,CPU_USAGE_7,SYSTEM_POWER (Watts),TOTAL_MEMORY,TOTAL_SWAP,USED_MEMORY,USED_SWAP
0,1729587429457,3228,3228,3228,3228,3228,3228,3228,3228,59.63417434692383,57.77107238769531,58.52362060546875,60.39426803588867,60.166908264160156,58.538936614990234,57.48052215576172,58.92510223388672,59.9733772277832,60.000877380371094,NaN,50,0,0,0,0,0,0,16.86916732788086,17179869184,22548578304,5996560384,21094400000
309,1729587429457,3228,3228,3228,3228,3228,3228,3228,3228,59.63417434692383,57.77107238769531,58.52362060546875,60.39426803588867,60.166908264160156,58.538936614990234,57.48052215576172,58.92510223388672,59.9733772277832,60.000877380371094,0,0,NaN,NaN,0,0,50,0,16.86916732788086,17179869184,22548578304,5996560384,21094400000
309,1729587429767,3228,3228,3228,3228,3228,3228,3228,3228,59.63417434692383,57.77107238769531,58.52362060546875,60.39426803588867,60.166908264160156,58.538936614990234,57.48052215576172,58.92510223388672,59.9733772277832,60.000877380371094,87.5,90,90.625,96.7741928100586,90.32257843017578,90.32257843017578,90.32257843017578,90.32257843017578,8.062403678894043,17179869184,22548578304,5996560384,21094400000
7,1729587430078,3228,3228,3228,3228,3228,3228,3228,3228,59.63417434692383,57.77107238769531,58.52362060546875,60.39426803588867,60.166908264160156,58.538936614990234,57.48052215576172,58.92510223388672,59.9733772277832,60.000877380371094,16.666667938232422,19.35483741760254,53.333335876464844,43.75,31.25,15.625,3.3333334922790527,3.22580623626709,8.062403678894043,17179869184,22548578304,6017777664,21094400000
