Delta,Time,CPU_FREQUENCY_0,CPU_FREQUENCY_1,CPU_FREQUENCY_2,CPU_FREQUENCY_3,CPU_FREQUENCY_4,CPU_FREQUENCY_5,CPU_FREQUENCY_6,CPU_FREQUENCY_7,CPU_TEMP_0,CPU_TEMP_1,CPU_TEMP_2,CPU_TEMP_3,CPU_TEMP_4,CPU_TEMP_5,CPU_TEMP_6,CPU_TEMP_7,CPU_TEMP_8,CPU_TEMP_9,CPU_USAGE_0,CPU_USAGE_1,CPU_USAGE_2,CPU_USAGE_3,CPU_USAGE_4,CPU_USAGE_5,CPU_USAGE_6,CPU_USAGE_7,SYSTEM_POWER (Watts),TOTAL_MEMORY,TOTAL_SWAP,USED_MEMORY,USED_SWAP
0,1729587547880,3228,3228,3228,3228,3228,3228,3228,3228,56.05138397216797,54.135841369628906,54.835426330566406,56.37471389770508,56.860328674316406,54.703304290771484,54.17131042480469,55.28969955444336,56.539329528808594,56.48008728027344,50,66.66667175292969,33.333335876464844,0,0,0,0,0,4.806682109832764,17179869184,22548578304,4648632320,21094400000
309,1729587547881,3228,3228,3228,3228,3228,3228,3228,3228,56.05138397216797,54.135841369628906,54.835426330566406,56.37471389770508,56.860328674316406,54.703304290771484,54.17131042480469,55.28969955444336,56.539329528808594,56.48008728027344,0,0,NaN,NaN,0,100,0,0,4.806682109832764,17179869184,22548578304,4648632320,21094400000
9,1729587548191,3228,3228,3228,3228,3228,3228,3228,3228,56.81010818481445,54.123111724853516,56.27770233154297,57.890830993652344,57.592247009277344,55.13629913330078,54.710514068603516,55.68518829345703,56.58151626586914,56.465240478515625,16.666667938232422,13.333333969116211,38.70967483520508,25.80644989013672,13.333333969116211,12.90322494506836,0,0,4.806682109832764,17179869184,22548578304,4648632320,21094400000
