Delta,Time,CPU_FREQUENCY_0,CPU_FREQUENCY_1,CPU_FREQUENCY_2,CPU_FREQUENCY_3,CPU_FREQUENCY_4,CPU_FREQUENCY_5,CPU_FREQUENCY_6,CPU_FREQUENCY_7,CPU_TEMP_0,CPU_TEMP_1,CPU_TEMP_2,CPU_TEMP_3,CPU_TEMP_4,CPU_TEMP_5,CPU_TEMP_6,CPU_TEMP_7,CPU_TEMP_8,CPU_TEMP_9,CPU_USAGE_0,CPU_USAGE_1,CPU_USAGE_2,CPU_USAGE_3,CPU_USAGE_4,CPU_USAGE_5,CPU_USAGE_6,CPU_USAGE_7,SYSTEM_POWER (Watts),TOTAL_MEMORY,TOTAL_SWAP,USED_MEMORY,USED_SWAP
0,1729543477921,3228,3228,3228,3228,3228,3228,3228,3228,60.1730842590332,58.333980560302734,58.61357116699219,59.262123107910156,61.071800231933594,59.0639533996582,58.488197326660156,59.0477409362793,61.14714431762695,60.64300537109375,50,50,66.66667175292969,50,0,0,0,0,4.837127685546875,17179869184,21474836480,6320652288,20344340480
300,1729543477922,3228,3228,3228,3228,3228,3228,3228,3228,60.1730842590332,58.333980560302734,58.61357116699219,59.262123107910156,61.071800231933594,59.0639533996582,58.488197326660156,59.0477409362793,61.14714431762695,60.64300537109375,0,0,0,50,0,0,0,0,4.837127685546875,17179869184,21474836480,6320652288,20344340480
309,1729543478222,3228,3228,3228,3228,3228,3228,3228,3228,60.70268249511719,58.38911056518555,60.00117492675781,60.959590911865234,61.78014373779297,59.12907028198242,59.23096466064453,59.615535736083984,61.484928131103516,60.73149108886719,27.586206436157227,20,58.620689392089844,68.96551513671875,51.61289978027344,58.06451416015625,53.333335876464844,50,4.837127685546875,17179869184,21474836480,6320652288,20344340480
11,1729543478532,3228,3228,3228,3228,3228,3228,3228,3228,60.70268249511719,58.38911056518555,60.00117492675781,60.959590911865234,61.78014373779297,59.12907028198242,59.23096466064453,59.615535736083984,61.484928131103516,60.73149108886719,22.580644607543945,22.580644607543945,30.000001907348633,59.375,27.586206436157227,26.666667938232422,28.125,29.032257080078125,4.837127685546875,17179869184,21474836480,6485983232,20344340480
