Delta,Time,CPU_FREQUENCY_0,CPU_FREQUENCY_1,CPU_FREQUENCY_2,CPU_FREQUENCY_3,CPU_FREQUENCY_4,CPU_FREQUENCY_5,CPU_FREQUENCY_6,CPU_FREQUENCY_7,CPU_TEMP_0,CPU_TEMP_1,CPU_TEMP_2,CPU_TEMP_3,CPU_TEMP_4,CPU_TEMP_5,CPU_TEMP_6,CPU_TEMP_7,CPU_TEMP_8,CPU_TEMP_9,CPU_USAGE_0,CPU_USAGE_1,CPU_USAGE_2,CPU_USAGE_3,CPU_USAGE_4,CPU_USAGE_5,CPU_USAGE_6,CPU_USAGE_7,SYSTEM_POWER (Watts),TOTAL_MEMORY,TOTAL_SWAP,USED_MEMORY,USED_SWAP
0,1729546770520,3228,3228,3228,3228,3228,3228,3228,3228,56.905818939208984,53.76625061035156,55.56591796875,56.03736877441406,57.172698974609375,55.47233963012695,55.196327209472656,55.976600646972656,57.654541015625,56.88385772705078,0,0,50,0,50,NaN,0,100,4.78004789352417,17179869184,21474836480,5841207296,20243677184
302,1729546770520,3228,3228,3228,3228,3228,3228,3228,3228,56.905818939208984,53.76625061035156,55.56591796875,56.03736877441406,57.172698974609375,55.47233963012695,55.196327209472656,55.976600646972656,57.654541015625,56.88385772705078,0,0,100,100,0,50,100,50,4.78004789352417,17179869184,21474836480,5841207296,20243677184
12,1729546770824,3228,3228,3228,3228,3228,3228,3228,3228,56.905818939208984,53.76625061035156,55.56591796875,56.03736877441406,57.172698974609375,55.47233963012695,55.196327209472656,55.976600646972656,57.654541015625,56.88385772705078,30.000001907348633,30.000001907348633,86.20689392089844,83.33332824707031,76.66666412353516,70.96774291992188,67.74193572998047,58.06451416015625,4.748581886291504,17179869184,21474836480,5841207296,20243677184
