Delta,Time,CPU_FREQUENCY_0,CPU_FREQUENCY_1,CPU_FREQUENCY_2,CPU_FREQUENCY_3,CPU_FREQUENCY_4,CPU_FREQUENCY_5,CPU_FREQUENCY_6,CPU_FREQUENCY_7,CPU_TEMP_0,CPU_TEMP_1,CPU_TEMP_2,CPU_TEMP_3,CPU_TEMP_4,CPU_TEMP_5,CPU_TEMP_6,CPU_TEMP_7,CPU_TEMP_8,CPU_TEMP_9,CPU_USAGE_0,CPU_USAGE_1,CPU_USAGE_2,CPU_USAGE_3,CPU_USAGE_4,CPU_USAGE_5,CPU_USAGE_6,CPU_USAGE_7,SYSTEM_POWER (Watts),TOTAL_MEMORY,TOTAL_SWAP,USED_MEMORY,USED_SWAP
0,1729595594208,3228,3228,3228,3228,3228,3228,3228,3228,71.52552795410156,65.60008239746094,76.02629852294922,77.28899383544922,75.128173828125,68.98951721191406,70.47748565673828,70.39572143554688,67.61024475097656,67.31842041015625,50,0,100,0,NaN,100,0,0,15.639904022216797,17179869184,22548578304,4872028160,20968570880
300,1729595594208,3228,3228,3228,3228,3228,3228,3228,3228,71.52552795410156,65.60008239746094,76.02629852294922,77.28899383544922,75.128173828125,68.98951721191406,70.47748565673828,70.39572143554688,67.61024475097656,67.31842041015625,0,0,NaN,100,100,100,100,0,15.639904022216797,17179869184,22548578304,4872028160,20968570880
309,1729595594508,3228,3228,3228,3228,3228,3228,3228,3228,69.89874267578125,65.1437759399414,71.77540588378906,73.0056381225586,71.54000091552734,67.34795379638672,68.84686279296875,70.24302673339844,68.1694107055664,67.03231048583984,96.55171966552734,93.33333587646484,100,100,100,100,100,96.66666412353516,15.639904022216797,17179869184,22548578304,4872028160,20968570880
309,1729595594818,3228,3228,3228,3228,3228,3228,3228,3228,69.89874267578125,65.1437759399414,71.77540588378906,73.0056381225586,71.54000091552734,67.34795379638672,68.84686279296875,70.24302673339844,68.1694107055664,67.03231048583984,38.70967483520508,35.48387145996094,93.75,96.7741928100586,93.54838562011719,96.875,93.33333587646484,46.875,15.910552978515625,17179869184,22548578304,4954062848,20968570880
9,1729595595128,3228,3228,3228,3228,3228,3228,3228,3228,69.89874267578125,65.1437759399414,71.77540588378906,73.0056381225586,71.54000091552734,67.34795379638672,68.84686279296875,70.24302673339844,68.1694107055664,67.03231048583984,32.25806427001953,32.25806427001953,86.66666412353516,83.87096405029297,80.6451644897461,66.66667175292969,54.83871078491211,30.000001907348633,15.910552978515625,17179869184,22548578304,4904271872,20968570880
