Delta,Time,CPU_FREQUENCY_0,CPU_FREQUENCY_1,CPU_FREQUENCY_2,CPU_FREQUENCY_3,CPU_FREQUENCY_4,CPU_FREQUENCY_5,CPU_FREQUENCY_6,CPU_FREQUENCY_7,CPU_TEMP_0,CPU_TEMP_1,CPU_TEMP_2,CPU_TEMP_3,CPU_TEMP_4,CPU_TEMP_5,CPU_TEMP_6,CPU_TEMP_7,CPU_TEMP_8,CPU_TEMP_9,CPU_USAGE_0,CPU_USAGE_1,CPU_USAGE_2,CPU_USAGE_3,CPU_USAGE_4,CPU_USAGE_5,CPU_USAGE_6,CPU_USAGE_7,SYSTEM_POWER (Watts),TOTAL_MEMORY,TOTAL_SWAP,USED_MEMORY,USED_SWAP
0,1729535691398,3228,3228,3228,3228,3228,3228,3228,3228,65.4570083618164,60.96116256713867,70.32503509521484,73.02082061767578,69.2468490600586,63.404232025146484,69.30447387695313,69.82064819335938,64.53477478027344,62.74745178222656,0,0,100,50,100,66.66667175292969,100,100,18.240236282348633,17179869184,20401094656,6077890560,19940376576
303,1729535691398,3228,3228,3228,3228,3228,3228,3228,3228,65.4570083618164,60.96116256713867,70.32503509521484,73.02082061767578,69.2468490600586,63.404232025146484,69.30447387695313,69.82064819335938,64.53477478027344,62.74745178222656,0,NaN,100,100,100,100,100,100,18.240236282348633,17179869184,20401094656,6080102400,19940376576
308,1729535691702,3228,3228,3228,3228,3228,3228,3228,3228,65.4570083618164,60.96116256713867,70.32503509521484,73.02082061767578,69.2468490600586,63.404232025146484,69.30447387695313,69.82064819335938,64.53477478027344,62.74745178222656,96.7741928100586,96.7741928100586,100,100,100,100,100,100,18.240236282348633,17179869184,20401094656,6120046592,19940376576
301,1729535692010,3228,3228,3228,3228,3228,3228,3228,3228,66.49464416503906,63.81254959106445,71.65299987792969,74.87300109863281,70.28925323486328,65.0888900756836,71.42849731445313,72.20835876464844,69.34673309326172,65.74390411376953,33.333335876464844,35.48387145996094,81.25,83.33332824707031,66.66667175292969,56.66666793823242,45.16128921508789,32.25806427001953,18.240236282348633,17179869184,20401094656,6118572032,19940376576
11,1729535692312,3228,3228,3228,3228,3228,3228,3228,3228,66.49464416503906,63.81254959106445,71.65299987792969,74.87300109863281,70.28925323486328,65.0888900756836,71.42849731445313,72.20835876464844,69.34673309326172,65.74390411376953,16.666667938232422,23.33333396911621,79.31034851074219,36.66666793823242,35.48387145996094,25.80644989013672,3.3333334922790527,10,18.240236282348633,17179869184,20401094656,6067240960,19940376576
