Delta,Time,CPU_FREQUENCY_0,CPU_FREQUENCY_1,CPU_FREQUENCY_2,CPU_FREQUENCY_3,CPU_FREQUENCY_4,CPU_FREQUENCY_5,CPU_FREQUENCY_6,CPU_FREQUENCY_7,CPU_TEMP_0,CPU_TEMP_1,CPU_TEMP_2,CPU_TEMP_3,CPU_TEMP_4,CPU_TEMP_5,CPU_TEMP_6,CPU_TEMP_7,CPU_TEMP_8,CPU_TEMP_9,CPU_USAGE_0,CPU_USAGE_1,CPU_USAGE_2,CPU_USAGE_3,CPU_USAGE_4,CPU_USAGE_5,CPU_USAGE_6,CPU_USAGE_7,SYSTEM_POWER (Watts),TOTAL_MEMORY,TOTAL_SWAP,USED_MEMORY,USED_SWAP
0,1729543541148,3228,3228,3228,3228,3228,3228,3228,3228,57.72483825683594,55.635337829589844,57.245361328125,58.001399993896484,59.122467041015625,57.44153594970703,56.955421447753906,56.883323669433594,59.08615493774414,58.72119140625,50,0,0,0,0,NaN,0,0,6.681518077850342,17179869184,21474836480,6976094208,20344340480
309,1729543541149,3228,3228,3228,3228,3228,3228,3228,3228,57.72483825683594,55.635337829589844,57.245361328125,58.001399993896484,59.122467041015625,57.44153594970703,56.955421447753906,56.883323669433594,59.08615493774414,58.72119140625,100,NaN,66.66667175292969,100,0,0,0,0,6.681518077850342,17179869184,21474836480,6977994752,20344340480
306,1729543541462,3228,3228,3228,3228,3228,3228,3228,3228,57.72483825683594,55.635337829589844,57.245361328125,58.001399993896484,59.122467041015625,57.44153594970703,56.955421447753906,56.883323669433594,59.08615493774414,58.72119140625,61.29032516479492,59.375,73.33333587646484,77.41934967041016,51.61289978027344,53.125,51.61289978027344,51.61289978027344,6.681518077850342,17179869184,21474836480,6992609280,20344340480
309,1729543541769,3228,3228,3228,3228,3228,3228,3228,3228,57.72483825683594,55.635337829589844,57.245361328125,58.001399993896484,59.122467041015625,57.44153594970703,56.955421447753906,56.883323669433594,59.08615493774414,58.72119140625,51.61289978027344,46.66666793823242,90.32257843017578,45.16128921508789,50,41.935482025146484,35.48387145996094,38.70967483520508,6.066559791564941,17179869184,21474836480,6993575936,20344340480
7,1729543542079,3228,3228,3228,3228,3228,3228,3228,3228,57.72483825683594,55.635337829589844,57.245361328125,58.001399993896484,59.122467041015625,57.44153594970703,56.955421447753906,56.883323669433594,59.08615493774414,58.72119140625,16.666667938232422,19.35483741760254,35.48387145996094,61.29032516479492,0,0,0,0,6.066559791564941,17179869184,21474836480,6920470528,20344340480
