Delta,Time,CPU_FREQUENCY_0,CPU_FREQUENCY_1,CPU_FREQUENCY_2,CPU_FREQUENCY_3,CPU_FREQUENCY_4,CPU_FREQUENCY_5,CPU_FREQUENCY_6,CPU_FREQUENCY_7,CPU_TEMP_0,CPU_TEMP_1,CPU_TEMP_2,CPU_TEMP_3,CPU_TEMP_4,CPU_TEMP_5,CPU_TEMP_6,CPU_TEMP_7,CPU_TEMP_8,CPU_TEMP_9,CPU_USAGE_0,CPU_USAGE_1,CPU_USAGE_2,CPU_USAGE_3,CPU_USAGE_4,CPU_USAGE_5,CPU_USAGE_6,CPU_USAGE_7,SYSTEM_POWER (Watts),TOTAL_MEMORY,TOTAL_SWAP,USED_MEMORY,USED_SWAP
0,1729598290035,3228,3228,3228,3228,3228,3228,3228,3228,73.20164489746094,69.66336059570313,80.48875427246094,82.29679107666016,77.32256317138672,71.32593536376953,78.34375,79.88961791992188,72.24262237548828,70.44209289550781,0,0,100,NaN,NaN,0,0,0,25.856382369995117,17179869184,22548578304,3732373504,20968570880
304,1729598290035,3228,3228,3228,3228,3228,3228,3228,3228,73.20164489746094,69.66336059570313,80.48875427246094,82.29679107666016,77.32256317138672,71.32593536376953,78.34375,79.88961791992188,72.24262237548828,70.44209289550781,100,100,100,50,0,50,0,0,25.856382369995117,17179869184,22548578304,3732373504,20968570880
5,1729598290339,3228,3228,3228,3228,3228,3228,3228,3228,73.20164489746094,69.66336059570313,80.48875427246094,82.29679107666016,77.32256317138672,71.32593536376953,78.34375,79.88961791992188,72.24262237548828,70.44209289550781,53.333335876464844,56.66666793823242,74.19355010986328,63.33333206176758,60.000003814697266,37.931034088134766,19.35483741760254,13.333333969116211,25.856382369995117,17179869184,22548578304,3732373504,20968570880
