Delta,Time,CPU_FREQUENCY_0,CPU_FREQUENCY_1,CPU_FREQUENCY_2,CPU_FREQUENCY_3,CPU_FREQUENCY_4,CPU_FREQUENCY_5,CPU_FREQUENCY_6,CPU_FREQUENCY_7,CPU_TEMP_0,CPU_TEMP_1,CPU_TEMP_2,CPU_TEMP_3,CPU_TEMP_4,CPU_TEMP_5,CPU_TEMP_6,CPU_TEMP_7,CPU_TEMP_8,CPU_TEMP_9,CPU_USAGE_0,CPU_USAGE_1,CPU_USAGE_2,CPU_USAGE_3,CPU_USAGE_4,CPU_USAGE_5,CPU_USAGE_6,CPU_USAGE_7,SYSTEM_POWER (Watts),TOTAL_MEMORY,TOTAL_SWAP,USED_MEMORY,USED_SWAP
0,1729579329589,3228,3228,3228,3228,3228,3228,3228,3228,67.47053527832031,64.81566619873047,73.21331024169922,75.47120666503906,71.69322967529297,65.66087341308594,73.16258239746094,73.4212646484375,68.66606140136719,66.21912384033203,0,0,66.66667175292969,0,0,NaN,0,0,21.863096237182617,17179869184,22548578304,4384931840,21248278528
309,1729579329589,3228,3228,3228,3228,3228,3228,3228,3228,67.47053527832031,64.81566619873047,73.21331024169922,75.47120666503906,71.69322967529297,65.66087341308594,73.16258239746094,73.4212646484375,68.66606140136719,66.21912384033203,0,0,100,0,0,50,0,0,21.863096237182617,17179869184,22548578304,4384931840,21248278528
309,1729579329899,3228,3228,3228,3228,3228,3228,3228,3228,67.47053527832031,64.81566619873047,73.21331024169922,75.47120666503906,71.69322967529297,65.66087341308594,73.16258239746094,73.4212646484375,68.66606140136719,66.21912384033203,90.32257843017578,90,96.66666412353516,100,96.7741928100586,96.7741928100586,93.54838562011719,93.54838562011719,21.863096237182617,17179869184,22548578304,4384931840,21248278528
8,1729579330209,3228,3228,3228,3228,3228,3228,3228,3228,66.21192932128906,63.61467742919922,70.66527557373047,72.28970336914063,69.33147430419922,64.24846649169922,69.29000854492188,68.66255187988281,67.10377502441406,65.26402282714844,13.333333969116211,27.272727966308594,78.125,65.625,51.61289978027344,36.66666793823242,19.35483741760254,15.625,21.863096237182617,17179869184,22548578304,4422238208,21248278528
