Delta,Time,CPU_FREQUENCY_0,CPU_FREQUENCY_1,CPU_FREQUENCY_2,CPU_FREQUENCY_3,CPU_FREQUENCY_4,CPU_FREQUENCY_5,CPU_FREQUENCY_6,CPU_FREQUENCY_7,CPU_TEMP_0,CPU_TEMP_1,CPU_TEMP_2,CPU_TEMP_3,CPU_TEMP_4,CPU_TEMP_5,CPU_TEMP_6,CPU_TEMP_7,CPU_TEMP_8,CPU_TEMP_9,CPU_USAGE_0,CPU_USAGE_1,CPU_USAGE_2,CPU_USAGE_3,CPU_USAGE_4,CPU_USAGE_5,CPU_USAGE_6,CPU_USAGE_7,SYSTEM_POWER (Watts),TOTAL_MEMORY,TOTAL_SWAP,USED_MEMORY,USED_SWAP
0,1729562294703,3228,3228,3228,3228,3228,3228,3228,3228,63.311214447021484,58.25587463378906,66.8747329711914,67.869140625,66.26012420654297,61.0786247253418,61.24124526977539,61.259830474853516,60.123077392578125,59.77330017089844,NaN,0,NaN,100,100,100,0,0,20.31047821044922,17179869184,22548578304,5753339904,21256667136
309,1729562294703,3228,3228,3228,3228,3228,3228,3228,3228,63.311214447021484,58.25587463378906,66.8747329711914,67.869140625,66.26012420654297,61.0786247253418,61.24124526977539,61.259830474853516,60.123077392578125,59.77330017089844,0,NaN,100,100,100,NaN,100,100,20.31047821044922,17179869184,22548578304,5753339904,21256667136
309,1729562295013,3228,3228,3228,3228,3228,3228,3228,3228,63.311214447021484,58.25587463378906,66.8747329711914,67.869140625,66.26012420654297,61.0786247253418,61.24124526977539,61.259830474853516,60.123077392578125,59.77330017089844,96.875,93.75,100,96.875,100,100,100,96.66666412353516,16.58939552307129,17179869184,22548578304,5753339904,21256667136
9,1729562295323,3228,3228,3228,3228,3228,3228,3228,3228,63.311214447021484,58.25587463378906,66.8747329711914,67.869140625,66.26012420654297,61.0786247253418,61.24124526977539,61.259830474853516,60.123077392578125,59.77330017089844,16.129032135009766,12.90322494506836,93.54838562011719,93.54838562011719,90.32257843017578,96.7741928100586,87.09677124023438,35.48387145996094,16.58939552307129,17179869184,22548578304,5778604032,21256667136
