Delta,Time,CPU_FREQUENCY_0,CPU_FREQUENCY_1,CPU_FREQUENCY_2,CPU_FREQUENCY_3,CPU_FREQUENCY_4,CPU_FREQUENCY_5,CPU_FREQUENCY_6,CPU_FREQUENCY_7,CPU_TEMP_0,CPU_TEMP_1,CPU_TEMP_2,CPU_TEMP_3,CPU_TEMP_4,CPU_TEMP_5,CPU_TEMP_6,CPU_TEMP_7,CPU_TEMP_8,CPU_TEMP_9,CPU_USAGE_0,CPU_USAGE_1,CPU_USAGE_2,CPU_USAGE_3,CPU_USAGE_4,CPU_USAGE_5,CPU_USAGE_6,CPU_USAGE_7,SYSTEM_POWER (Watts),TOTAL_MEMORY,TOTAL_SWAP,USED_MEMORY,USED_SWAP
0,1729537042026,3228,3228,3228,3228,3228,3228,3228,3228,65.64837646484375,61.694007873535156,69.33020782470703,70.5906982421875,68.51537322998047,63.922523498535156,67.68589782714844,65.91770935058594,64.9407958984375,63.607078552246094,NaN,50,50,100,0,0,0,0,21.75402069091797,17179869184,20401094656,6476398592,19915210752
309,1729537042026,3228,3228,3228,3228,3228,3228,3228,3228,65.64837646484375,61.694007873535156,69.33020782470703,70.5906982421875,68.51537322998047,63.922523498535156,67.68589782714844,65.91770935058594,64.9407958984375,63.607078552246094,0,0,100,0,NaN,0,NaN,0,21.75402069091797,17179869184,20401094656,6479724544,19915210752
309,1729537042337,3228,3228,3228,3228,3228,3228,3228,3228,65.64837646484375,61.694007873535156,69.33020782470703,70.5906982421875,68.51537322998047,63.922523498535156,67.68589782714844,65.91770935058594,64.9407958984375,63.607078552246094,93.75,93.33333587646484,100,100,100,96.66666412353516,93.93939208984375,96.7741928100586,21.75402069091797,17179869184,20401094656,6489751552,19915210752
309,1729537042646,3228,3228,3228,3228,3228,3228,3228,3228,65.64837646484375,61.694007873535156,69.33020782470703,70.5906982421875,68.51537322998047,63.922523498535156,67.68589782714844,65.91770935058594,64.9407958984375,63.607078552246094,16.666667938232422,12.90322494506836,93.54838562011719,90.625,90.625,96.66666412353516,79.31034851074219,54.83871078491211,20.536766052246094,17179869184,20401094656,6498828288,19915210752
4,1729537042956,3228,3228,3228,3228,3228,3228,3228,3228,66.39811706542969,61.694007873535156,71.10270690917969,72.61429595947266,70.13074493408203,65.00772094726563,69.93523406982422,65.91770935058594,64.9407958984375,63.607078552246094,6.6666669845581055,12.5,96.7741928100586,93.33333587646484,93.33333587646484,93.54838562011719,16.129032135009766,6.25,20.536766052246094,17179869184,20401094656,6449954816,19915210752
