Delta,Time,CPU_FREQUENCY_0,CPU_FREQUENCY_1,CPU_FREQUENCY_2,CPU_FREQUENCY_3,CPU_FREQUENCY_4,CPU_FREQUENCY_5,CPU_FREQUENCY_6,CPU_FREQUENCY_7,CPU_TEMP_0,CPU_TEMP_1,CPU_TEMP_2,CPU_TEMP_3,CPU_TEMP_4,CPU_TEMP_5,CPU_TEMP_6,CPU_TEMP_7,CPU_TEMP_8,CPU_TEMP_9,CPU_USAGE_0,CPU_USAGE_1,CPU_USAGE_2,CPU_USAGE_3,CPU_USAGE_4,CPU_USAGE_5,CPU_USAGE_6,CPU_USAGE_7,SYSTEM_POWER (Watts),TOTAL_MEMORY,TOTAL_SWAP,USED_MEMORY,USED_SWAP
0,1729582893782,3228,3228,3228,3228,3228,3228,3228,3228,61.533912658691406,57.676631927490234,62.77819061279297,64.2497787475586,62.904693603515625,59.74293899536133,59.80145263671875,60.418556213378906,59.895835876464844,59.93486785888672,0,0,50,33.333335876464844,0,0,0,0,21.219802856445313,17179869184,22548578304,4055515136,21153120256
309,1729582893782,3228,3228,3228,3228,3228,3228,3228,3228,61.533912658691406,57.676631927490234,62.77819061279297,64.2497787475586,62.904693603515625,59.74293899536133,59.80145263671875,60.418556213378906,59.895835876464844,59.93486785888672,0,50,100,NaN,0,0,0,0,21.219802856445313,17179869184,22548578304,4057235456,21153120256
7,1729582894092,3228,3228,3228,3228,3228,3228,3228,3228,60.99280548095703,57.34431076049805,62.544960021972656,64.20863342285156,62.28501892089844,59.34584045410156,60.64434051513672,60.695823669433594,59.812137603759766,59.53509521484375,29.032257080078125,20,63.33333206176758,70.96774291992188,54.83871078491211,51.61289978027344,29.032257080078125,15.625,21.219802856445313,17179869184,22548578304,4057235456,21153120256
