Delta,Time,CPU_FREQUENCY_0,CPU_FREQUENCY_1,CPU_FREQUENCY_2,CPU_FREQUENCY_3,CPU_FREQUENCY_4,CPU_FREQUENCY_5,CPU_FREQUENCY_6,CPU_FREQUENCY_7,CPU_TEMP_0,CPU_TEMP_1,CPU_TEMP_2,CPU_TEMP_3,CPU_TEMP_4,CPU_TEMP_5,CPU_TEMP_6,CPU_TEMP_7,CPU_TEMP_8,CPU_TEMP_9,CPU_USAGE_0,CPU_USAGE_1,CPU_USAGE_2,CPU_USAGE_3,CPU_USAGE_4,CPU_USAGE_5,CPU_USAGE_6,CPU_USAGE_7,SYSTEM_POWER (Watts),TOTAL_MEMORY,TOTAL_SWAP,USED_MEMORY,USED_SWAP
0,1729537021191,3228,3228,3228,3228,3228,3228,3228,3228,67.15804290771484,62.15625,70.90971374511719,72.0369644165039,69.9963150024414,64.92039489746094,66.02306365966797,65.1697006225586,64.76858520507813,64.24503326416016,NaN,NaN,100,100,100,100,0,50,21.071115493774414,17179869184,20401094656,6280118272,19915210752
309,1729537021191,3228,3228,3228,3228,3228,3228,3228,3228,67.15804290771484,62.15625,70.90971374511719,72.0369644165039,69.9963150024414,64.92039489746094,66.02306365966797,65.1697006225586,64.76858520507813,64.24503326416016,100,100,100,NaN,100,NaN,100,0,21.071115493774414,17179869184,20401094656,6281609216,19915210752
9,1729537021501,3228,3228,3228,3228,3228,3228,3228,3228,67.15804290771484,62.15625,70.90971374511719,72.0369644165039,69.9963150024414,64.92039489746094,66.02306365966797,65.1697006225586,64.76858520507813,64.24503326416016,60.000003814697266,56.25,96.66666412353516,93.75,90.32257843017578,90.32257843017578,51.61289978027344,19.35483741760254,16.413942337036133,17179869184,20401094656,6293733376,19915210752
