Delta,Time,CPU_FREQUENCY_0,CPU_FREQUENCY_1,CPU_FREQUENCY_2,CPU_FREQUENCY_3,CPU_FREQUENCY_4,CPU_FREQUENCY_5,CPU_FREQUENCY_6,CPU_FREQUENCY_7,CPU_TEMP_0,CPU_TEMP_1,CPU_TEMP_2,CPU_TEMP_3,CPU_TEMP_4,CPU_TEMP_5,CPU_TEMP_6,CPU_TEMP_7,CPU_TEMP_8,CPU_TEMP_9,CPU_USAGE_0,CPU_USAGE_1,CPU_USAGE_2,CPU_USAGE_3,CPU_USAGE_4,CPU_USAGE_5,CPU_USAGE_6,CPU_USAGE_7,SYSTEM_POWER (Watts),TOTAL_MEMORY,TOTAL_SWAP,USED_MEMORY,USED_SWAP
0,1729571445238,3228,3228,3228,3228,3228,3228,3228,3228,65.86163330078125,62.284820556640625,67.20626831054688,67.58412170410156,65.86174774169922,63.526611328125,63.402156829833984,64.63187408447266,64.80809020996094,64.897216796875,100,50,0,33.333335876464844,0,0,0,0,20.927949905395508,17179869184,22548578304,4792713216,21248278528
309,1729571445238,3228,3228,3228,3228,3228,3228,3228,3228,65.86163330078125,62.284820556640625,67.20626831054688,67.58412170410156,65.86174774169922,63.526611328125,63.402156829833984,64.63187408447266,64.80809020996094,64.897216796875,0,50,0,100,0,0,0,0,20.927949905395508,17179869184,22548578304,4794728448,21248278528
307,1729571445548,3228,3228,3228,3228,3228,3228,3228,3228,65.86163330078125,62.284820556640625,67.20626831054688,67.58412170410156,65.86174774169922,63.526611328125,63.402156829833984,64.63187408447266,64.80809020996094,64.897216796875,90,87.09677124023438,96.875,93.54838562011719,96.7741928100586,90.32257843017578,84.375,90.32257843017578,20.927949905395508,17179869184,22548578304,4843503616,21248278528
7,1729571445856,3228,3228,3228,3228,3228,3228,3228,3228,65.40818786621094,62.57722091674805,66.43921661376953,67.05070495605469,66.15245819091797,63.21395492553711,64.560546875,65.71614074707031,66.05918884277344,65.11421966552734,9.67741870880127,10,36.66666793823242,23.33333396911621,35.48387145996094,12.90322494506836,6.6666669845581055,3.22580623626709,20.927949905395508,17179869184,22548578304,4802691072,21248278528
