Delta,Time,CPU_FREQUENCY_0,CPU_FREQUENCY_1,CPU_FREQUENCY_2,CPU_FREQUENCY_3,CPU_FREQUENCY_4,CPU_FREQUENCY_5,CPU_FREQUENCY_6,CPU_FREQUENCY_7,CPU_TEMP_0,CPU_TEMP_1,CPU_TEMP_2,CPU_TEMP_3,CPU_TEMP_4,CPU_TEMP_5,CPU_TEMP_6,CPU_TEMP_7,CPU_TEMP_8,CPU_TEMP_9,CPU_USAGE_0,CPU_USAGE_1,CPU_USAGE_2,CPU_USAGE_3,CPU_USAGE_4,CPU_USAGE_5,CPU_USAGE_6,CPU_USAGE_7,SYSTEM_POWER (Watts),TOTAL_MEMORY,TOTAL_SWAP,USED_MEMORY,USED_SWAP
0,1729579393352,3228,3228,3228,3228,3228,3228,3228,3228,67.66585540771484,63.10145950317383,72.08881378173828,74.73683166503906,70.7616195678711,64.78279113769531,69.43858337402344,68.72166442871094,65.8700180053711,64.70923614501953,0,0,0,66.66667175292969,50,50,0,0,22.687728881835938,17179869184,22548578304,4943020032,21248278528
301,1729579393352,3228,3228,3228,3228,3228,3228,3228,3228,67.66585540771484,63.10145950317383,72.08881378173828,74.73683166503906,70.7616195678711,64.78279113769531,69.43858337402344,68.72166442871094,65.8700180053711,64.70923614501953,50,100,100,NaN,100,NaN,50,0,22.687728881835938,17179869184,22548578304,4945199104,21248278528
309,1729579393653,3228,3228,3228,3228,3228,3228,3228,3228,67.66585540771484,63.10145950317383,72.08881378173828,74.73683166503906,70.7616195678711,64.78279113769531,69.43858337402344,68.72166442871094,65.8700180053711,64.70923614501953,93.33333587646484,93.10344696044922,96.66666412353516,96.66666412353516,96.66666412353516,96.7741928100586,96.66666412353516,96.55171966552734,27.940858840942383,17179869184,22548578304,4991942656,21248278528
9,1729579393963,3228,3228,3228,3228,3228,3228,3228,3228,65.89761352539063,61.84575271606445,68.55229187011719,71.33848571777344,67.64031219482422,63.03743362426758,65.11009216308594,65.74497985839844,65.68928527832031,64.14942169189453,25.80644989013672,19.35483741760254,54.83871078491211,25.80644989013672,41.935482025146484,9.67741870880127,10,12.90322494506836,27.940858840942383,17179869184,22548578304,4958076928,21248278528
