Delta,Time,CPU_FREQUENCY_0,CPU_FREQUENCY_1,CPU_FREQUENCY_2,CPU_FREQUENCY_3,CPU_FREQUENCY_4,CPU_FREQUENCY_5,CPU_FREQUENCY_6,CPU_FREQUENCY_7,CPU_TEMP_0,CPU_TEMP_1,CPU_TEMP_2,CPU_TEMP_3,CPU_TEMP_4,CPU_TEMP_5,CPU_TEMP_6,CPU_TEMP_7,CPU_TEMP_8,CPU_TEMP_9,CPU_USAGE_0,CPU_USAGE_1,CPU_USAGE_2,CPU_USAGE_3,CPU_USAGE_4,CPU_USAGE_5,CPU_USAGE_6,CPU_USAGE_7,SYSTEM_POWER (Watts),TOTAL_MEMORY,TOTAL_SWAP,USED_MEMORY,USED_SWAP
0,1729601328711,3228,3228,3228,3228,3228,3228,3228,3228,61.180877685546875,59.62233352661133,60.73357391357422,61.475502014160156,62.25743865966797,59.86742401123047,59.97990798950195,61.23915481567383,62.56182861328125,61.88233184814453,50,NaN,0,0,0,0,0,0,19.590648651123047,17179869184,22548578304,5609488384,20918173696
304,1729601328711,3228,3228,3228,3228,3228,3228,3228,3228,61.180877685546875,59.62233352661133,60.73357391357422,61.475502014160156,62.25743865966797,59.86742401123047,59.97990798950195,61.23915481567383,62.56182861328125,61.88233184814453,0,0,50,100,0,50,0,0,19.590648651123047,17179869184,22548578304,5610160128,20918173696
7,1729601329016,3228,3228,3228,3228,3228,3228,3228,3228,61.180877685546875,59.62233352661133,60.73357391357422,61.475502014160156,62.25743865966797,59.86742401123047,59.97990798950195,61.23915481567383,62.56182861328125,61.88233184814453,20,19.35483741760254,40,43.33333206176758,23.33333396911621,10,6.45161247253418,0,9.275285720825195,17179869184,22548578304,5660049408,20918173696
