Delta,Time,CPU_FREQUENCY_0,CPU_FREQUENCY_1,CPU_FREQUENCY_2,CPU_FREQUENCY_3,CPU_FREQUENCY_4,CPU_FREQUENCY_5,CPU_FREQUENCY_6,CPU_FREQUENCY_7,CPU_TEMP_0,CPU_TEMP_1,CPU_TEMP_2,CPU_TEMP_3,CPU_TEMP_4,CPU_TEMP_5,CPU_TEMP_6,CPU_TEMP_7,CPU_TEMP_8,CPU_TEMP_9,CPU_USAGE_0,CPU_USAGE_1,CPU_USAGE_2,CPU_USAGE_3,CPU_USAGE_4,CPU_USAGE_5,CPU_USAGE_6,CPU_USAGE_7,SYSTEM_POWER (Watts),TOTAL_MEMORY,TOTAL_SWAP,USED_MEMORY,USED_SWAP
0,1729569843165,3228,3228,3228,3228,3228,3228,3228,3228,60.56169509887695,57.72313690185547,59.772926330566406,60.17821502685547,60.512916564941406,58.79252243041992,58.61249542236328,59.357112884521484,60.78791809082031,60.56657409667969,0,0,66.66667175292969,0,0,0,0,0,5.186339378356934,17179869184,22548578304,5394743296,21248278528
309,1729569843165,3228,3228,3228,3228,3228,3228,3228,3228,60.56169509887695,57.72313690185547,59.772926330566406,60.17821502685547,60.512916564941406,58.79252243041992,58.61249542236328,59.357112884521484,60.78791809082031,60.56657409667969,0,NaN,NaN,100,0,0,0,0,4.796796798706055,17179869184,22548578304,5394743296,21248278528
308,1729569843475,3228,3228,3228,3228,3228,3228,3228,3228,60.56169509887695,57.72313690185547,59.772926330566406,60.17821502685547,60.512916564941406,58.79252243041992,58.61249542236328,59.357112884521484,60.78791809082031,60.56657409667969,59.375,59.375,67.74193572998047,78.125,61.29032516479492,64.51612854003906,58.06451416015625,56.66666793823242,4.796796798706055,17179869184,22548578304,5394743296,21248278528
9,1729569843784,3228,3228,3228,3228,3228,3228,3228,3228,63.052581787109375,60.04977798461914,64.5643539428711,65.67514038085938,64.05601501464844,60.845272064208984,62.49250411987305,63.14239501953125,63.72789001464844,62.43090057373047,20,20,48.3870964050293,17.241378784179688,19.35483741760254,16.129032135009766,16.129032135009766,15.625,4.796796798706055,17179869184,22548578304,5454348288,21248278528
