Delta,Time,CPU_FREQUENCY_0,CPU_FREQUENCY_1,CPU_FREQUENCY_2,CPU_FREQUENCY_3,CPU_FREQUENCY_4,CPU_FREQUENCY_5,CPU_FREQUENCY_6,CPU_FREQUENCY_7,CPU_TEMP_0,CPU_TEMP_1,CPU_TEMP_2,CPU_TEMP_3,CPU_TEMP_4,CPU_TEMP_5,CPU_TEMP_6,CPU_TEMP_7,CPU_TEMP_8,CPU_TEMP_9,CPU_USAGE_0,CPU_USAGE_1,CPU_USAGE_2,CPU_USAGE_3,CPU_USAGE_4,CPU_USAGE_5,CPU_USAGE_6,CPU_USAGE_7,SYSTEM_POWER (Watts),TOTAL_MEMORY,TOTAL_SWAP,USED_MEMORY,USED_SWAP
0,1729550427403,3228,3228,3228,3228,3228,3228,3228,3228,68.85233306884766,65.42224884033203,73.285400390625,74.57604217529297,71.52507781982422,66.84578704833984,72.67138671875,71.25837707519531,68.08684539794922,67.4187240600586,0,0,50,0,0,0,0,0,10.827662467956543,17179869184,21474836480,5106778112,20766916608
307,1729550427403,3228,3228,3228,3228,3228,3228,3228,3228,68.85233306884766,65.42224884033203,73.285400390625,74.57604217529297,71.52507781982422,66.84578704833984,72.67138671875,71.25837707519531,68.08684539794922,67.4187240600586,0,0,0,NaN,0,NaN,0,0,10.827662467956543,17179869184,21474836480,5110235136,20766916608
309,1729550427711,3228,3228,3228,3228,3228,3228,3228,3228,68.85233306884766,65.42224884033203,73.285400390625,74.57604217529297,71.52507781982422,66.84578704833984,72.67138671875,71.25837707519531,68.08684539794922,67.4187240600586,33.333335876464844,25.80644989013672,61.29032516479492,70.96774291992188,55.17241287231445,51.61289978027344,50,48.3870964050293,10.827662467956543,17179869184,21474836480,6448627712,20766916608
11,1729550428021,3228,3228,3228,3228,3228,3228,3228,3228,68.85233306884766,65.42224884033203,73.285400390625,74.57604217529297,71.52507781982422,66.84578704833984,72.67138671875,71.25837707519531,68.08684539794922,67.4187240600586,16.129032135009766,10,50,43.75,38.70967483520508,40.625,33.333335876464844,30.000001907348633,25.157482147216797,17179869184,21474836480,5455364096,20766916608
