Delta,Time,CPU_FREQUENCY_0,CPU_FREQUENCY_1,CPU_FREQUENCY_2,CPU_FREQUENCY_3,CPU_FREQUENCY_4,CPU_FREQUENCY_5,CPU_FREQUENCY_6,CPU_FREQUENCY_7,CPU_TEMP_0,CPU_TEMP_1,CPU_TEMP_2,CPU_TEMP_3,CPU_TEMP_4,CPU_TEMP_5,CPU_TEMP_6,CPU_TEMP_7,CPU_TEMP_8,CPU_TEMP_9,CPU_USAGE_0,CPU_USAGE_1,CPU_USAGE_2,CPU_USAGE_3,CPU_USAGE_4,CPU_USAGE_5,CPU_USAGE_6,CPU_USAGE_7,SYSTEM_POWER (Watts),TOTAL_MEMORY,TOTAL_SWAP,USED_MEMORY,USED_SWAP
0,1729593543366,3228,3228,3228,3228,3228,3228,3228,3228,70.66763305664063,67.6974868774414,76.82858276367188,78.5862808227539,74.67826843261719,68.88742065429688,75.58486938476563,76.71498107910156,71.19252014160156,68.99388885498047,0,0,66.66667175292969,0,100,100,100,NaN,5.053700923919678,17179869184,22548578304,4202954752,21060845568
302,1729593543366,3228,3228,3228,3228,3228,3228,3228,3228,70.66763305664063,67.6974868774414,76.82858276367188,78.5862808227539,74.67826843261719,68.88742065429688,75.58486938476563,76.71498107910156,71.19252014160156,68.99388885498047,100,NaN,NaN,100,NaN,100,50,100,5.053700923919678,17179869184,22548578304,4207296512,21060845568
7,1729593543669,3228,3228,3228,3228,3228,3228,3228,3228,70.66763305664063,67.6974868774414,76.82858276367188,78.5862808227539,74.67826843261719,68.88742065429688,75.58486938476563,76.71498107910156,71.19252014160156,68.99388885498047,30.000001907348633,23.33333396911621,89.6551742553711,76.66666412353516,73.33333587646484,46.66666793823242,36.66666793823242,22.580644607543945,5.053700923919678,17179869184,22548578304,4213669888,21060845568
