Delta,Time,CPU_FREQUENCY_0,CPU_FREQUENCY_1,CPU_FREQUENCY_2,CPU_FREQUENCY_3,CPU_FREQUENCY_4,CPU_FREQUENCY_5,CPU_FREQUENCY_6,CPU_FREQUENCY_7,CPU_TEMP_0,CPU_TEMP_1,CPU_TEMP_2,CPU_TEMP_3,CPU_TEMP_4,CPU_TEMP_5,CPU_TEMP_6,CPU_TEMP_7,CPU_TEMP_8,CPU_TEMP_9,CPU_USAGE_0,CPU_USAGE_1,CPU_USAGE_2,CPU_USAGE_3,CPU_USAGE_4,CPU_USAGE_5,CPU_USAGE_6,CPU_USAGE_7,SYSTEM_POWER (Watts),TOTAL_MEMORY,TOTAL_SWAP,USED_MEMORY,USED_SWAP
0,1729537130024,3228,3228,3228,3228,3228,3228,3228,3228,65.00228118896484,59.07713317871094,69.88031005859375,70.74053192138672,68.4743881225586,62.30900192260742,63.825218200683594,63.98374938964844,62.31431198120117,62.05598449707031,50,0,100,0,0,NaN,100,100,17.482542037963867,17179869184,20401094656,7260258304,19915210752
300,1729537130024,3228,3228,3228,3228,3228,3228,3228,3228,65.00228118896484,59.07713317871094,69.88031005859375,70.74053192138672,68.4743881225586,62.30900192260742,63.825218200683594,63.98374938964844,62.31431198120117,62.05598449707031,0,0,NaN,100,100,50,NaN,100,17.482542037963867,17179869184,20401094656,7264534528,19915210752
9,1729537130324,3228,3228,3228,3228,3228,3228,3228,3228,65.00228118896484,59.07713317871094,69.88031005859375,70.74053192138672,68.4743881225586,62.30900192260742,63.825218200683594,63.98374938964844,62.31431198120117,62.05598449707031,36.66666793823242,33.333335876464844,90.32257843017578,86.66666412353516,82.75862121582031,82.75862121582031,72.41378784179688,58.620689392089844,17.482542037963867,17179869184,20401094656,7264534528,19915210752
