Delta,Time,CPU_FREQUENCY_0,CPU_FREQUENCY_1,CPU_FREQUENCY_2,CPU_FREQUENCY_3,CPU_FREQUENCY_4,CPU_FREQUENCY_5,CPU_FREQUENCY_6,CPU_FREQUENCY_7,CPU_TEMP_0,CPU_TEMP_1,CPU_TEMP_2,CPU_TEMP_3,CPU_TEMP_4,CPU_TEMP_5,CPU_TEMP_6,CPU_TEMP_7,CPU_TEMP_8,CPU_TEMP_9,CPU_USAGE_0,CPU_USAGE_1,CPU_USAGE_2,CPU_USAGE_3,CPU_USAGE_4,CPU_USAGE_5,CPU_USAGE_6,CPU_USAGE_7,SYSTEM_POWER (Watts),TOTAL_MEMORY,TOTAL_SWAP,USED_MEMORY,USED_SWAP
0,1729548689573,3228,3228,3228,3228,3228,3228,3228,3228,63.73897933959961,58.935508728027344,68.25784301757813,69.75768280029297,65.95567321777344,61.639869689941406,64.0844955444336,63.28038787841797,61.418575286865234,61.35901641845703,NaN,NaN,100,100,100,100,0,50,10.517484664916992,17179869184,21474836480,6654771200,20766916608
309,1729548689573,3228,3228,3228,3228,3228,3228,3228,3228,63.73897933959961,58.935508728027344,68.25784301757813,69.75768280029297,65.95567321777344,61.639869689941406,64.0844955444336,63.28038787841797,61.418575286865234,61.35901641845703,0,0,100,100,NaN,100,100,0,10.517484664916992,17179869184,21474836480,6658850816,20766916608
8,1729548689884,3228,3228,3228,3228,3228,3228,3228,3228,63.73897933959961,58.935508728027344,68.25784301757813,69.75768280029297,65.95567321777344,61.639869689941406,64.0844955444336,63.28038787841797,61.418575286865234,61.35901641845703,22.580644607543945,22.580644607543945,90.32257843017578,83.87096405029297,77.41934967041016,74.19355010986328,38.70967483520508,22.580644607543945,23.946151733398438,17179869184,21474836480,6673858560,20766916608
