Delta,Time,CPU_FREQUENCY_0,CPU_FREQUENCY_1,CPU_FREQUENCY_2,CPU_FREQUENCY_3,CPU_FREQUENCY_4,CPU_FREQUENCY_5,CPU_FREQUENCY_6,CPU_FREQUENCY_7,CPU_TEMP_0,CPU_TEMP_1,CPU_TEMP_2,CPU_TEMP_3,CPU_TEMP_4,CPU_TEMP_5,CPU_TEMP_6,CPU_TEMP_7,CPU_TEMP_8,CPU_TEMP_9,CPU_USAGE_0,CPU_USAGE_1,CPU_USAGE_2,CPU_USAGE_3,CPU_USAGE_4,CPU_USAGE_5,CPU_USAGE_6,CPU_USAGE_7,SYSTEM_POWER (Watts),TOTAL_MEMORY,TOTAL_SWAP,USED_MEMORY,USED_SWAP
0,1729530525150,3228,3228,3228,3228,3228,3228,3228,3228,65.25404357910156,60.16728973388672,69.20759582519531,70.97538757324219,67.99910736083984,62.9587287902832,65.52529907226563,65.1808090209961,63.2818489074707,62.5728759765625,0,0,100,50,0,100,100,50,4.92479944229126,17179869184,16106127360,10865934336,15354036224
303,1729530525150,3228,3228,3228,3228,3228,3228,3228,3228,65.25404357910156,60.16728973388672,69.20759582519531,70.97538757324219,67.99910736083984,62.9587287902832,65.52529907226563,65.1808090209961,63.2818489074707,62.5728759765625,50,50,NaN,NaN,100,100,100,NaN,4.92479944229126,17179869184,16106127360,10868523008,15354036224
304,1729530525454,3228,3228,3228,3228,3228,3228,3228,3228,65.25404357910156,60.16728973388672,69.20759582519531,70.97538757324219,67.99910736083984,62.9587287902832,65.52529907226563,65.1808090209961,63.2818489074707,62.5728759765625,96.66666412353516,96.66666412353516,96.7741928100586,100,100,96.7741928100586,100,96.66666412353516,8.430542945861816,17179869184,16106127360,10930257920,15354036224
304,1729530525759,3228,3228,3228,3228,3228,3228,3228,3228,65.25404357910156,60.16728973388672,69.20759582519531,70.97538757324219,67.99910736083984,62.9587287902832,65.52529907226563,65.1808090209961,63.2818489074707,62.5728759765625,26.666667938232422,26.666667938232422,90,83.87096405029297,90.32257843017578,66.66667175292969,45.16128921508789,53.333335876464844,8.430542945861816,17179869184,16106127360,10945691648,15354036224
9,1729530526064,3228,3228,3228,3228,3228,3228,3228,3228,69.2098388671875,65.4289779663086,74.0350112915039,76.68346405029297,73.20923614501953,67.25394439697266,72.77162170410156,72.44685363769531,69.6912841796875,66.97396087646484,25.80644989013672,22.580644607543945,66.66667175292969,44.82758712768555,43.33333206176758,19.35483741760254,9.375,3.22580623626709,8.430542945861816,17179869184,16106127360,10882875392,15354036224
