Delta,Time,CPU_FREQUENCY_0,CPU_FREQUENCY_1,CPU_FREQUENCY_2,CPU_FREQUENCY_3,CPU_FREQUENCY_4,CPU_FREQUENCY_5,CPU_FREQUENCY_6,CPU_FREQUENCY_7,CPU_TEMP_0,CPU_TEMP_1,CPU_TEMP_2,CPU_TEMP_3,CPU_TEMP_4,CPU_TEMP_5,CPU_TEMP_6,CPU_TEMP_7,CPU_TEMP_8,CPU_TEMP_9,CPU_USAGE_0,CPU_USAGE_1,CPU_USAGE_2,CPU_USAGE_3,CPU_USAGE_4,CPU_USAGE_5,CPU_USAGE_6,CPU_USAGE_7,SYSTEM_POWER (Watts),TOTAL_MEMORY,TOTAL_SWAP,USED_MEMORY,USED_SWAP
0,1729594365094,3228,3228,3228,3228,3228,3228,3228,3228,64.4927749633789,62.00593185424805,63.343101501464844,63.83051300048828,64.4204330444336,62.65816879272461,62.62242126464844,63.76763153076172,64.99299621582031,64.21145629882813,50,0,100,100,NaN,100,100,0,4.843729019165039,17179869184,22548578304,4280565760,20976959488
301,1729594365094,3228,3228,3228,3228,3228,3228,3228,3228,64.4927749633789,62.00593185424805,63.343101501464844,63.83051300048828,64.4204330444336,62.65816879272461,62.62242126464844,63.76763153076172,64.99299621582031,64.21145629882813,0,0,100,66.66667175292969,50,0,50,50,4.843729019165039,17179869184,22548578304,4286562304,20976959488
303,1729594365396,3228,3228,3228,3228,3228,3228,3228,3228,71.79795837402344,67.39031219482422,77.1268081665039,78.95004272460938,75.19744110107422,69.39088439941406,74.3590087890625,75.30999755859375,71.02354431152344,68.83440399169922,83.33332824707031,87.09677124023438,100,100,96.66666412353516,96.7741928100586,93.33333587646484,93.10344696044922,4.843729019165039,17179869184,22548578304,6833209344,20976959488
10,1729594365700,3228,3228,3228,3228,3228,3228,3228,3228,71.79795837402344,67.39031219482422,77.1268081665039,78.95004272460938,75.19744110107422,69.39088439941406,74.3590087890625,75.30999755859375,71.02354431152344,68.83440399169922,40,40,83.87096405029297,83.87096405029297,90,65.51724243164063,61.29032516479492,60.000003814697266,4.843729019165039,17179869184,22548578304,4337008640,20976959488
