Delta,Time,CPU_FREQUENCY_0,CPU_FREQUENCY_1,CPU_FREQUENCY_2,CPU_FREQUENCY_3,CPU_FREQUENCY_4,CPU_FREQUENCY_5,CPU_FREQUENCY_6,CPU_FREQUENCY_7,CPU_TEMP_0,CPU_TEMP_1,CPU_TEMP_2,CPU_TEMP_3,CPU_TEMP_4,CPU_TEMP_5,CPU_TEMP_6,CPU_TEMP_7,CPU_TEMP_8,CPU_TEMP_9,CPU_USAGE_0,CPU_USAGE_1,CPU_USAGE_2,CPU_USAGE_3,CPU_USAGE_4,CPU_USAGE_5,CPU_USAGE_6,CPU_USAGE_7,SYSTEM_POWER (Watts),TOTAL_MEMORY,TOTAL_SWAP,USED_MEMORY,USED_SWAP
0,1729535862483,3228,3228,3228,3228,3228,3228,3228,3228,64.6563491821289,60.146888732910156,69.2369384765625,71.28147888183594,67.83779907226563,62.94464111328125,64.68220520019531,63.426361083984375,63.1219482421875,62.39326477050781,0,0,0,0,0,0,0,0,24.043163299560547,17179869184,20401094656,5579767808,19923599360
308,1729535862484,3228,3228,3228,3228,3228,3228,3228,3228,64.6563491821289,60.146888732910156,69.2369384765625,71.28147888183594,67.83779907226563,62.94464111328125,64.68220520019531,63.426361083984375,63.1219482421875,62.39326477050781,0,0,NaN,100,0,0,0,0,24.043163299560547,17179869184,20401094656,5582487552,19923599360
12,1729535862793,3228,3228,3228,3228,3228,3228,3228,3228,64.6563491821289,60.146888732910156,69.2369384765625,71.28147888183594,67.83779907226563,62.94464111328125,64.68220520019531,63.426361083984375,63.1219482421875,62.39326477050781,13.333333969116211,12.90322494506836,93.54838562011719,86.66666412353516,89.6551742553711,90,40,20,24.043163299560547,17179869184,20401094656,5582487552,19923599360
