Delta,Time,CPU_FREQUENCY_0,CPU_FREQUENCY_1,CPU_FREQUENCY_2,CPU_FREQUENCY_3,CPU_FREQUENCY_4,CPU_FREQUENCY_5,CPU_FREQUENCY_6,CPU_FREQUENCY_7,CPU_TEMP_0,CPU_TEMP_1,CPU_TEMP_2,CPU_TEMP_3,CPU_TEMP_4,CPU_TEMP_5,CPU_TEMP_6,CPU_TEMP_7,CPU_TEMP_8,CPU_TEMP_9,CPU_USAGE_0,CPU_USAGE_1,CPU_USAGE_2,CPU_USAGE_3,CPU_USAGE_4,CPU_USAGE_5,CPU_USAGE_6,CPU_USAGE_7,SYSTEM_POWER (Watts),TOTAL_MEMORY,TOTAL_SWAP,USED_MEMORY,USED_SWAP
0,1729572175680,3228,3228,3228,3228,3228,3228,3228,3228,67.41183471679688,62.6945915222168,70.17139434814453,69.86373901367188,68.12094116210938,64.8088607788086,64.24024200439453,64.96209716796875,64.80573272705078,64.9330062866211,0,0,50,0,0,0,0,0,20.846946716308594,17179869184,22548578304,5689098240,21248278528
306,1729572175680,3228,3228,3228,3228,3228,3228,3228,3228,67.41183471679688,62.6945915222168,70.17139434814453,69.86373901367188,68.12094116210938,64.8088607788086,64.24024200439453,64.96209716796875,64.80573272705078,64.9330062866211,100,0,NaN,50,50,0,0,0,20.846946716308594,17179869184,22548578304,5691899904,21248278528
307,1729572175986,3228,3228,3228,3228,3228,3228,3228,3228,63.757789611816406,60.989322662353516,63.122528076171875,63.93840789794922,63.07232666015625,61.309547424316406,61.5854377746582,62.29379653930664,63.378604888916016,63.22431182861328,90.32257843017578,93.33333587646484,93.33333587646484,93.33333587646484,96.55171966552734,90,90.32257843017578,90.32257843017578,20.846946716308594,17179869184,22548578304,5737381888,21248278528
9,1729572176294,3228,3228,3228,3228,3228,3228,3228,3228,63.757789611816406,60.989322662353516,63.122528076171875,63.93840789794922,63.07232666015625,61.309547424316406,61.5854377746582,62.29379653930664,63.378604888916016,63.22431182861328,22.580644607543945,13.333333969116211,53.125,41.935482025146484,16.129032135009766,19.35483741760254,6.6666669845581055,6.25,11.195947647094727,17179869184,22548578304,5704155136,21248278528
