Delta,Time,CPU_FREQUENCY_0,CPU_FREQUENCY_1,CPU_FREQUENCY_2,CPU_FREQUENCY_3,CPU_FREQUENCY_4,CPU_FREQUENCY_5,CPU_FREQUENCY_6,CPU_FREQUENCY_7,CPU_TEMP_0,CPU_TEMP_1,CPU_TEMP_2,CPU_TEMP_3,CPU_TEMP_4,CPU_TEMP_5,CPU_TEMP_6,CPU_TEMP_7,CPU_TEMP_8,CPU_TEMP_9,CPU_USAGE_0,CPU_USAGE_1,CPU_USAGE_2,CPU_USAGE_3,CPU_USAGE_4,CPU_USAGE_5,CPU_USAGE_6,CPU_USAGE_7,SYSTEM_POWER (Watts),TOTAL_MEMORY,TOTAL_SWAP,USED_MEMORY,USED_SWAP
0,1729575455933,3228,3228,3228,3228,3228,3228,3228,3228,63.677528381347656,60.632652282714844,62.41576385498047,63.68239212036133,63.23321533203125,61.90707015991211,61.795955657958984,62.85804748535156,63.60074996948242,62.87493896484375,0,0,0,0,0,0,0,0,8.219560623168945,17179869184,22548578304,4722147328,21248278528
309,1729575455934,3228,3228,3228,3228,3228,3228,3228,3228,63.677528381347656,60.632652282714844,62.41576385498047,63.68239212036133,63.23321533203125,61.90707015991211,61.795955657958984,62.85804748535156,63.60074996948242,62.87493896484375,50,0,100,0,NaN,0,NaN,NaN,8.219560623168945,17179869184,22548578304,4722802688,21248278528
308,1729575456243,3228,3228,3228,3228,3228,3228,3228,3228,63.677528381347656,60.632652282714844,62.41576385498047,63.68239212036133,63.23321533203125,61.90707015991211,61.795955657958984,62.85804748535156,63.60074996948242,62.87493896484375,36.66666793823242,30.000001907348633,66.66667175292969,76.66666412353516,59.375,56.66666793823242,54.83871078491211,54.83871078491211,8.219560623168945,17179869184,22548578304,5943214080,21248278528
11,1729575456552,3228,3228,3228,3228,3228,3228,3228,3228,63.677528381347656,60.632652282714844,62.41576385498047,63.68239212036133,63.23321533203125,61.90707015991211,61.795955657958984,62.85804748535156,63.60074996948242,62.87493896484375,20,16.129032135009766,50,51.61289978027344,38.70967483520508,37.5,29.032257080078125,26.666667938232422,4.810091972351074,17179869184,22548578304,4910415872,21248278528
