Delta,Time,CPU_FREQUENCY_0,CPU_FREQUENCY_1,CPU_FREQUENCY_2,CPU_FREQUENCY_3,CPU_FREQUENCY_4,CPU_FREQUENCY_5,CPU_FREQUENCY_6,CPU_FREQUENCY_7,CPU_TEMP_0,CPU_TEMP_1,CPU_TEMP_2,CPU_TEMP_3,CPU_TEMP_4,CPU_TEMP_5,CPU_TEMP_6,CPU_TEMP_7,CPU_TEMP_8,CPU_TEMP_9,CPU_USAGE_0,CPU_USAGE_1,CPU_USAGE_2,CPU_USAGE_3,CPU_USAGE_4,CPU_USAGE_5,CPU_USAGE_6,CPU_USAGE_7,SYSTEM_POWER (Watts),TOTAL_MEMORY,TOTAL_SWAP,USED_MEMORY,USED_SWAP
0,1729576015929,3228,3228,3228,3228,3228,3228,3228,3228,61.20268249511719,58.62529373168945,59.588592529296875,61.27387619018555,61.29096984863281,59.67646408081055,59.41547775268555,60.03282165527344,60.69563674926758,60.659454345703125,50,50,0,0,0,0,0,0,4.997467517852783,17179869184,22548578304,5098307584,21248278528
306,1729576015929,3228,3228,3228,3228,3228,3228,3228,3228,61.20268249511719,58.62529373168945,59.588592529296875,61.27387619018555,61.29096984863281,59.67646408081055,59.41547775268555,60.03282165527344,60.69563674926758,60.659454345703125,0,0,50,0,50,100,0,0,4.997467517852783,17179869184,22548578304,5098307584,21248278528
305,1729576016235,3228,3228,3228,3228,3228,3228,3228,3228,61.20268249511719,58.62529373168945,59.588592529296875,61.27387619018555,61.29096984863281,59.67646408081055,59.41547775268555,60.03282165527344,60.69563674926758,60.659454345703125,73.33333587646484,73.33333587646484,93.33333587646484,83.33332824707031,90,81.25,80,80.6451644897461,4.997467517852783,17179869184,22548578304,5098307584,21248278528
7,1729576016541,3228,3228,3228,3228,3228,3228,3228,3228,61.20268249511719,58.62529373168945,59.588592529296875,61.27387619018555,61.29096984863281,59.67646408081055,59.41547775268555,60.03282165527344,60.69563674926758,60.659454345703125,25.80644989013672,30.000001907348633,80,83.87096405029297,80,62.06896209716797,41.935482025146484,31.034481048583984,4.654001235961914,17179869184,22548578304,5110956032,21248278528
