Delta,Time,CPU_FREQUENCY_0,CPU_FREQUENCY_1,CPU_FREQUENCY_2,CPU_FREQUENCY_3,CPU_FREQUENCY_4,CPU_FREQUENCY_5,CPU_FREQUENCY_6,CPU_FREQUENCY_7,CPU_TEMP_0,CPU_TEMP_1,CPU_TEMP_2,CPU_TEMP_3,CPU_TEMP_4,CPU_TEMP_5,CPU_TEMP_6,CPU_TEMP_7,CPU_TEMP_8,CPU_TEMP_9,CPU_USAGE_0,CPU_USAGE_1,CPU_USAGE_2,CPU_USAGE_3,CPU_USAGE_4,CPU_USAGE_5,CPU_USAGE_6,CPU_USAGE_7,SYSTEM_POWER (Watts),TOTAL_MEMORY,TOTAL_SWAP,USED_MEMORY,USED_SWAP
0,1729546705471,3228,3228,3228,3228,3228,3228,3228,3228,64.64137268066406,60.79282760620117,68.73261260986328,70.38336181640625,67.6501235961914,62.727821350097656,66.27149963378906,66.64285278320313,64.47632598876953,63.00645446777344,0,NaN,100,100,NaN,100,NaN,NaN,5.087942123413086,17179869184,21474836480,7309475840,20243677184
307,1729546705471,3228,3228,3228,3228,3228,3228,3228,3228,64.64137268066406,60.79282760620117,68.73261260986328,70.38336181640625,67.6501235961914,62.727821350097656,66.27149963378906,66.64285278320313,64.47632598876953,63.00645446777344,NaN,50,100,50,100,NaN,100,100,5.087942123413086,17179869184,21474836480,7312211968,20243677184
308,1729546705779,3228,3228,3228,3228,3228,3228,3228,3228,64.64137268066406,60.79282760620117,68.73261260986328,70.38336181640625,67.6501235961914,62.727821350097656,66.27149963378906,66.64285278320313,64.47632598876953,63.00645446777344,96.7741928100586,96.7741928100586,100,100,100,100,100,96.875,10.579380989074707,17179869184,21474836480,7365541888,20243677184
309,1729546706087,3228,3228,3228,3228,3228,3228,3228,3228,64.64137268066406,60.79282760620117,68.73261260986328,70.38336181640625,67.6501235961914,62.727821350097656,66.27149963378906,66.64285278320313,64.47632598876953,63.00645446777344,35.48387145996094,32.25806427001953,96.7741928100586,96.7741928100586,96.7741928100586,100,96.7741928100586,96.7741928100586,10.579380989074707,17179869184,21474836480,7363690496,20243677184
10,1729546706397,3228,3228,3228,3228,3228,3228,3228,3228,67.42021942138672,65.83817291259766,72.7545394897461,74.63062286376953,71.32926940917969,66.02147674560547,73.54263305664063,74.49610900878906,71.47303771972656,67.4476089477539,23.33333396911621,26.666667938232422,90.32257843017578,96.66666412353516,86.20689392089844,90.32257843017578,74.19355010986328,41.379310607910156,10.579380989074707,17179869184,21474836480,7332102144,20243677184
