Delta,Time,CPU_FREQUENCY_0,CPU_FREQUENCY_1,CPU_FREQUENCY_2,CPU_FREQUENCY_3,CPU_FREQUENCY_4,CPU_FREQUENCY_5,CPU_FREQUENCY_6,CPU_FREQUENCY_7,CPU_TEMP_0,CPU_TEMP_1,CPU_TEMP_2,CPU_TEMP_3,CPU_TEMP_4,CPU_TEMP_5,CPU_TEMP_6,CPU_TEMP_7,CPU_TEMP_8,CPU_TEMP_9,CPU_USAGE_0,CPU_USAGE_1,CPU_USAGE_2,CPU_USAGE_3,CPU_USAGE_4,CPU_USAGE_5,CPU_USAGE_6,CPU_USAGE_7,SYSTEM_POWER (Watts),TOTAL_MEMORY,TOTAL_SWAP,USED_MEMORY,USED_SWAP
0,1729556115239,3228,3228,3228,3228,3228,3228,3228,3228,68.48444366455078,64.50782775878906,71.79377746582031,73.0243911743164,70.6094741821289,66.1600112915039,69.90087890625,69.21794128417969,66.6798095703125,65.68412780761719,33.333335876464844,0,50,0,0,0,0,0,22.449771881103516,17179869184,22548578304,4046585856,21357330432
309,1729556115239,3228,3228,3228,3228,3228,3228,3228,3228,68.48444366455078,64.50782775878906,71.79377746582031,73.0243911743164,70.6094741821289,66.1600112915039,69.90087890625,69.21794128417969,66.6798095703125,65.68412780761719,NaN,0,0,100,NaN,0,0,0,22.449771881103516,17179869184,22548578304,4046585856,21357330432
309,1729556115549,3228,3228,3228,3228,3228,3228,3228,3228,66.30364227294922,63.252498626708984,67.71432495117188,68.89871978759766,68.1877212524414,64.24594116210938,66.60882568359375,66.90196228027344,66.39599609375,64.72828674316406,87.09677124023438,90,96.7741928100586,96.7741928100586,90.32257843017578,93.33333587646484,87.5,90.32257843017578,22.449771881103516,17179869184,22548578304,4046585856,21357330432
8,1729556115859,3228,3228,3228,3228,3228,3228,3228,3228,66.30364227294922,63.252498626708984,67.71432495117188,68.89871978759766,68.1877212524414,64.24594116210938,66.60882568359375,66.90196228027344,66.39599609375,64.72828674316406,16.666667938232422,16.129032135009766,90,66.66667175292969,64.51612854003906,61.29032516479492,38.70967483520508,16.129032135009766,13.451337814331055,17179869184,22548578304,4055302144,21357330432
