Delta,Time,CPU_FREQUENCY_0,CPU_FREQUENCY_1,CPU_FREQUENCY_2,CPU_FREQUENCY_3,CPU_FREQUENCY_4,CPU_FREQUENCY_5,CPU_FREQUENCY_6,CPU_FREQUENCY_7,CPU_TEMP_0,CPU_TEMP_1,CPU_TEMP_2,CPU_TEMP_3,CPU_TEMP_4,CPU_TEMP_5,CPU_TEMP_6,CPU_TEMP_7,CPU_TEMP_8,CPU_TEMP_9,CPU_USAGE_0,CPU_USAGE_1,CPU_USAGE_2,CPU_USAGE_3,CPU_USAGE_4,CPU_USAGE_5,CPU_USAGE_6,CPU_USAGE_7,SYSTEM_POWER (Watts),TOTAL_MEMORY,TOTAL_SWAP,USED_MEMORY,USED_SWAP
0,1729542526044,3228,3228,3228,3228,3228,3228,3228,3228,65.84463500976563,61.90802001953125,71.1911849975586,72.87701416015625,68.21892547607422,64.6462173461914,68.61970520019531,67.78224182128906,65.9671630859375,63.53514099121094,NaN,100,100,0,0,0,0,0,14.122593879699707,17179869184,21474836480,5112446976,20369506304
309,1729542526044,3228,3228,3228,3228,3228,3228,3228,3228,65.84463500976563,61.90802001953125,71.1911849975586,72.87701416015625,68.21892547607422,64.6462173461914,68.61970520019531,67.78224182128906,65.9671630859375,63.53514099121094,100,100,0,NaN,100,NaN,0,0,14.122593879699707,17179869184,21474836480,5117984768,20369506304
309,1729542526354,3228,3228,3228,3228,3228,3228,3228,3228,65.33934783935547,61.9966926574707,68.27484130859375,69.8692398071289,66.71449279785156,64.29134368896484,66.98541259765625,66.40274047851563,65.85380554199219,64.05345916748047,100,96.7741928100586,93.54838562011719,93.93939208984375,90.32257843017578,90,93.33333587646484,90.32257843017578,14.122593879699707,17179869184,21474836480,5217484800,20369506304
307,1729542526664,3228,3228,3228,3228,3228,3228,3228,3228,65.33934783935547,61.9966926574707,68.27484130859375,69.8692398071289,66.71449279785156,64.29134368896484,66.98541259765625,66.40274047851563,65.85380554199219,64.05345916748047,70.96774291992188,64.51612854003906,96.66666412353516,96.55171966552734,96.66666412353516,96.875,93.75,93.33333587646484,25.346189498901367,17179869184,21474836480,5422678016,20369506304
9,1729542526971,3228,3228,3228,3228,3228,3228,3228,3228,65.33934783935547,61.9966926574707,68.27484130859375,69.8692398071289,66.71449279785156,64.29134368896484,66.98541259765625,66.40274047851563,65.85380554199219,64.05345916748047,50,50,87.09677124023438,70.96774291992188,60.000003814697266,73.33333587646484,72.41378784179688,54.83871078491211,25.346189498901367,17179869184,21474836480,5429788672,20369506304
