Delta,Time,CPU_FREQUENCY_0,CPU_FREQUENCY_1,CPU_FREQUENCY_2,CPU_FREQUENCY_3,CPU_FREQUENCY_4,CPU_FREQUENCY_5,CPU_FREQUENCY_6,CPU_FREQUENCY_7,CPU_TEMP_0,CPU_TEMP_1,CPU_TEMP_2,CPU_TEMP_3,CPU_TEMP_4,CPU_TEMP_5,CPU_TEMP_6,CPU_TEMP_7,CPU_TEMP_8,CPU_TEMP_9,CPU_USAGE_0,CPU_USAGE_1,CPU_USAGE_2,CPU_USAGE_3,CPU_USAGE_4,CPU_USAGE_5,CPU_USAGE_6,CPU_USAGE_7,SYSTEM_POWER (Watts),TOTAL_MEMORY,TOTAL_SWAP,USED_MEMORY,USED_SWAP
0,1729572084552,3228,3228,3228,3228,3228,3228,3228,3228,65.89450073242188,62.138858795166016,69.01222229003906,68.50662231445313,66.86750030517578,63.45492172241211,63.61304473876953,64.30406188964844,64.4000473022461,64.57687377929688,0,0,0,0,0,0,0,0,19.404956817626953,17179869184,22548578304,4883529728,21248278528
309,1729572084552,3228,3228,3228,3228,3228,3228,3228,3228,65.89450073242188,62.138858795166016,69.01222229003906,68.50662231445313,66.86750030517578,63.45492172241211,63.61304473876953,64.30406188964844,64.4000473022461,64.57687377929688,0,0,0,0,50,0,0,0,19.404956817626953,17179869184,22548578304,4883529728,21248278528
9,1729572084862,3228,3228,3228,3228,3228,3228,3228,3228,63.18351745605469,60.69584274291992,62.560218811035156,63.44823455810547,63.35565948486328,60.942832946777344,61.297813415527344,62.04026794433594,63.039466857910156,63.13525390625,22.580644607543945,25.80644989013672,41.935482025146484,34.375,22.580644607543945,16.129032135009766,3.3333334922790527,3.22580623626709,19.404956817626953,17179869184,22548578304,4883529728,21248278528
