Delta,Time,CPU_FREQUENCY_0,CPU_FREQUENCY_1,CPU_FREQUENCY_2,CPU_FREQUENCY_3,CPU_FREQUENCY_4,CPU_FREQUENCY_5,CPU_FREQUENCY_6,CPU_FREQUENCY_7,CPU_TEMP_0,CPU_TEMP_1,CPU_TEMP_2,CPU_TEMP_3,CPU_TEMP_4,CPU_TEMP_5,CPU_TEMP_6,CPU_TEMP_7,CPU_TEMP_8,CPU_TEMP_9,CPU_USAGE_0,CPU_USAGE_1,CPU_USAGE_2,CPU_USAGE_3,CPU_USAGE_4,CPU_USAGE_5,CPU_USAGE_6,CPU_USAGE_7,SYSTEM_POWER (Watts),TOTAL_MEMORY,TOTAL_SWAP,USED_MEMORY,USED_SWAP
0,1729548957101,3228,3228,3228,3228,3228,3228,3228,3228,63.70802688598633,61.840728759765625,62.712799072265625,63.90201187133789,64.41058349609375,62.727577209472656,63.26320266723633,62.424827575683594,64.33851623535156,64.40068817138672,NaN,0,50,0,0,0,0,0,4.690318584442139,17179869184,21474836480,6195118080,20766916608
309,1729548957101,3228,3228,3228,3228,3228,3228,3228,3228,63.70802688598633,61.840728759765625,62.712799072265625,63.90201187133789,64.41058349609375,62.727577209472656,63.26320266723633,62.424827575683594,64.33851623535156,64.40068817138672,0,50,0,100,0,0,0,0,4.690318584442139,17179869184,21474836480,6197854208,20766916608
305,1729548957411,3228,3228,3228,3228,3228,3228,3228,3228,64.07574462890625,61.872318267822266,63.48523712158203,64.79068756103516,64.86017608642578,62.8946533203125,63.67455291748047,62.919586181640625,64.72734069824219,64.31190490722656,93.75,93.54838562011719,96.7741928100586,96.7741928100586,93.54838562011719,96.7741928100586,93.33333587646484,93.54838562011719,4.690318584442139,17179869184,21474836480,6280118272,20766916608
9,1729548957716,3228,3228,3228,3228,3228,3228,3228,3228,64.07574462890625,61.872318267822266,63.48523712158203,64.79068756103516,64.86017608642578,62.8946533203125,63.67455291748047,62.919586181640625,64.72734069824219,64.31190490722656,23.33333396911621,27.586206436157227,93.33333587646484,93.33333587646484,80.6451644897461,53.333335876464844,41.935482025146484,38.70967483520508,5.075864315032959,17179869184,21474836480,6229688320,20766916608
