Delta,Time,CPU_FREQUENCY_0,CPU_FREQUENCY_1,CPU_FREQUENCY_2,CPU_FREQUENCY_3,CPU_FREQUENCY_4,CPU_FREQUENCY_5,CPU_FREQUENCY_6,CPU_FREQUENCY_7,CPU_TEMP_0,CPU_TEMP_1,CPU_TEMP_2,CPU_TEMP_3,CPU_TEMP_4,CPU_TEMP_5,CPU_TEMP_6,CPU_TEMP_7,CPU_TEMP_8,CPU_TEMP_9,CPU_USAGE_0,CPU_USAGE_1,CPU_USAGE_2,CPU_USAGE_3,CPU_USAGE_4,CPU_USAGE_5,CPU_USAGE_6,CPU_USAGE_7,SYSTEM_POWER (Watts),TOTAL_MEMORY,TOTAL_SWAP,USED_MEMORY,USED_SWAP
0,1729546662564,3228,3228,3228,3228,3228,3228,3228,3228,62.72089767456055,59.83201599121094,63.209266662597656,64.04705047607422,63.81542205810547,61.39978790283203,61.60702133178711,62.16275405883789,63.606239318847656,62.40534210205078,0,0,0,100,100,NaN,50,0,4.855832576751709,17179869184,21474836480,6838009856,20243677184
305,1729546662564,3228,3228,3228,3228,3228,3228,3228,3228,62.72089767456055,59.83201599121094,63.209266662597656,64.04705047607422,63.81542205810547,61.39978790283203,61.60702133178711,62.16275405883789,63.606239318847656,62.40534210205078,0,0,100,0,100,100,NaN,100,4.855832576751709,17179869184,21474836480,6842466304,20243677184
308,1729546662869,3228,3228,3228,3228,3228,3228,3228,3228,62.72089767456055,59.83201599121094,63.209266662597656,64.04705047607422,63.81542205810547,61.39978790283203,61.60702133178711,62.16275405883789,63.606239318847656,62.40534210205078,67.74193572998047,63.33333206176758,90.32257843017578,93.33333587646484,90,86.66666412353516,84.375,74.19355010986328,4.861945152282715,17179869184,21474836480,7744290816,20243677184
308,1729546663178,3228,3228,3228,3228,3228,3228,3228,3228,69.03466033935547,66.87556457519531,74.82344818115234,76.45504760742188,72.34549713134766,67.56797790527344,74.17765808105469,74.54934692382813,72.35444641113281,68.537841796875,73.33333587646484,74.19355010986328,93.33333587646484,96.66666412353516,93.75,93.75,93.33333587646484,90,4.861945152282715,17179869184,21474836480,8801943552,20243677184
8,1729546663486,3228,3228,3228,3228,3228,3228,3228,3228,69.03466033935547,66.87556457519531,74.82344818115234,76.45504760742188,72.34549713134766,67.56797790527344,74.17765808105469,74.54934692382813,72.35444641113281,68.537841796875,22.580644607543945,16.666667938232422,80.6451644897461,78.78787994384766,58.06451416015625,60.000003814697266,46.66666793823242,19.35483741760254,4.861945152282715,17179869184,21474836480,7039270912,20243677184
