Delta,Time,CPU_FREQUENCY_0,CPU_FREQUENCY_1,CPU_FREQUENCY_2,CPU_FREQUENCY_3,CPU_FREQUENCY_4,CPU_FREQUENCY_5,CPU_FREQUENCY_6,CPU_FREQUENCY_7,CPU_TEMP_0,CPU_TEMP_1,CPU_TEMP_2,CPU_TEMP_3,CPU_TEMP_4,CPU_TEMP_5,CPU_TEMP_6,CPU_TEMP_7,CPU_TEMP_8,CPU_TEMP_9,CPU_USAGE_0,CPU_USAGE_1,CPU_USAGE_2,CPU_USAGE_3,CPU_USAGE_4,CPU_USAGE_5,CPU_USAGE_6,CPU_USAGE_7,SYSTEM_POWER (Watts),TOTAL_MEMORY,TOTAL_SWAP,USED_MEMORY,USED_SWAP
0,1729550817532,3228,3228,3228,3228,3228,3228,3228,3228,62.07515335083008,58.85536575317383,61.87348175048828,63.82646179199219,62.601707458496094,60.211483001708984,60.52484130859375,60.78250503540039,61.401695251464844,61.43815612792969,66.66667175292969,0,0,0,0,0,0,0,24.05421257019043,17179869184,21474836480,6594969600,20766916608
309,1729550817532,3228,3228,3228,3228,3228,3228,3228,3228,62.07515335083008,58.85536575317383,61.87348175048828,63.82646179199219,62.601707458496094,60.211483001708984,60.52484130859375,60.78250503540039,61.401695251464844,61.43815612792969,0,100,50,100,0,0,0,0,24.05421257019043,17179869184,21474836480,6597820416,20766916608
309,1729550817842,3228,3228,3228,3228,3228,3228,3228,3228,62.07515335083008,58.85536575317383,61.87348175048828,63.82646179199219,62.601707458496094,60.211483001708984,60.52484130859375,60.78250503540039,61.401695251464844,61.43815612792969,87.09677124023438,87.09677124023438,93.33333587646484,93.54838562011719,90.32257843017578,93.54838562011719,84.375,90,15.139233589172363,17179869184,21474836480,6651691008,20766916608
10,1729550818152,3228,3228,3228,3228,3228,3228,3228,3228,62.07515335083008,58.85536575317383,61.87348175048828,63.82646179199219,62.601707458496094,60.211483001708984,60.52484130859375,60.78250503540039,61.401695251464844,61.43815612792969,20,19.35483741760254,16.129032135009766,19.35483741760254,74.19355010986328,6.6666669845581055,0,3.22580623626709,15.139233589172363,17179869184,21474836480,6613385216,20766916608
