Delta,Time,CPU_FREQUENCY_0,CPU_FREQUENCY_1,CPU_FREQUENCY_2,CPU_FREQUENCY_3,CPU_FREQUENCY_4,CPU_FREQUENCY_5,CPU_FREQUENCY_6,CPU_FREQUENCY_7,CPU_TEMP_0,CPU_TEMP_1,CPU_TEMP_2,CPU_TEMP_3,CPU_TEMP_4,CPU_TEMP_5,CPU_TEMP_6,CPU_TEMP_7,CPU_TEMP_8,CPU_TEMP_9,CPU_USAGE_0,CPU_USAGE_1,CPU_USAGE_2,CPU_USAGE_3,CPU_USAGE_4,CPU_USAGE_5,CPU_USAGE_6,CPU_USAGE_7,SYSTEM_POWER (Watts),TOTAL_MEMORY,TOTAL_SWAP,USED_MEMORY,USED_SWAP
0,1729534034091,3228,3228,3228,3228,3228,3228,3228,3228,62.7449951171875,58.025699615478516,67.65472412109375,69.34663391113281,66.41278076171875,60.29622268676758,63.97049331665039,64.09938049316406,62.07276916503906,60.18267059326172,0,0,NaN,100,0,100,0,33.333335876464844,5.2386250495910645,17179869184,19327352832,8364277760,18674745344
302,1729534034092,3228,3228,3228,3228,3228,3228,3228,3228,62.7449951171875,58.025699615478516,67.65472412109375,69.34663391113281,66.41278076171875,60.29622268676758,63.97049331665039,64.09938049316406,62.07276916503906,60.18267059326172,0,50,50,100,100,66.66667175292969,100,0,5.2386250495910645,17179869184,19327352832,8371666944,18674745344
309,1729534034394,3228,3228,3228,3228,3228,3228,3228,3228,62.7449951171875,58.025699615478516,67.65472412109375,69.34663391113281,66.41278076171875,60.29622268676758,63.97049331665039,64.09938049316406,62.07276916503906,60.18267059326172,93.33333587646484,93.10344696044922,100,100,100,96.66666412353516,100,100,11.409469604492188,17179869184,19327352832,8367947776,18674745344
302,1729534034704,3228,3228,3228,3228,3228,3228,3228,3228,62.7449951171875,58.025699615478516,67.65472412109375,69.34663391113281,66.41278076171875,60.29622268676758,63.97049331665039,64.09938049316406,62.07276916503906,60.18267059326172,20,22.580644607543945,87.09677124023438,77.41934967041016,81.25,48.3870964050293,48.3870964050293,36.66666793823242,11.409469604492188,17179869184,19327352832,8386756608,18674745344
11,1729534035007,3228,3228,3228,3228,3228,3228,3228,3228,64.5403060913086,61.02219009399414,68.98623657226563,70.37606048583984,68.3704605102539,62.653568267822266,66.88825225830078,67.38370513916016,65.68901062011719,62.59330749511719,18.75,16.666667938232422,70,30.000001907348633,43.33333206176758,6.896551609039307,6.6666669845581055,6.45161247253418,11.409469604492188,17179869184,19327352832,8331771904,18674745344
