Delta,Time,CPU_FREQUENCY_0,CPU_FREQUENCY_1,CPU_FREQUENCY_2,CPU_FREQUENCY_3,CPU_FREQUENCY_4,CPU_FREQUENCY_5,CPU_FREQUENCY_6,CPU_FREQUENCY_7,CPU_TEMP_0,CPU_TEMP_1,CPU_TEMP_2,CPU_TEMP_3,CPU_TEMP_4,CPU_TEMP_5,CPU_TEMP_6,CPU_TEMP_7,CPU_TEMP_8,CPU_TEMP_9,CPU_USAGE_0,CPU_USAGE_1,CPU_USAGE_2,CPU_USAGE_3,CPU_USAGE_4,CPU_USAGE_5,CPU_USAGE_6,CPU_USAGE_7,SYSTEM_POWER (Watts),TOTAL_MEMORY,TOTAL_SWAP,USED_MEMORY,USED_SWAP
0,1729544451145,3228,3228,3228,3228,3228,3228,3228,3228,66.20758819580078,62.42898178100586,72.06652069091797,74.0676040649414,69.21241760253906,64.3879165649414,68.81535339355469,68.74440002441406,65.4438705444336,64.14794158935547,0,NaN,100,100,50,0,0,0,5.062527656555176,17179869184,21474836480,6443974656,20260454400
306,1729544451145,3228,3228,3228,3228,3228,3228,3228,3228,66.20758819580078,62.42898178100586,72.06652069091797,74.0676040649414,69.21241760253906,64.3879165649414,68.81535339355469,68.74440002441406,65.4438705444336,64.14794158935547,NaN,0,NaN,NaN,NaN,100,0,100,5.062527656555176,17179869184,21474836480,6450774016,20260454400
10,1729544451452,3228,3228,3228,3228,3228,3228,3228,3228,66.20758819580078,62.42898178100586,72.06652069091797,74.0676040649414,69.21241760253906,64.3879165649414,68.81535339355469,68.74440002441406,65.4438705444336,64.14794158935547,38.70967483520508,35.48387145996094,83.87096405029297,80.6451644897461,80.6451644897461,68.75,61.29032516479492,41.935482025146484,5.062527656555176,17179869184,21474836480,6548127744,20260454400
