Delta,Time,CPU_FREQUENCY_0,CPU_FREQUENCY_1,CPU_FREQUENCY_2,CPU_FREQUENCY_3,CPU_FREQUENCY_4,CPU_FREQUENCY_5,CPU_FREQUENCY_6,CPU_FREQUENCY_7,CPU_TEMP_0,CPU_TEMP_1,CPU_TEMP_2,CPU_TEMP_3,CPU_TEMP_4,CPU_TEMP_5,CPU_TEMP_6,CPU_TEMP_7,CPU_TEMP_8,CPU_TEMP_9,CPU_USAGE_0,CPU_USAGE_1,CPU_USAGE_2,CPU_USAGE_3,CPU_USAGE_4,CPU_USAGE_5,CPU_USAGE_6,CPU_USAGE_7,SYSTEM_POWER (Watts),TOTAL_MEMORY,TOTAL_SWAP,USED_MEMORY,USED_SWAP
0,1729595210519,3228,3228,3228,3228,3228,3228,3228,3228,63.98509979248047,60.950435638427734,64.56962585449219,66.17357635498047,65.1722412109375,62.582828521728516,63.05772399902344,64.36195373535156,64.82334899902344,63.704368591308594,0,0,100,NaN,0,100,0,50,4.747875690460205,17179869184,22548578304,4335730688,20968570880
304,1729595210519,3228,3228,3228,3228,3228,3228,3228,3228,63.98509979248047,60.950435638427734,64.56962585449219,66.17357635498047,65.1722412109375,62.582828521728516,63.05772399902344,64.36195373535156,64.82334899902344,63.704368591308594,50,0,0,50,100,100,100,NaN,4.747875690460205,17179869184,22548578304,4339777536,20968570880
9,1729595210824,3228,3228,3228,3228,3228,3228,3228,3228,63.98509979248047,60.950435638427734,64.56962585449219,66.17357635498047,65.1722412109375,62.582828521728516,63.05772399902344,64.36195373535156,64.82334899902344,63.704368591308594,34.482757568359375,33.333335876464844,86.66666412353516,86.66666412353516,76.66666412353516,78.125,83.33332824707031,61.29032516479492,4.844128131866455,17179869184,22548578304,4339777536,20968570880
