Delta,Time,CPU_FREQUENCY_0,CPU_FREQUENCY_1,CPU_FREQUENCY_2,CPU_FREQUENCY_3,CPU_FREQUENCY_4,CPU_FREQUENCY_5,CPU_FREQUENCY_6,CPU_FREQUENCY_7,CPU_TEMP_0,CPU_TEMP_1,CPU_TEMP_2,CPU_TEMP_3,CPU_TEMP_4,CPU_TEMP_5,CPU_TEMP_6,CPU_TEMP_7,CPU_TEMP_8,CPU_TEMP_9,CPU_USAGE_0,CPU_USAGE_1,CPU_USAGE_2,CPU_USAGE_3,CPU_USAGE_4,CPU_USAGE_5,CPU_USAGE_6,CPU_USAGE_7,SYSTEM_POWER (Watts),TOTAL_MEMORY,TOTAL_SWAP,USED_MEMORY,USED_SWAP
0,1729539112203,3228,3228,3228,3228,3228,3228,3228,3228,70.68693542480469,66.28265380859375,75.4644546508789,77.26896667480469,74.37943267822266,68.58415985107422,72.30472564697266,72.12805938720703,69.63263702392578,67.90225982666016,0,0,100,100,0,100,100,50,4.836080551147461,17179869184,21474836480,6466404352,20377894912
309,1729539112203,3228,3228,3228,3228,3228,3228,3228,3228,70.68693542480469,66.28265380859375,75.4644546508789,77.26896667480469,74.37943267822266,68.58415985107422,72.30472564697266,72.12805938720703,69.63263702392578,67.90225982666016,0,0,NaN,NaN,100,NaN,100,0,4.836080551147461,17179869184,21474836480,6470516736,20377894912
300,1729539112513,3228,3228,3228,3228,3228,3228,3228,3228,70.68693542480469,66.28265380859375,75.4644546508789,77.26896667480469,74.37943267822266,68.58415985107422,72.30472564697266,72.12805938720703,69.63263702392578,67.90225982666016,87.09677124023438,90,96.875,93.75,100,96.875,93.54838562011719,93.33333587646484,18.42632484436035,17179869184,21474836480,6509330432,20377894912
9,1729539112814,3228,3228,3228,3228,3228,3228,3228,3228,70.68693542480469,66.28265380859375,75.4644546508789,77.26896667480469,74.37943267822266,68.58415985107422,72.30472564697266,72.12805938720703,69.63263702392578,67.90225982666016,13.333333969116211,10,70.96774291992188,56.66666793823242,58.620689392089844,43.33333206176758,16.666667938232422,16.666667938232422,18.42632484436035,17179869184,21474836480,6435766272,20377894912
