Delta,Time,CPU_FREQUENCY_0,CPU_FREQUENCY_1,CPU_FREQUENCY_2,CPU_FREQUENCY_3,CPU_FREQUENCY_4,CPU_FREQUENCY_5,CPU_FREQUENCY_6,CPU_FREQUENCY_7,CPU_TEMP_0,CPU_TEMP_1,CPU_TEMP_2,CPU_TEMP_3,CPU_TEMP_4,CPU_TEMP_5,CPU_TEMP_6,CPU_TEMP_7,CPU_TEMP_8,CPU_TEMP_9,CPU_USAGE_0,CPU_USAGE_1,CPU_USAGE_2,CPU_USAGE_3,CPU_USAGE_4,CPU_USAGE_5,CPU_USAGE_6,CPU_USAGE_7,SYSTEM_POWER (Watts),TOTAL_MEMORY,TOTAL_SWAP,USED_MEMORY,USED_SWAP
0,1729576037089,3228,3228,3228,3228,3228,3228,3228,3228,61.32013702392578,58.861385345458984,60.54698181152344,61.35796356201172,61.31507110595703,60.08559799194336,59.538368225097656,60.94643020629883,61.145484924316406,60.88078308105469,0,0,NaN,100,50,0,50,NaN,4.631965160369873,17179869184,22548578304,5328945152,21248278528
309,1729576037089,3228,3228,3228,3228,3228,3228,3228,3228,61.32013702392578,58.861385345458984,60.54698181152344,61.35796356201172,61.31507110595703,60.08559799194336,59.538368225097656,60.94643020629883,61.145484924316406,60.88078308105469,NaN,50,100,NaN,0,NaN,100,0,4.631965160369873,17179869184,22548578304,5328945152,21248278528
307,1729576037398,3228,3228,3228,3228,3228,3228,3228,3228,61.32013702392578,58.861385345458984,60.54698181152344,61.35796356201172,61.31507110595703,60.08559799194336,59.538368225097656,60.94643020629883,61.145484924316406,60.88078308105469,96.875,96.66666412353516,100,100,100,96.7741928100586,100,96.7741928100586,4.689461708068848,17179869184,22548578304,5328945152,21248278528
300,1729576037705,3228,3228,3228,3228,3228,3228,3228,3228,61.32013702392578,58.861385345458984,60.54698181152344,61.35796356201172,61.31507110595703,60.08559799194336,59.538368225097656,60.94643020629883,61.145484924316406,60.88078308105469,33.333335876464844,26.666667938232422,87.09677124023438,93.33333587646484,87.5,67.74193572998047,54.83871078491211,45.16128921508789,4.689461708068848,17179869184,22548578304,5380358144,21248278528
9,1729576038006,3228,3228,3228,3228,3228,3228,3228,3228,66.88092041015625,64.32435607910156,70.77922821044922,73.16397857666016,69.31861114501953,65.13578033447266,69.73202514648438,70.671142578125,67.710205078125,65.32257080078125,24.137929916381836,25.80644989013672,89.6551742553711,80.6451644897461,76.66666412353516,66.66667175292969,41.379310607910156,30.000001907348633,4.689461708068848,17179869184,22548578304,5316296704,21248278528
