Delta,Time,CPU_FREQUENCY_0,CPU_FREQUENCY_1,CPU_FREQUENCY_2,CPU_FREQUENCY_3,CPU_FREQUENCY_4,CPU_FREQUENCY_5,CPU_FREQUENCY_6,CPU_FREQUENCY_7,CPU_TEMP_0,CPU_TEMP_1,CPU_TEMP_2,CPU_TEMP_3,CPU_TEMP_4,CPU_TEMP_5,CPU_TEMP_6,CPU_TEMP_7,CPU_TEMP_8,CPU_TEMP_9,CPU_USAGE_0,CPU_USAGE_1,CPU_USAGE_2,CPU_USAGE_3,CPU_USAGE_4,CPU_USAGE_5,CPU_USAGE_6,CPU_USAGE_7,SYSTEM_POWER (Watts),TOTAL_MEMORY,TOTAL_SWAP,USED_MEMORY,USED_SWAP
0,1729581351809,3228,3228,3228,3228,3228,3228,3228,3228,59.76517105102539,57.611324310302734,59.520904541015625,61.55324935913086,61.008262634277344,58.40726089477539,58.80411911010742,59.58924102783203,60.06343078613281,60.05548858642578,0,50,0,NaN,50,100,100,100,11.581269264221191,17179869184,22548578304,4570939392,21248278528
309,1729581351809,3228,3228,3228,3228,3228,3228,3228,3228,59.76517105102539,57.611324310302734,59.520904541015625,61.55324935913086,61.008262634277344,58.40726089477539,58.80411911010742,59.58924102783203,60.06343078613281,60.05548858642578,NaN,0,100,100,NaN,NaN,100,100,11.581269264221191,17179869184,22548578304,4572938240,21248278528
303,1729581352119,3228,3228,3228,3228,3228,3228,3228,3228,66.47771453857422,63.14992141723633,72.28675842285156,74.77452850341797,70.01597595214844,64.35043334960938,70.76875305175781,71.26786804199219,66.23332214355469,64.4931640625,93.54838562011719,93.33333587646484,100,96.875,100,100,96.7741928100586,96.7741928100586,11.581269264221191,17179869184,22548578304,4572938240,21248278528
309,1729581352423,3228,3228,3228,3228,3228,3228,3228,3228,66.47771453857422,63.14992141723633,72.28675842285156,74.77452850341797,70.01597595214844,64.35043334960938,70.76875305175781,71.26786804199219,66.23332214355469,64.4931640625,30.000001907348633,30.000001907348633,86.66666412353516,89.6551742553711,76.66666412353516,90.32257843017578,83.33332824707031,67.74193572998047,15.088022232055664,17179869184,22548578304,4629856256,21248278528
9,1729581352733,3228,3228,3228,3228,3228,3228,3228,3228,66.47771453857422,63.14992141723633,72.28675842285156,74.77452850341797,70.01597595214844,64.35043334960938,70.76875305175781,71.26786804199219,66.23332214355469,64.4931640625,19.35483741760254,20,65.625,65.625,58.06451416015625,41.935482025146484,29.032257080078125,20,15.088022232055664,17179869184,22548578304,4612161536,21248278528
