Delta,Time,CPU_FREQUENCY_0,CPU_FREQUENCY_1,CPU_FREQUENCY_2,CPU_FREQUENCY_3,CPU_FREQUENCY_4,CPU_FREQUENCY_5,CPU_FREQUENCY_6,CPU_FREQUENCY_7,CPU_TEMP_0,CPU_TEMP_1,CPU_TEMP_2,CPU_TEMP_3,CPU_TEMP_4,CPU_TEMP_5,CPU_TEMP_6,CPU_TEMP_7,CPU_TEMP_8,CPU_TEMP_9,CPU_USAGE_0,CPU_USAGE_1,CPU_USAGE_2,CPU_USAGE_3,CPU_USAGE_4,CPU_USAGE_5,CPU_USAGE_6,CPU_USAGE_7,SYSTEM_POWER (Watts),TOTAL_MEMORY,TOTAL_SWAP,USED_MEMORY,USED_SWAP
0,1729566855106,3228,3228,3228,3228,3228,3228,3228,3228,68.28557586669922,65.43450927734375,73.06192779541016,74.8575210571289,70.48387145996094,66.73119354248047,72.31582641601563,71.51849365234375,68.20991516113281,66.77452087402344,NaN,0,0,50,0,0,0,0,26.49146270751953,17179869184,22548578304,4610310144,21248278528
306,1729566855106,3228,3228,3228,3228,3228,3228,3228,3228,68.28557586669922,65.43450927734375,73.06192779541016,74.8575210571289,70.48387145996094,66.73119354248047,72.31582641601563,71.51849365234375,68.20991516113281,66.77452087402344,50,0,NaN,NaN,0,0,0,0,26.49146270751953,17179869184,22548578304,4613275648,21248278528
11,1729566855412,3228,3228,3228,3228,3228,3228,3228,3228,68.28557586669922,65.43450927734375,73.06192779541016,74.8575210571289,70.48387145996094,66.73119354248047,72.31582641601563,71.51849365234375,68.20991516113281,66.77452087402344,13.793103218078613,16.129032135009766,25,20,12.5,10,6.45161247253418,3.3333334922790527,26.49146270751953,17179869184,22548578304,4605591552,21248278528
