Delta,Time,CPU_FREQUENCY_0,CPU_FREQUENCY_1,CPU_FREQUENCY_2,CPU_FREQUENCY_3,CPU_FREQUENCY_4,CPU_FREQUENCY_5,CPU_FREQUENCY_6,CPU_FREQUENCY_7,CPU_TEMP_0,CPU_TEMP_1,CPU_TEMP_2,CPU_TEMP_3,CPU_TEMP_4,CPU_TEMP_5,CPU_TEMP_6,CPU_TEMP_7,CPU_TEMP_8,CPU_TEMP_9,CPU_USAGE_0,CPU_USAGE_1,CPU_USAGE_2,CPU_USAGE_3,CPU_USAGE_4,CPU_USAGE_5,CPU_USAGE_6,CPU_USAGE_7,SYSTEM_POWER (Watts),TOTAL_MEMORY,TOTAL_SWAP,USED_MEMORY,USED_SWAP
0,1729598241558,3228,3228,3228,3228,3228,3228,3228,3228,63.29853439331055,61.284603118896484,62.766746520996094,63.3868293762207,63.281646728515625,61.49184036254883,61.55583190917969,62.3953857421875,63.70103454589844,63.412384033203125,NaN,50,50,0,0,0,0,0,13.984503746032715,17179869184,22548578304,5349703680,20968570880
308,1729598241558,3228,3228,3228,3228,3228,3228,3228,3228,63.29853439331055,61.284603118896484,62.766746520996094,63.3868293762207,63.281646728515625,61.49184036254883,61.55583190917969,62.3953857421875,63.70103454589844,63.412384033203125,50,NaN,100,50,0,50,0,0,13.984503746032715,17179869184,22548578304,5352538112,20968570880
9,1729598241867,3228,3228,3228,3228,3228,3228,3228,3228,63.29853439331055,61.284603118896484,62.766746520996094,63.3868293762207,63.281646728515625,61.49184036254883,61.55583190917969,62.3953857421875,63.70103454589844,63.412384033203125,41.935482025146484,40,33.333335876464844,41.379310607910156,22.580644607543945,3.4482758045196533,9.67741870880127,6.45161247253418,5.267202377319336,17179869184,22548578304,5399216128,20968570880
