Delta,Time,CPU_FREQUENCY_0,CPU_FREQUENCY_1,CPU_FREQUENCY_2,CPU_FREQUENCY_3,CPU_FREQUENCY_4,CPU_FREQUENCY_5,CPU_FREQUENCY_6,CPU_FREQUENCY_7,CPU_TEMP_0,CPU_TEMP_1,CPU_TEMP_2,CPU_TEMP_3,CPU_TEMP_4,CPU_TEMP_5,CPU_TEMP_6,CPU_TEMP_7,CPU_TEMP_8,CPU_TEMP_9,CPU_USAGE_0,CPU_USAGE_1,CPU_USAGE_2,CPU_USAGE_3,CPU_USAGE_4,CPU_USAGE_5,CPU_USAGE_6,CPU_USAGE_7,SYSTEM_POWER (Watts),TOTAL_MEMORY,TOTAL_SWAP,USED_MEMORY,USED_SWAP
0,1729561796288,3228,3228,3228,3228,3228,3228,3228,3228,64.38539123535156,61.588417053222656,65.60375213623047,65.82610321044922,65.10509490966797,62.760498046875,61.939022064208984,62.09723663330078,63.637447357177734,62.815025329589844,0,0,50,0,0,0,0,0,16.568050384521484,17179869184,22548578304,5263917056,21256667136
309,1729561796289,3228,3228,3228,3228,3228,3228,3228,3228,64.38539123535156,61.588417053222656,65.60375213623047,65.82610321044922,65.10509490966797,62.760498046875,61.939022064208984,62.09723663330078,63.637447357177734,62.815025329589844,0,0,0,50,0,0,0,0,16.568050384521484,17179869184,22548578304,5263917056,21256667136
309,1729561796599,3228,3228,3228,3228,3228,3228,3228,3228,63.19548416137695,61.26959991455078,63.595619201660156,64.56124114990234,64.0567855834961,61.820343017578125,61.96781921386719,62.09403610229492,63.65586853027344,62.15503692626953,87.09677124023438,81.25,93.54838562011719,96.66666412353516,87.8787841796875,87.09677124023438,90,87.09677124023438,16.568050384521484,17179869184,22548578304,5263917056,21256667136
309,1729561796909,3228,3228,3228,3228,3228,3228,3228,3228,63.19548416137695,61.26959991455078,63.595619201660156,64.56124114990234,64.0567855834961,61.820343017578125,61.96781921386719,62.09403610229492,63.65586853027344,62.15503692626953,12.90322494506836,6.6666669845581055,64.51612854003906,32.25806427001953,23.33333396911621,21.875,12.90322494506836,6.45161247253418,16.568050384521484,17179869184,22548578304,5345443840,21256667136
12,1729561797219,3228,3228,3228,3228,3228,3228,3228,3228,63.19548416137695,61.26959991455078,63.595619201660156,64.56124114990234,64.0567855834961,61.820343017578125,61.96781921386719,62.09403610229492,63.65586853027344,62.15503692626953,35.48387145996094,32.25806427001953,6.45161247253418,3.22580623626709,3.125,3.22580623626709,0,0,7.215495586395264,17179869184,22548578304,5297094656,21256667136
