Delta,Time,CPU_FREQUENCY_0,CPU_FREQUENCY_1,CPU_FREQUENCY_2,CPU_FREQUENCY_3,CPU_FREQUENCY_4,CPU_FREQUENCY_5,CPU_FREQUENCY_6,CPU_FREQUENCY_7,CPU_TEMP_0,CPU_TEMP_1,CPU_TEMP_2,CPU_TEMP_3,CPU_TEMP_4,CPU_TEMP_5,CPU_TEMP_6,CPU_TEMP_7,CPU_TEMP_8,CPU_TEMP_9,CPU_USAGE_0,CPU_USAGE_1,CPU_USAGE_2,CPU_USAGE_3,CPU_USAGE_4,CPU_USAGE_5,CPU_USAGE_6,CPU_USAGE_7,SYSTEM_POWER (Watts),TOTAL_MEMORY,TOTAL_SWAP,USED_MEMORY,USED_SWAP
0,1729591659458,3228,3228,3228,3228,3228,3228,3228,3228,68.71034240722656,66.34915161132813,74.0872802734375,76.4040756225586,71.89276885986328,66.33987426757813,73.28189086914063,74.38998413085938,69.52354431152344,67.16976928710938,0,0,0,100,0,100,50,NaN,4.59531831741333,17179869184,22548578304,4250157056,21060845568
300,1729591659458,3228,3228,3228,3228,3228,3228,3228,3228,68.71034240722656,66.34915161132813,74.0872802734375,76.4040756225586,71.89276885986328,66.33987426757813,73.28189086914063,74.38998413085938,69.52354431152344,67.16976928710938,0,0,100,100,100,66.66667175292969,NaN,50,4.59531831741333,17179869184,22548578304,4253696000,21060845568
10,1729591659759,3228,3228,3228,3228,3228,3228,3228,3228,68.71034240722656,66.34915161132813,74.0872802734375,76.4040756225586,71.89276885986328,66.33987426757813,73.28189086914063,74.38998413085938,69.52354431152344,67.16976928710938,17.241378784179688,20,80,70,62.06896209716797,55.17241287231445,48.3870964050293,40,18.094789505004883,17179869184,22548578304,4259840000,21060845568
