Delta,Time,CPU_FREQUENCY_0,CPU_FREQUENCY_1,CPU_FREQUENCY_2,CPU_FREQUENCY_3,CPU_FREQUENCY_4,CPU_FREQUENCY_5,CPU_FREQUENCY_6,CPU_FREQUENCY_7,CPU_TEMP_0,CPU_TEMP_1,CPU_TEMP_2,CPU_TEMP_3,CPU_TEMP_4,CPU_TEMP_5,CPU_TEMP_6,CPU_TEMP_7,CPU_TEMP_8,CPU_TEMP_9,CPU_USAGE_0,CPU_USAGE_1,CPU_USAGE_2,CPU_USAGE_3,CPU_USAGE_4,CPU_USAGE_5,CPU_USAGE_6,CPU_USAGE_7,SYSTEM_POWER (Watts),TOTAL_MEMORY,TOTAL_SWAP,USED_MEMORY,USED_SWAP
0,1729576951976,3228,3228,3228,3228,3228,3228,3228,3228,64.81498718261719,59.00440216064453,68.76599884033203,71.00890350341797,68.11942291259766,62.62067413330078,64.95309448242188,64.02832794189453,60.47654724121094,60.607704162597656,0,0,100,100,0,100,0,0,9.810787200927734,17179869184,22548578304,5892063232,21248278528
308,1729576951976,3228,3228,3228,3228,3228,3228,3228,3228,64.81498718261719,59.00440216064453,68.76599884033203,71.00890350341797,68.11942291259766,62.62067413330078,64.95309448242188,64.02832794189453,60.47654724121094,60.607704162597656,0,0,100,100,50,50,0,0,9.810787200927734,17179869184,22548578304,5892063232,21248278528
304,1729576952285,3228,3228,3228,3228,3228,3228,3228,3228,64.81498718261719,59.00440216064453,68.76599884033203,71.00890350341797,68.11942291259766,62.62067413330078,64.95309448242188,64.02832794189453,60.47654724121094,60.607704162597656,96.7741928100586,100,100,100,100,100,100,100,9.810787200927734,17179869184,22548578304,5892063232,21248278528
9,1729576952590,3228,3228,3228,3228,3228,3228,3228,3228,64.81498718261719,59.00440216064453,68.76599884033203,71.00890350341797,68.11942291259766,62.62067413330078,64.95309448242188,64.02832794189453,60.47654724121094,60.607704162597656,26.666667938232422,25.80644989013672,96.7741928100586,96.66666412353516,96.55171966552734,96.66666412353516,83.33332824707031,29.032257080078125,21.55740737915039,17179869184,22548578304,5911543808,21248278528
