Delta,Time,CPU_FREQUENCY_0,CPU_FREQUENCY_1,CPU_FREQUENCY_2,CPU_FREQUENCY_3,CPU_FREQUENCY_4,CPU_FREQUENCY_5,CPU_FREQUENCY_6,CPU_FREQUENCY_7,CPU_TEMP_0,CPU_TEMP_1,CPU_TEMP_2,CPU_TEMP_3,CPU_TEMP_4,CPU_TEMP_5,CPU_TEMP_6,CPU_TEMP_7,CPU_TEMP_8,CPU_TEMP_9,CPU_USAGE_0,CPU_USAGE_1,CPU_USAGE_2,CPU_USAGE_3,CPU_USAGE_4,CPU_USAGE_5,CPU_USAGE_6,CPU_USAGE_7,SYSTEM_POWER (Watts),TOTAL_MEMORY,TOTAL_SWAP,USED_MEMORY,USED_SWAP
0,1729545036243,3228,3228,3228,3228,3228,3228,3228,3228,64.85185241699219,60.7152099609375,67.01732635498047,68.32872772216797,66.72276306152344,62.606689453125,66.38531494140625,64.67733001708984,63.112998962402344,62.524452209472656,50,0,100,50,50,50,0,0,27.467180252075195,17179869184,21474836480,6756188160,20260454400
308,1729545036243,3228,3228,3228,3228,3228,3228,3228,3228,64.85185241699219,60.7152099609375,67.01732635498047,68.32872772216797,66.72276306152344,62.606689453125,66.38531494140625,64.67733001708984,63.112998962402344,62.524452209472656,NaN,100,0,NaN,NaN,NaN,50,0,27.467180252075195,17179869184,21474836480,6759366656,20260454400
9,1729545036551,3228,3228,3228,3228,3228,3228,3228,3228,64.85185241699219,60.7152099609375,67.01732635498047,68.32872772216797,66.72276306152344,62.606689453125,66.38531494140625,64.67733001708984,63.112998962402344,62.524452209472656,32.25806427001953,26.666667938232422,77.41934967041016,64.51612854003906,70.96774291992188,43.33333206176758,36.66666793823242,22.580644607543945,27.467180252075195,17179869184,21474836480,6822002688,20260454400
