Delta,Time,CPU_FREQUENCY_0,CPU_FREQUENCY_1,CPU_FREQUENCY_2,CPU_FREQUENCY_3,CPU_FREQUENCY_4,CPU_FREQUENCY_5,CPU_FREQUENCY_6,CPU_FREQUENCY_7,CPU_TEMP_0,CPU_TEMP_1,CPU_TEMP_2,CPU_TEMP_3,CPU_TEMP_4,CPU_TEMP_5,CPU_TEMP_6,CPU_TEMP_7,CPU_TEMP_8,CPU_TEMP_9,CPU_USAGE_0,CPU_USAGE_1,CPU_USAGE_2,CPU_USAGE_3,CPU_USAGE_4,CPU_USAGE_5,CPU_USAGE_6,CPU_USAGE_7,SYSTEM_POWER (Watts),TOTAL_MEMORY,TOTAL_SWAP,USED_MEMORY,USED_SWAP
0,1729593829527,3228,3228,3228,3228,3228,3228,3228,3228,62.407432556152344,59.1533203125,61.445770263671875,62.82419967651367,62.53932189941406,60.3211784362793,61.09423065185547,61.93178176879883,62.49114227294922,62.22168731689453,50,0,50,0,0,0,0,0,7.485800266265869,17179869184,22548578304,3555262464,21060845568
302,1729593829527,3228,3228,3228,3228,3228,3228,3228,3228,62.407432556152344,59.1533203125,61.445770263671875,62.82419967651367,62.53932189941406,60.3211784362793,61.09423065185547,61.93178176879883,62.49114227294922,62.22168731689453,0,0,50,0,0,0,33.333335876464844,0,7.485800266265869,17179869184,22548578304,3558998016,21060845568
9,1729593829829,3228,3228,3228,3228,3228,3228,3228,3228,62.407432556152344,59.1533203125,61.445770263671875,62.82419967651367,62.53932189941406,60.3211784362793,61.09423065185547,61.93178176879883,62.49114227294922,62.22168731689453,19.35483741760254,16.666667938232422,37.931034088134766,36.66666793823242,22.580644607543945,13.793103218078613,3.3333334922790527,3.22580623626709,4.679399490356445,17179869184,22548578304,3617701888,21060845568
