Delta,Time,CPU_FREQUENCY_0,CPU_FREQUENCY_1,CPU_FREQUENCY_2,CPU_FREQUENCY_3,CPU_FREQUENCY_4,CPU_FREQUENCY_5,CPU_FREQUENCY_6,CPU_FREQUENCY_7,CPU_TEMP_0,CPU_TEMP_1,CPU_TEMP_2,CPU_TEMP_3,CPU_TEMP_4,CPU_TEMP_5,CPU_TEMP_6,CPU_TEMP_7,CPU_TEMP_8,CPU_TEMP_9,CPU_USAGE_0,CPU_USAGE_1,CPU_USAGE_2,CPU_USAGE_3,CPU_USAGE_4,CPU_USAGE_5,CPU_USAGE_6,CPU_USAGE_7,SYSTEM_POWER (Watts),TOTAL_MEMORY,TOTAL_SWAP,USED_MEMORY,USED_SWAP
0,1729546989078,3228,3228,3228,3228,3228,3228,3228,3228,64.45191192626953,62.35582733154297,62.96269989013672,64.01746368408203,64.72942352294922,63.276283264160156,62.8503532409668,63.649879455566406,65.81373596191406,64.71858978271484,100,NaN,100,100,100,NaN,100,NaN,4.651005268096924,17179869184,21474836480,4894572544,20235288576
299,1729546989078,3228,3228,3228,3228,3228,3228,3228,3228,64.45191192626953,62.35582733154297,62.96269989013672,64.01746368408203,64.72942352294922,63.276283264160156,62.8503532409668,63.649879455566406,65.81373596191406,64.71858978271484,0,0,100,NaN,0,100,100,100,4.651005268096924,17179869184,21474836480,4900159488,20235288576
300,1729546989378,3228,3228,3228,3228,3228,3228,3228,3228,70.93887329101563,67.83444213867188,75.24510955810547,77.20674133300781,74.23563385009766,69.32891082763672,74.48112487792969,74.62388610839844,72.68862915039063,69.4301528930664,96.66666412353516,96.66666412353516,100,100,100,100,100,96.66666412353516,4.651005268096924,17179869184,21474836480,4965105664,20235288576
303,1729546989679,3228,3228,3228,3228,3228,3228,3228,3228,70.93887329101563,67.83444213867188,75.24510955810547,77.20674133300781,74.23563385009766,69.32891082763672,74.48112487792969,74.62388610839844,72.68862915039063,69.4301528930664,46.66666793823242,40,90.32257843017578,86.66666412353516,89.6551742553711,90.32257843017578,90,83.33332824707031,12.964873313903809,17179869184,21474836480,5013028864,20235288576
9,1729546989983,3228,3228,3228,3228,3228,3228,3228,3228,70.93887329101563,67.83444213867188,75.24510955810547,77.20674133300781,74.23563385009766,69.32891082763672,74.48112487792969,74.62388610839844,72.68862915039063,69.4301528930664,20,22.580644607543945,76.66666412353516,77.41934967041016,80.6451644897461,70,68.75,50,12.964873313903809,17179869184,21474836480,4991877120,20235288576
