Delta,Time,CPU_FREQUENCY_0,CPU_FREQUENCY_1,CPU_FREQUENCY_2,CPU_FREQUENCY_3,CPU_FREQUENCY_4,CPU_FREQUENCY_5,CPU_FREQUENCY_6,CPU_FREQUENCY_7,CPU_TEMP_0,CPU_TEMP_1,CPU_TEMP_2,CPU_TEMP_3,CPU_TEMP_4,CPU_TEMP_5,CPU_TEMP_6,CPU_TEMP_7,CPU_TEMP_8,CPU_TEMP_9,CPU_USAGE_0,CPU_USAGE_1,CPU_USAGE_2,CPU_USAGE_3,CPU_USAGE_4,CPU_USAGE_5,CPU_USAGE_6,CPU_USAGE_7,SYSTEM_POWER (Watts),TOTAL_MEMORY,TOTAL_SWAP,USED_MEMORY,USED_SWAP
0,1729562252425,3228,3228,3228,3228,3228,3228,3228,3228,58.217803955078125,55.538822174072266,56.68107604980469,57.56222152709961,58.01383972167969,56.37754821777344,55.807655334472656,56.26625061035156,58.146183013916016,58.08124542236328,50,0,50,0,0,0,0,0,5.084056854248047,17179869184,22548578304,5085429760,21256667136
307,1729562252425,3228,3228,3228,3228,3228,3228,3228,3228,58.217803955078125,55.538822174072266,56.68107604980469,57.56222152709961,58.01383972167969,56.37754821777344,55.807655334472656,56.26625061035156,58.146183013916016,58.08124542236328,0,0,0,100,0,0,0,0,5.084056854248047,17179869184,22548578304,5088362496,21256667136
9,1729562252733,3228,3228,3228,3228,3228,3228,3228,3228,58.28271484375,55.56060028076172,57.27843475341797,58.12008285522461,57.94075012207031,56.176795959472656,55.90052795410156,56.698787689208984,57.778785705566406,57.73792266845703,18.75,16.129032135009766,40,23.33333396911621,9.375,12.90322494506836,3.22580623626709,3.125,5.084056854248047,17179869184,22548578304,5088362496,21256667136
