Delta,Time,CPU_FREQUENCY_0,CPU_FREQUENCY_1,CPU_FREQUENCY_2,CPU_FREQUENCY_3,CPU_FREQUENCY_4,CPU_FREQUENCY_5,CPU_FREQUENCY_6,CPU_FREQUENCY_7,CPU_TEMP_0,CPU_TEMP_1,CPU_TEMP_2,CPU_TEMP_3,CPU_TEMP_4,CPU_TEMP_5,CPU_TEMP_6,CPU_TEMP_7,CPU_TEMP_8,CPU_TEMP_9,CPU_USAGE_0,CPU_USAGE_1,CPU_USAGE_2,CPU_USAGE_3,CPU_USAGE_4,CPU_USAGE_5,CPU_USAGE_6,CPU_USAGE_7,SYSTEM_POWER (Watts),TOTAL_MEMORY,TOTAL_SWAP,USED_MEMORY,USED_SWAP
0,1729600019144,3228,3228,3228,3228,3228,3228,3228,3228,62.77477264404297,60.25144577026367,66.51817321777344,68.11607360839844,65.924072265625,61.65598678588867,65.23722839355469,65.3134994506836,64.1363754272461,61.73500061035156,NaN,66.66667175292969,100,100,NaN,100,0,0,24.51027488708496,17179869184,22548578304,4422320128,20968570880
309,1729600019144,3228,3228,3228,3228,3228,3228,3228,3228,62.77477264404297,60.25144577026367,66.51817321777344,68.11607360839844,65.924072265625,61.65598678588867,65.23722839355469,65.3134994506836,64.1363754272461,61.73500061035156,0,NaN,NaN,100,0,100,100,100,24.51027488708496,17179869184,22548578304,4422320128,20968570880
299,1729600019454,3228,3228,3228,3228,3228,3228,3228,3228,63.260189056396484,61.40904235839844,68.79310607910156,70.225830078125,67.19342041015625,62.24811935424805,68.00666809082031,67.94540405273438,65.71493530273438,62.5343017578125,96.7741928100586,96.66666412353516,96.875,96.7741928100586,100,96.7741928100586,100,100,24.51027488708496,17179869184,22548578304,4422320128,20968570880
306,1729600019754,3228,3228,3228,3228,3228,3228,3228,3228,63.260189056396484,61.40904235839844,68.79310607910156,70.225830078125,67.19342041015625,62.24811935424805,68.00666809082031,67.94540405273438,65.71493530273438,62.5343017578125,43.33333206176758,38.70967483520508,96.55171966552734,96.66666412353516,93.33333587646484,96.55171966552734,93.33333587646484,83.33332824707031,24.51027488708496,17179869184,22548578304,4520247296,20968570880
7,1729600020060,3228,3228,3228,3228,3228,3228,3228,3228,63.260189056396484,61.40904235839844,68.79310607910156,70.225830078125,67.19342041015625,62.24811935424805,68.00666809082031,67.94540405273438,65.71493530273438,62.5343017578125,23.33333396911621,20.689655303955078,90.32257843017578,86.66666412353516,90,81.25,83.33332824707031,71.875,18.111637115478516,17179869184,22548578304,4502454272,20968570880
