Delta,Time,CPU_FREQUENCY_0,CPU_FREQUENCY_1,CPU_FREQUENCY_2,CPU_FREQUENCY_3,CPU_FREQUENCY_4,CPU_FREQUENCY_5,CPU_FREQUENCY_6,CPU_FREQUENCY_7,CPU_TEMP_0,CPU_TEMP_1,CPU_TEMP_2,CPU_TEMP_3,CPU_TEMP_4,CPU_TEMP_5,CPU_TEMP_6,CPU_TEMP_7,CPU_TEMP_8,CPU_TEMP_9,CPU_USAGE_0,CPU_USAGE_1,CPU_USAGE_2,CPU_USAGE_3,CPU_USAGE_4,CPU_USAGE_5,CPU_USAGE_6,CPU_USAGE_7,SYSTEM_POWER (Watts),TOTAL_MEMORY,TOTAL_SWAP,USED_MEMORY,USED_SWAP
0,1729581676994,3228,3228,3228,3228,3228,3228,3228,3228,76.53842163085938,74.07686614990234,82.21883392333984,84.90641784667969,80.39315795898438,74.65309143066406,82.97427368164063,83.629150390625,77.22270202636719,74.69328308105469,100,NaN,NaN,0,0,100,0,NaN,12.78190803527832,17179869184,22548578304,4811472896,21248278528
300,1729581676994,3228,3228,3228,3228,3228,3228,3228,3228,76.53842163085938,74.07686614990234,82.21883392333984,84.90641784667969,80.39315795898438,74.65309143066406,82.97427368164063,83.629150390625,77.22270202636719,74.69328308105469,NaN,50,100,100,100,NaN,NaN,0,12.78190803527832,17179869184,22548578304,4815208448,21248278528
9,1729581677294,3228,3228,3228,3228,3228,3228,3228,3228,76.53842163085938,74.07686614990234,82.21883392333984,84.90641784667969,80.39315795898438,74.65309143066406,82.97427368164063,83.629150390625,77.22270202636719,74.69328308105469,33.333335876464844,40,73.33333587646484,53.333335876464844,50,22.580644607543945,19.35483741760254,10,12.78190803527832,17179869184,22548578304,4833869824,21248278528
