Delta,Time,CPU_FREQUENCY_0,CPU_FREQUENCY_1,CPU_FREQUENCY_2,CPU_FREQUENCY_3,CPU_FREQUENCY_4,CPU_FREQUENCY_5,CPU_FREQUENCY_6,CPU_FREQUENCY_7,CPU_TEMP_0,CPU_TEMP_1,CPU_TEMP_2,CPU_TEMP_3,CPU_TEMP_4,CPU_TEMP_5,CPU_TEMP_6,CPU_TEMP_7,CPU_TEMP_8,CPU_TEMP_9,CPU_USAGE_0,CPU_USAGE_1,CPU_USAGE_2,CPU_USAGE_3,CPU_USAGE_4,CPU_USAGE_5,CPU_USAGE_6,CPU_USAGE_7,SYSTEM_POWER (Watts),TOTAL_MEMORY,TOTAL_SWAP,USED_MEMORY,USED_SWAP
0,1729540132531,3228,3228,3228,3228,3228,3228,3228,3228,65.22101593017578,62.744503021240234,64.00504302978516,64.162109375,65.31243896484375,63.425167083740234,63.86513137817383,63.85372543334961,66.48727416992188,65.02947998046875,0,50,0,50,0,0,0,0,5.249523639678955,17179869184,21474836480,5222481920,20369506304
309,1729540132531,3228,3228,3228,3228,3228,3228,3228,3228,65.22101593017578,62.744503021240234,64.00504302978516,64.162109375,65.31243896484375,63.425167083740234,63.86513137817383,63.85372543334961,66.48727416992188,65.02947998046875,100,0,NaN,0,0,0,0,0,5.249523639678955,17179869184,21474836480,5225070592,20369506304
309,1729540132841,3228,3228,3228,3228,3228,3228,3228,3228,65.22101593017578,62.744503021240234,64.00504302978516,64.162109375,65.31243896484375,63.425167083740234,63.86513137817383,63.85372543334961,66.48727416992188,65.02947998046875,87.5,90.32257843017578,90.625,96.55171966552734,90.32257843017578,87.09677124023438,87.09677124023438,87.09677124023438,5.249523639678955,17179869184,21474836480,5283233792,20369506304
10,1729540133151,3228,3228,3228,3228,3228,3228,3228,3228,67.46939849853516,63.77676773071289,67.60943603515625,68.2010269165039,68.06564331054688,65.06842041015625,65.98554229736328,65.762939453125,67.55492401123047,66.05582427978516,16.666667938232422,16.129032135009766,26.666667938232422,36.3636360168457,33.333335876464844,6.6666669845581055,0,0,5.249523639678955,17179869184,21474836480,5223645184,20369506304
