Delta,Time,CPU_FREQUENCY_0,CPU_FREQUENCY_1,CPU_FREQUENCY_2,CPU_FREQUENCY_3,CPU_FREQUENCY_4,CPU_FREQUENCY_5,CPU_FREQUENCY_6,CPU_FREQUENCY_7,CPU_TEMP_0,CPU_TEMP_1,CPU_TEMP_2,CPU_TEMP_3,CPU_TEMP_4,CPU_TEMP_5,CPU_TEMP_6,CPU_TEMP_7,CPU_TEMP_8,CPU_TEMP_9,CPU_USAGE_0,CPU_USAGE_1,CPU_USAGE_2,CPU_USAGE_3,CPU_USAGE_4,CPU_USAGE_5,CPU_USAGE_6,CPU_USAGE_7,SYSTEM_POWER (Watts),TOTAL_MEMORY,TOTAL_SWAP,USED_MEMORY,USED_SWAP
0,1729566719941,3228,3228,3228,3228,3228,3228,3228,3228,64.35028839111328,59.516178131103516,67.96625518798828,69.22904968261719,67.19169616699219,62.62357711791992,65.21228790283203,63.57199478149414,61.46439743041992,61.50746154785156,NaN,NaN,0,0,0,0,0,0,18.65201187133789,17179869184,22548578304,5619564544,21248278528
301,1729566719941,3228,3228,3228,3228,3228,3228,3228,3228,64.35028839111328,59.516178131103516,67.96625518798828,69.22904968261719,67.19169616699219,62.62357711791992,65.21228790283203,63.57199478149414,61.46439743041992,61.50746154785156,0,66.66667175292969,NaN,NaN,0,NaN,0,0,18.65201187133789,17179869184,22548578304,5619564544,21248278528
309,1729566720243,3228,3228,3228,3228,3228,3228,3228,3228,64.35028839111328,59.516178131103516,67.96625518798828,69.22904968261719,67.19169616699219,62.62357711791992,65.21228790283203,63.57199478149414,61.46439743041992,61.50746154785156,96.7741928100586,96.42857360839844,100,96.7741928100586,96.66666412353516,96.55171966552734,96.66666412353516,96.55171966552734,12.436394691467285,17179869184,22548578304,5619564544,21248278528
8,1729566720553,3228,3228,3228,3228,3228,3228,3228,3228,64.35028839111328,59.516178131103516,67.96625518798828,69.22904968261719,67.19169616699219,62.62357711791992,65.21228790283203,63.57199478149414,61.46439743041992,61.50746154785156,20,25.80644989013672,96.66666412353516,93.54838562011719,93.54838562011719,93.54838562011719,67.74193572998047,48.3870964050293,12.436394691467285,17179869184,22548578304,5640339456,21248278528
