Delta,Time,CPU_FREQUENCY_0,CPU_FREQUENCY_1,CPU_FREQUENCY_2,CPU_FREQUENCY_3,CPU_FREQUENCY_4,CPU_FREQUENCY_5,CPU_FREQUENCY_6,CPU_FREQUENCY_7,CPU_TEMP_0,CPU_TEMP_1,CPU_TEMP_2,CPU_TEMP_3,CPU_TEMP_4,CPU_TEMP_5,CPU_TEMP_6,CPU_TEMP_7,CPU_TEMP_8,CPU_TEMP_9,CPU_USAGE_0,CPU_USAGE_1,CPU_USAGE_2,CPU_USAGE_3,CPU_USAGE_4,CPU_USAGE_5,CPU_USAGE_6,CPU_USAGE_7,SYSTEM_POWER (Watts),TOTAL_MEMORY,TOTAL_SWAP,USED_MEMORY,USED_SWAP
0,1729530798157,3228,3228,3228,3228,3228,3228,3228,3228,68.01416778564453,64.81327056884766,69.63505554199219,71.05233764648438,70.27392578125,66.56278228759766,68.77952575683594,68.00212097167969,67.0698013305664,66.4345932006836,NaN,100,100,NaN,50,100,50,0,25.272594451904297,17179869184,18253611008,8078884864,17578328064
309,1729530798157,3228,3228,3228,3228,3228,3228,3228,3228,68.01416778564453,64.81327056884766,69.63505554199219,71.05233764648438,70.27392578125,66.56278228759766,68.77952575683594,68.00212097167969,67.0698013305664,66.4345932006836,50,0,100,100,NaN,NaN,100,0,25.272594451904297,17179869184,18253611008,8082440192,17578328064
7,1729530798467,3228,3228,3228,3228,3228,3228,3228,3228,68.01416778564453,64.81327056884766,69.63505554199219,71.05233764648438,70.27392578125,66.56278228759766,68.77952575683594,68.00212097167969,67.0698013305664,66.4345932006836,51.61289978027344,66.66667175292969,96.7741928100586,93.54838562011719,90.32257843017578,90.32257843017578,58.06451416015625,22.580644607543945,12.191034317016602,17179869184,18253611008,8096514048,17578328064
