Delta,Time,CPU_FREQUENCY_0,CPU_FREQUENCY_1,CPU_FREQUENCY_2,CPU_FREQUENCY_3,CPU_FREQUENCY_4,CPU_FREQUENCY_5,CPU_FREQUENCY_6,CPU_FREQUENCY_7,CPU_TEMP_0,CPU_TEMP_1,CPU_TEMP_2,CPU_TEMP_3,CPU_TEMP_4,CPU_TEMP_5,CPU_TEMP_6,CPU_TEMP_7,CPU_TEMP_8,CPU_TEMP_9,CPU_USAGE_0,CPU_USAGE_1,CPU_USAGE_2,CPU_USAGE_3,CPU_USAGE_4,CPU_USAGE_5,CPU_USAGE_6,CPU_USAGE_7,SYSTEM_POWER (Watts),TOTAL_MEMORY,TOTAL_SWAP,USED_MEMORY,USED_SWAP
0,1729575391503,3228,3228,3228,3228,3228,3228,3228,3228,68.60498809814453,65.0959243774414,70.42639923095703,71.8464126586914,70.34873962402344,66.9875259399414,68.09329986572266,68.20024108886719,67.03888702392578,66.56424713134766,NaN,0,100,100,100,50,100,0,11.437689781188965,17179869184,22548578304,4133912576,21248278528
309,1729575391503,3228,3228,3228,3228,3228,3228,3228,3228,68.60498809814453,65.0959243774414,70.42639923095703,71.8464126586914,70.34873962402344,66.9875259399414,68.09329986572266,68.20024108886719,67.03888702392578,66.56424713134766,0,NaN,NaN,100,100,NaN,100,100,11.437689781188965,17179869184,22548578304,4136484864,21248278528
307,1729575391814,3228,3228,3228,3228,3228,3228,3228,3228,68.60498809814453,65.0959243774414,70.42639923095703,71.8464126586914,70.34873962402344,66.9875259399414,68.09329986572266,68.20024108886719,67.03888702392578,66.56424713134766,90.625,90.32257843017578,100,96.7741928100586,96.7741928100586,100,100,96.7741928100586,11.437689781188965,17179869184,22548578304,4196352000,21248278528
305,1729575392121,3228,3228,3228,3228,3228,3228,3228,3228,69.90288543701172,66.75946044921875,72.41913604736328,74.2359390258789,71.72868347167969,67.97686004638672,71.62467956542969,72.12507629394531,69.791015625,67.93204498291016,13.333333969116211,16.129032135009766,51.61289978027344,56.66666793823242,26.666667938232422,34.375,9.67741870880127,6.45161247253418,11.437689781188965,17179869184,22548578304,4212998144,21248278528
7,1729575392427,3228,3228,3228,3228,3228,3228,3228,3228,69.90288543701172,66.75946044921875,72.41913604736328,74.2359390258789,71.72868347167969,67.97686004638672,71.62467956542969,72.12507629394531,69.791015625,67.93204498291016,16.666667938232422,20,60.000003814697266,58.06451416015625,54.83871078491211,50,3.3333334922790527,3.22580623626709,15.130630493164063,17179869184,22548578304,4152393728,21248278528
