Delta,Time,CPU_FREQUENCY_0,CPU_FREQUENCY_1,CPU_FREQUENCY_2,CPU_FREQUENCY_3,CPU_FREQUENCY_4,CPU_FREQUENCY_5,CPU_FREQUENCY_6,CPU_FREQUENCY_7,CPU_TEMP_0,CPU_TEMP_1,CPU_TEMP_2,CPU_TEMP_3,CPU_TEMP_4,CPU_TEMP_5,CPU_TEMP_6,CPU_TEMP_7,CPU_TEMP_8,CPU_TEMP_9,CPU_USAGE_0,CPU_USAGE_1,CPU_USAGE_2,CPU_USAGE_3,CPU_USAGE_4,CPU_USAGE_5,CPU_USAGE_6,CPU_USAGE_7,SYSTEM_POWER (Watts),TOTAL_MEMORY,TOTAL_SWAP,USED_MEMORY,USED_SWAP
0,1729598220390,3228,3228,3228,3228,3228,3228,3228,3228,64.03743743896484,62.26350784301758,63.768165588378906,64.16943359375,64.17244720458984,62.568233489990234,62.45671081542969,63.22775650024414,64.86589050292969,64.24406433105469,100,NaN,0,0,0,0,0,0,5.014323711395264,17179869184,22548578304,4896178176,20968570880
307,1729598220390,3228,3228,3228,3228,3228,3228,3228,3228,64.03743743896484,62.26350784301758,63.768165588378906,64.16943359375,64.17244720458984,62.568233489990234,62.45671081542969,63.22775650024414,64.86589050292969,64.24406433105469,0,0,0,100,0,0,0,0,5.014323711395264,17179869184,22548578304,4898865152,20968570880
307,1729598220697,3228,3228,3228,3228,3228,3228,3228,3228,64.03743743896484,62.26350784301758,63.768165588378906,64.16943359375,64.17244720458984,62.568233489990234,62.45671081542969,63.22775650024414,64.86589050292969,64.24406433105469,90,87.09677124023438,93.33333587646484,93.54838562011719,90,90,90.32257843017578,90,5.014323711395264,17179869184,22548578304,4974968832,20968570880
8,1729598221004,3228,3228,3228,3228,3228,3228,3228,3228,64.03743743896484,62.26350784301758,63.768165588378906,64.16943359375,64.17244720458984,62.568233489990234,62.45671081542969,63.22775650024414,64.86589050292969,64.24406433105469,16.129032135009766,16.666667938232422,60.000003814697266,37.931034088134766,22.580644607543945,35.48387145996094,13.333333969116211,12.90322494506836,4.728176116943359,17179869184,22548578304,4937564160,20968570880
