Delta,Time,CPU_FREQUENCY_0,CPU_FREQUENCY_1,CPU_FREQUENCY_2,CPU_FREQUENCY_3,CPU_FREQUENCY_4,CPU_FREQUENCY_5,CPU_FREQUENCY_6,CPU_FREQUENCY_7,CPU_TEMP_0,CPU_TEMP_1,CPU_TEMP_2,CPU_TEMP_3,CPU_TEMP_4,CPU_TEMP_5,CPU_TEMP_6,CPU_TEMP_7,CPU_TEMP_8,CPU_TEMP_9,CPU_USAGE_0,CPU_USAGE_1,CPU_USAGE_2,CPU_USAGE_3,CPU_USAGE_4,CPU_USAGE_5,CPU_USAGE_6,CPU_USAGE_7,SYSTEM_POWER (Watts),TOTAL_MEMORY,TOTAL_SWAP,USED_MEMORY,USED_SWAP
0,1729544641358,3228,3228,3228,3228,3228,3228,3228,3228,61.26676559448242,59.161048889160156,59.686065673828125,61.61820602416992,61.701148986816406,59.45479202270508,60.23406982421875,60.538883209228516,62.03416442871094,61.7652587890625,50,0,0,0,0,0,0,0,18.5334415435791,17179869184,21474836480,6211518464,20260454400
309,1729544641358,3228,3228,3228,3228,3228,3228,3228,3228,61.26676559448242,59.161048889160156,59.686065673828125,61.61820602416992,61.701148986816406,59.45479202270508,60.23406982421875,60.538883209228516,62.03416442871094,61.7652587890625,0,0,NaN,50,0,0,0,0,18.5334415435791,17179869184,21474836480,6213664768,20260454400
309,1729544641668,3228,3228,3228,3228,3228,3228,3228,3228,61.26676559448242,59.161048889160156,59.686065673828125,61.61820602416992,61.701148986816406,59.45479202270508,60.23406982421875,60.538883209228516,62.03416442871094,61.7652587890625,90.32257843017578,90.32257843017578,90.625,96.66666412353516,93.54838562011719,90.32257843017578,87.09677124023438,90.32257843017578,8.190046310424805,17179869184,21474836480,6255558656,20260454400
7,1729544641978,3228,3228,3228,3228,3228,3228,3228,3228,61.26676559448242,59.161048889160156,59.686065673828125,61.61820602416992,61.701148986816406,59.45479202270508,60.23406982421875,60.538883209228516,62.03416442871094,61.7652587890625,19.35483741760254,12.90322494506836,16.129032135009766,65.625,22.580644607543945,6.25,9.375,6.45161247253418,8.190046310424805,17179869184,21474836480,6223331328,20260454400
