Delta,Time,CPU_FREQUENCY_0,CPU_FREQUENCY_1,CPU_FREQUENCY_2,CPU_FREQUENCY_3,CPU_FREQUENCY_4,CPU_FREQUENCY_5,CPU_FREQUENCY_6,CPU_FREQUENCY_7,CPU_TEMP_0,CPU_TEMP_1,CPU_TEMP_2,CPU_TEMP_3,CPU_TEMP_4,CPU_TEMP_5,CPU_TEMP_6,CPU_TEMP_7,CPU_TEMP_8,CPU_TEMP_9,CPU_USAGE_0,CPU_USAGE_1,CPU_USAGE_2,CPU_USAGE_3,CPU_USAGE_4,CPU_USAGE_5,CPU_USAGE_6,CPU_USAGE_7,SYSTEM_POWER (Watts),TOTAL_MEMORY,TOTAL_SWAP,USED_MEMORY,USED_SWAP
0,1729579308751,3228,3228,3228,3228,3228,3228,3228,3228,67.86886596679688,64.98976135253906,73.76052856445313,76.0230712890625,71.86857604980469,66.19851684570313,72.44744873046875,72.52934265136719,68.39535522460938,66.50037384033203,66.66667175292969,0,0,100,0,50,0,0,19.388212203979492,17179869184,22548578304,4155523072,21248278528
307,1729579308751,3228,3228,3228,3228,3228,3228,3228,3228,67.86886596679688,64.98976135253906,73.76052856445313,76.0230712890625,71.86857604980469,66.19851684570313,72.44744873046875,72.52934265136719,68.39535522460938,66.50037384033203,0,0,0,0,0,NaN,0,0,19.388212203979492,17179869184,22548578304,4155523072,21248278528
9,1729579309059,3228,3228,3228,3228,3228,3228,3228,3228,67.50115966796875,64.83251953125,72.4724349975586,74.13072967529297,70.69019317626953,65.80171966552734,71.19119262695313,70.89867401123047,67.4354248046875,66.03117370605469,27.586206436157227,26.666667938232422,67.74193572998047,67.74193572998047,66.66667175292969,48.3870964050293,33.333335876464844,23.33333396911621,19.388212203979492,17179869184,22548578304,4155523072,21248278528
