Delta,Time,CPU_FREQUENCY_0,CPU_FREQUENCY_1,CPU_FREQUENCY_2,CPU_FREQUENCY_3,CPU_FREQUENCY_4,CPU_FREQUENCY_5,CPU_FREQUENCY_6,CPU_FREQUENCY_7,CPU_TEMP_0,CPU_TEMP_1,CPU_TEMP_2,CPU_TEMP_3,CPU_TEMP_4,CPU_TEMP_5,CPU_TEMP_6,CPU_TEMP_7,CPU_TEMP_8,CPU_TEMP_9,CPU_USAGE_0,CPU_USAGE_1,CPU_USAGE_2,CPU_USAGE_3,CPU_USAGE_4,CPU_USAGE_5,CPU_USAGE_6,CPU_USAGE_7,SYSTEM_POWER (Watts),TOTAL_MEMORY,TOTAL_SWAP,USED_MEMORY,USED_SWAP
0,1729566591452,3228,3228,3228,3228,3228,3228,3228,3228,60.28798294067383,56.53900909423828,63.67528533935547,64.91187286376953,62.95033264160156,58.69187545776367,60.39472579956055,60.48530960083008,58.93910217285156,58.79350280761719,50,0,50,100,0,100,50,0,6.931126117706299,17179869184,22548578304,4170645504,21248278528
307,1729566591452,3228,3228,3228,3228,3228,3228,3228,3228,60.28798294067383,56.53900909423828,63.67528533935547,64.91187286376953,62.95033264160156,58.69187545776367,60.39472579956055,60.48530960083008,58.93910217285156,58.79350280761719,NaN,0,100,NaN,100,NaN,NaN,50,6.931126117706299,17179869184,22548578304,4174413824,21248278528
307,1729566591759,3228,3228,3228,3228,3228,3228,3228,3228,64.07721710205078,60.79466247558594,69.00788116455078,70.69132232666016,68.1131820678711,62.68938446044922,67.67042541503906,67.55392456054688,63.83544921875,62.557945251464844,96.66666412353516,96.66666412353516,100,100,96.7741928100586,96.96969604492188,96.7741928100586,100,6.931126117706299,17179869184,22548578304,4197236736,21248278528
305,1729566592067,3228,3228,3228,3228,3228,3228,3228,3228,64.07721710205078,60.79466247558594,69.00788116455078,70.69132232666016,68.1131820678711,62.68938446044922,67.67042541503906,67.55392456054688,63.83544921875,62.557945251464844,29.032257080078125,22.580644607543945,83.33332824707031,86.66666412353516,76.66666412353516,72.41378784179688,61.29032516479492,30.000001907348633,6.931126117706299,17179869184,22548578304,4204822528,21248278528
10,1729566592374,3228,3228,3228,3228,3228,3228,3228,3228,64.07721710205078,60.79466247558594,69.00788116455078,70.69132232666016,68.1131820678711,62.68938446044922,67.67042541503906,67.55392456054688,63.83544921875,62.557945251464844,33.333335876464844,26.666667938232422,29.032257080078125,25.80644989013672,16.129032135009766,16.129032135009766,6.6666669845581055,3.22580623626709,25.336557388305664,17179869184,22548578304,4168122368,21248278528
