Delta,Time,CPU_FREQUENCY_0,CPU_FREQUENCY_1,CPU_FREQUENCY_2,CPU_FREQUENCY_3,CPU_FREQUENCY_4,CPU_FREQUENCY_5,CPU_FREQUENCY_6,CPU_FREQUENCY_7,CPU_TEMP_0,CPU_TEMP_1,CPU_TEMP_2,CPU_TEMP_3,CPU_TEMP_4,CPU_TEMP_5,CPU_TEMP_6,CPU_TEMP_7,CPU_TEMP_8,CPU_TEMP_9,CPU_USAGE_0,CPU_USAGE_1,CPU_USAGE_2,CPU_USAGE_3,CPU_USAGE_4,CPU_USAGE_5,CPU_USAGE_6,CPU_USAGE_7,SYSTEM_POWER (Watts),TOTAL_MEMORY,TOTAL_SWAP,USED_MEMORY,USED_SWAP
0,1729570125747,3228,3228,3228,3228,3228,3228,3228,3228,67.75,64.47064971923828,73.06981658935547,73.7607650756836,69.75003814697266,66.39994049072266,69.79695129394531,69.54508972167969,67.29479217529297,66.10861206054688,0,NaN,50,0,0,100,0,0,10.832560539245605,17179869184,22548578304,4990664704,21248278528
309,1729570125747,3228,3228,3228,3228,3228,3228,3228,3228,67.75,64.47064971923828,73.06981658935547,73.7607650756836,69.75003814697266,66.39994049072266,69.79695129394531,69.54508972167969,67.29479217529297,66.10861206054688,NaN,NaN,100,NaN,NaN,NaN,NaN,0,10.832560539245605,17179869184,22548578304,4990664704,21248278528
309,1729570126057,3228,3228,3228,3228,3228,3228,3228,3228,67.75,64.47064971923828,73.06981658935547,73.7607650756836,69.75003814697266,66.39994049072266,69.79695129394531,69.54508972167969,67.29479217529297,66.10861206054688,90.32257843017578,87.8787841796875,96.66666412353516,96.7741928100586,93.75,96.875,93.54838562011719,93.33333587646484,10.832560539245605,17179869184,22548578304,4990664704,21248278528
10,1729570126367,3228,3228,3228,3228,3228,3228,3228,3228,67.75,64.47064971923828,73.06981658935547,73.7607650756836,69.75003814697266,66.39994049072266,69.79695129394531,69.54508972167969,67.29479217529297,66.10861206054688,19.35483741760254,13.333333969116211,45.16128921508789,46.875,27.586206436157227,32.25806427001953,16.129032135009766,9.67741870880127,23.899438858032227,17179869184,22548578304,5003608064,21248278528
