Delta,Time,CPU_FREQUENCY_0,CPU_FREQUENCY_1,CPU_FREQUENCY_2,CPU_FREQUENCY_3,CPU_FREQUENCY_4,CPU_FREQUENCY_5,CPU_FREQUENCY_6,CPU_FREQUENCY_7,CPU_TEMP_0,CPU_TEMP_1,CPU_TEMP_2,CPU_TEMP_3,CPU_TEMP_4,CPU_TEMP_5,CPU_TEMP_6,CPU_TEMP_7,CPU_TEMP_8,CPU_TEMP_9,CPU_USAGE_0,CPU_USAGE_1,CPU_USAGE_2,CPU_USAGE_3,CPU_USAGE_4,CPU_USAGE_5,CPU_USAGE_6,CPU_USAGE_7,SYSTEM_POWER (Watts),TOTAL_MEMORY,TOTAL_SWAP,USED_MEMORY,USED_SWAP
0,1729541552697,3228,3228,3228,3228,3228,3228,3228,3228,58.38485336303711,55.71006774902344,55.57220458984375,57.21737289428711,57.67003631591797,56.518192291259766,56.23416519165039,56.60075759887695,58.343910217285156,57.76134490966797,NaN,0,100,0,100,NaN,100,0,4.757453918457031,17179869184,21474836480,6245154816,20369506304
306,1729541552697,3228,3228,3228,3228,3228,3228,3228,3228,58.38485336303711,55.71006774902344,55.57220458984375,57.21737289428711,57.67003631591797,56.518192291259766,56.23416519165039,56.60075759887695,58.343910217285156,57.76134490966797,0,0,0,100,NaN,50,100,0,4.757453918457031,17179869184,21474836480,6249480192,20369506304
7,1729541553004,3228,3228,3228,3228,3228,3228,3228,3228,58.38485336303711,55.71006774902344,55.57220458984375,57.21737289428711,57.67003631591797,56.518192291259766,56.23416519165039,56.60075759887695,58.343910217285156,57.76134490966797,9.375,6.6666669845581055,86.66666412353516,75.86206817626953,67.74193572998047,74.19355010986328,58.06451416015625,41.935482025146484,4.757453918457031,17179869184,21474836480,6247251968,20369506304
