Delta,Time,CPU_FREQUENCY_0,CPU_FREQUENCY_1,CPU_FREQUENCY_2,CPU_FREQUENCY_3,CPU_FREQUENCY_4,CPU_FREQUENCY_5,CPU_FREQUENCY_6,CPU_FREQUENCY_7,CPU_TEMP_0,CPU_TEMP_1,CPU_TEMP_2,CPU_TEMP_3,CPU_TEMP_4,CPU_TEMP_5,CPU_TEMP_6,CPU_TEMP_7,CPU_TEMP_8,CPU_TEMP_9,CPU_USAGE_0,CPU_USAGE_1,CPU_USAGE_2,CPU_USAGE_3,CPU_USAGE_4,CPU_USAGE_5,CPU_USAGE_6,CPU_USAGE_7,SYSTEM_POWER (Watts),TOTAL_MEMORY,TOTAL_SWAP,USED_MEMORY,USED_SWAP
0,1729566919505,3228,3228,3228,3228,3228,3228,3228,3228,64.48821258544922,61.246883392333984,67.22754669189453,68.16695404052734,65.05110168457031,62.61900329589844,64.00455474853516,64.07357788085938,63.36520004272461,63.197784423828125,0,0,0,0,0,0,0,0,20.698257446289063,17179869184,22548578304,5073420288,21248278528
309,1729566919505,3228,3228,3228,3228,3228,3228,3228,3228,64.48821258544922,61.246883392333984,67.22754669189453,68.16695404052734,65.05110168457031,62.61900329589844,64.00455474853516,64.07357788085938,63.36520004272461,63.197784423828125,0,50,100,50,0,0,0,0,20.698257446289063,17179869184,22548578304,5073420288,21248278528
307,1729566919815,3228,3228,3228,3228,3228,3228,3228,3228,61.47654724121094,58.85028076171875,60.550025939941406,61.80570602416992,61.72027587890625,60.06386184692383,59.65323257446289,60.87192153930664,61.868106842041016,61.173095703125,70.96774291992188,70,84.375,76.66666412353516,74.19355010986328,73.33333587646484,74.19355010986328,70.96774291992188,20.698257446289063,17179869184,22548578304,5073420288,21248278528
12,1729566920122,3228,3228,3228,3228,3228,3228,3228,3228,61.47654724121094,58.85028076171875,60.550025939941406,61.80570602416992,61.72027587890625,60.06386184692383,59.65323257446289,60.87192153930664,61.868106842041016,61.173095703125,12.90322494506836,12.90322494506836,31.034481048583984,12.90322494506836,16.129032135009766,3.3333334922790527,0,3.22580623626709,10.099532127380371,17179869184,22548578304,5104418816,21248278528
