Delta,Time,CPU_FREQUENCY_0,CPU_FREQUENCY_1,CPU_FREQUENCY_2,CPU_FREQUENCY_3,CPU_FREQUENCY_4,CPU_FREQUENCY_5,CPU_FREQUENCY_6,CPU_FREQUENCY_7,CPU_TEMP_0,CPU_TEMP_1,CPU_TEMP_2,CPU_TEMP_3,CPU_TEMP_4,CPU_TEMP_5,CPU_TEMP_6,CPU_TEMP_7,CPU_TEMP_8,CPU_TEMP_9,CPU_USAGE_0,CPU_USAGE_1,CPU_USAGE_2,CPU_USAGE_3,CPU_USAGE_4,CPU_USAGE_5,CPU_USAGE_6,CPU_USAGE_7,SYSTEM_POWER (Watts),TOTAL_MEMORY,TOTAL_SWAP,USED_MEMORY,USED_SWAP
0,1729550684660,3228,3228,3228,3228,3228,3228,3228,3228,62.54646682739258,58.884178161621094,63.820518493652344,65.5263442993164,64.64822387695313,61.27873992919922,63.09883499145508,61.47556686401367,61.34120559692383,61.17145538330078,50,0,0,0,0,0,0,0,19.456464767456055,17179869184,21474836480,5492670464,20766916608
305,1729550684660,3228,3228,3228,3228,3228,3228,3228,3228,62.54646682739258,58.884178161621094,63.820518493652344,65.5263442993164,64.64822387695313,61.27873992919922,63.09883499145508,61.47556686401367,61.34120559692383,61.17145538330078,0,0,0,100,0,0,0,0,19.456464767456055,17179869184,21474836480,5492670464,20766916608
9,1729550684966,3228,3228,3228,3228,3228,3228,3228,3228,62.54646682739258,58.884178161621094,63.820518493652344,65.5263442993164,64.64822387695313,61.27873992919922,63.09883499145508,61.47556686401367,61.34120559692383,61.17145538330078,17.241378784179688,16.129032135009766,78.125,66.66667175292969,64.51612854003906,54.83871078491211,25.80644989013672,12.90322494506836,14.564797401428223,17179869184,21474836480,5492670464,20766916608
