Delta,Time,CPU_FREQUENCY_0,CPU_FREQUENCY_1,CPU_FREQUENCY_2,CPU_FREQUENCY_3,CPU_FREQUENCY_4,CPU_FREQUENCY_5,CPU_FREQUENCY_6,CPU_FREQUENCY_7,CPU_TEMP_0,CPU_TEMP_1,CPU_TEMP_2,CPU_TEMP_3,CPU_TEMP_4,CPU_TEMP_5,CPU_TEMP_6,CPU_TEMP_7,CPU_TEMP_8,CPU_TEMP_9,CPU_USAGE_0,CPU_USAGE_1,CPU_USAGE_2,CPU_USAGE_3,CPU_USAGE_4,CPU_USAGE_5,CPU_USAGE_6,CPU_USAGE_7,SYSTEM_POWER (Watts),TOTAL_MEMORY,TOTAL_SWAP,USED_MEMORY,USED_SWAP
0,1729559397720,3228,3228,3228,3228,3228,3228,3228,3228,68.83448028564453,66.94644165039063,69.16136169433594,70.0848159790039,69.9425277709961,67.01527404785156,68.51802062988281,68.82493591308594,69.83992004394531,68.50968933105469,100,100,100,100,100,100,NaN,100,5.0029754638671875,17179869184,22548578304,5596512256,21273444352
303,1729559397720,3228,3228,3228,3228,3228,3228,3228,3228,68.83448028564453,66.94644165039063,69.16136169433594,70.0848159790039,69.9425277709961,67.01527404785156,68.51802062988281,68.82493591308594,69.83992004394531,68.50968933105469,100,100,100,50,100,NaN,100,100,5.0029754638671875,17179869184,22548578304,5596512256,21273444352
303,1729559398024,3228,3228,3228,3228,3228,3228,3228,3228,68.83448028564453,66.94644165039063,69.16136169433594,70.0848159790039,69.9425277709961,67.01527404785156,68.51802062988281,68.82493591308594,69.83992004394531,68.50968933105469,100,100,96.7741928100586,100,100,96.875,100,96.7741928100586,4.985811233520508,17179869184,22548578304,5596512256,21273444352
304,1729559398327,3228,3228,3228,3228,3228,3228,3228,3228,68.83448028564453,66.94644165039063,69.16136169433594,70.0848159790039,69.9425277709961,67.01527404785156,68.51802062988281,68.82493591308594,69.83992004394531,68.50968933105469,90.32257843017578,90,96.42857360839844,93.33333587646484,93.33333587646484,96.66666412353516,96.66666412353516,93.33333587646484,4.985811233520508,17179869184,22548578304,5760319488,21273444352
7,1729559398632,3228,3228,3228,3228,3228,3228,3228,3228,75.58094787597656,74.27204895019531,80.82441711425781,83.13573455810547,79.07788848876953,74.04158782958984,79.98159790039063,80.93486022949219,79.3577651977539,75.32168579101563,83.33332824707031,80,93.54838562011719,93.33333587646484,93.33333587646484,96.66666412353516,93.75,96.66666412353516,4.985811233520508,17179869184,22548578304,5837684736,21273444352
