Delta,Time,CPU_FREQUENCY_0,CPU_FREQUENCY_1,CPU_FREQUENCY_2,CPU_FREQUENCY_3,CPU_FREQUENCY_4,CPU_FREQUENCY_5,CPU_FREQUENCY_6,CPU_FREQUENCY_7,CPU_TEMP_0,CPU_TEMP_1,CPU_TEMP_2,CPU_TEMP_3,CPU_TEMP_4,CPU_TEMP_5,CPU_TEMP_6,CPU_TEMP_7,CPU_TEMP_8,CPU_TEMP_9,CPU_USAGE_0,CPU_USAGE_1,CPU_USAGE_2,CPU_USAGE_3,CPU_USAGE_4,CPU_USAGE_5,CPU_USAGE_6,CPU_USAGE_7,SYSTEM_POWER (Watts),TOTAL_MEMORY,TOTAL_SWAP,USED_MEMORY,USED_SWAP
0,1729594147998,3228,3228,3228,3228,3228,3228,3228,3228,70.2695083618164,64.41220092773438,75.52069854736328,77.67280578613281,73.47344970703125,67.77787780761719,71.30773162841797,71.78631591796875,66.5472412109375,66.69004821777344,100,100,100,0,0,NaN,0,0,14.97758674621582,17179869184,22548578304,4613160960,20976959488
304,1729594147998,3228,3228,3228,3228,3228,3228,3228,3228,70.2695083618164,64.41220092773438,75.52069854736328,77.67280578613281,73.47344970703125,67.77787780761719,71.30773162841797,71.78631591796875,66.5472412109375,66.69004821777344,50,50,0,0,100,100,50,0,14.97758674621582,17179869184,22548578304,4613160960,20976959488
6,1729594148303,3228,3228,3228,3228,3228,3228,3228,3228,69.96321868896484,65.67113494873047,74.62225341796875,75.72270202636719,72.32207489013672,67.91026306152344,72.37676239013672,71.62971496582031,68.31010437011719,68.00077819824219,20.689655303955078,19.35483741760254,90,83.33332824707031,77.41934967041016,76.66666412353516,46.66666793823242,30.000001907348633,14.97758674621582,17179869184,22548578304,4613160960,20976959488
