Delta,Time,CPU_FREQUENCY_0,CPU_FREQUENCY_1,CPU_FREQUENCY_2,CPU_FREQUENCY_3,CPU_FREQUENCY_4,CPU_FREQUENCY_5,CPU_FREQUENCY_6,CPU_FREQUENCY_7,CPU_TEMP_0,CPU_TEMP_1,CPU_TEMP_2,CPU_TEMP_3,CPU_TEMP_4,CPU_TEMP_5,CPU_TEMP_6,CPU_TEMP_7,CPU_TEMP_8,CPU_TEMP_9,CPU_USAGE_0,CPU_USAGE_1,CPU_USAGE_2,CPU_USAGE_3,CPU_USAGE_4,CPU_USAGE_5,CPU_USAGE_6,CPU_USAGE_7,SYSTEM_POWER (Watts),TOTAL_MEMORY,TOTAL_SWAP,USED_MEMORY,USED_SWAP
0,1729536226659,3228,3228,3228,3228,3228,3228,3228,3228,69.80950927734375,66.30130004882813,74.01653289794922,74.47425079345703,71.01082611083984,67.56637573242188,70.37659454345703,70.04205322265625,68.63296508789063,68.15434265136719,50,NaN,100,100,NaN,NaN,50,100,24.704004287719727,17179869184,20401094656,5842157568,19923599360
309,1729536226659,3228,3228,3228,3228,3228,3228,3228,3228,69.80950927734375,66.30130004882813,74.01653289794922,74.47425079345703,71.01082611083984,67.56637573242188,70.37659454345703,70.04205322265625,68.63296508789063,68.15434265136719,0,0,100,100,50,100,NaN,0,24.704004287719727,17179869184,20401094656,5845336064,19923599360
7,1729536226970,3228,3228,3228,3228,3228,3228,3228,3228,71.47042083740234,67.9321517944336,76.16139221191406,77.5196304321289,74.68238067626953,69.5519790649414,74.2518310546875,73.25318908691406,70.42788696289063,69.54694366455078,16.666667938232422,16.129032135009766,70.96774291992188,64.51612854003906,63.33333206176758,70.96774291992188,58.06451416015625,33.333335876464844,24.704004287719727,17179869184,20401094656,5868765184,19923599360
