Delta,Time,CPU_FREQUENCY_0,CPU_FREQUENCY_1,CPU_FREQUENCY_2,CPU_FREQUENCY_3,CPU_FREQUENCY_4,CPU_FREQUENCY_5,CPU_FREQUENCY_6,CPU_FREQUENCY_7,CPU_TEMP_0,CPU_TEMP_1,CPU_TEMP_2,CPU_TEMP_3,CPU_TEMP_4,CPU_TEMP_5,CPU_TEMP_6,CPU_TEMP_7,CPU_TEMP_8,CPU_TEMP_9,CPU_USAGE_0,CPU_USAGE_1,CPU_USAGE_2,CPU_USAGE_3,CPU_USAGE_4,CPU_USAGE_5,CPU_USAGE_6,CPU_USAGE_7,SYSTEM_POWER (Watts),TOTAL_MEMORY,TOTAL_SWAP,USED_MEMORY,USED_SWAP
0,1729566479184,3228,3228,3228,3228,3228,3228,3228,3228,67.78524780273438,63.5115852355957,72.5416259765625,73.3936767578125,69.32532501220703,65.7791519165039,67.1129379272461,67.61152648925781,65.74797058105469,66.04268646240234,0,0,0,100,0,0,0,0,27.437715530395508,17179869184,22548578304,5014372352,21248278528
309,1729566479184,3228,3228,3228,3228,3228,3228,3228,3228,67.78524780273438,63.5115852355957,72.5416259765625,73.3936767578125,69.32532501220703,65.7791519165039,67.1129379272461,67.61152648925781,65.74797058105469,66.04268646240234,0,50,NaN,0,100,0,0,0,27.437715530395508,17179869184,22548578304,5017747456,21248278528
309,1729566479494,3228,3228,3228,3228,3228,3228,3228,3228,67.78524780273438,63.5115852355957,72.5416259765625,73.3936767578125,69.32532501220703,65.7791519165039,67.1129379272461,67.61152648925781,65.74797058105469,66.04268646240234,41.935482025146484,36.66666793823242,80,76.66666412353516,77.41934967041016,64.51612854003906,56.25,46.66666793823242,27.437715530395508,17179869184,22548578304,6159024128,21248278528
10,1729566479805,3228,3228,3228,3228,3228,3228,3228,3228,67.3193130493164,63.8078498840332,71.09915924072266,73.13937377929688,69.46573638916016,65.66522216796875,67.59664916992188,68.24238586425781,67.40450286865234,66.22049713134766,10,9.67741870880127,62.5,48.3870964050293,32.25806427001953,46.66666793823242,33.333335876464844,32.25806427001953,27.437715530395508,17179869184,22548578304,5219516416,21248278528
