Delta,Time,CPU_FREQUENCY_0,CPU_FREQUENCY_1,CPU_FREQUENCY_2,CPU_FREQUENCY_3,CPU_FREQUENCY_4,CPU_FREQUENCY_5,CPU_FREQUENCY_6,CPU_FREQUENCY_7,CPU_TEMP_0,CPU_TEMP_1,CPU_TEMP_2,CPU_TEMP_3,CPU_TEMP_4,CPU_TEMP_5,CPU_TEMP_6,CPU_TEMP_7,CPU_TEMP_8,CPU_TEMP_9,CPU_USAGE_0,CPU_USAGE_1,CPU_USAGE_2,CPU_USAGE_3,CPU_USAGE_4,CPU_USAGE_5,CPU_USAGE_6,CPU_USAGE_7,SYSTEM_POWER (Watts),TOTAL_MEMORY,TOTAL_SWAP,USED_MEMORY,USED_SWAP
0,1729546641136,3228,3228,3228,3228,3228,3228,3228,3228,64.08380126953125,62.06389617919922,63.37786865234375,64.07412719726563,65.01286315917969,63.09163284301758,62.79612731933594,63.41096878051758,65.57766723632813,64.69070434570313,0,NaN,100,100,0,50,NaN,0,4.63786506652832,17179869184,21474836480,6686457856,20243677184
303,1729546641136,3228,3228,3228,3228,3228,3228,3228,3228,64.08380126953125,62.06389617919922,63.37786865234375,64.07412719726563,65.01286315917969,63.09163284301758,62.79612731933594,63.41096878051758,65.57766723632813,64.69070434570313,100,0,NaN,100,100,NaN,0,100,4.63786506652832,17179869184,21474836480,6686457856,20243677184
300,1729546641440,3228,3228,3228,3228,3228,3228,3228,3228,70.11249542236328,66.03839111328125,76.21881866455078,77.29374694824219,72.68234252929688,68.04510498046875,71.45411682128906,71.69904327392578,68.87882995605469,67.56299591064453,93.54838562011719,96.7741928100586,96.7741928100586,100,100,100,100,96.7741928100586,4.63786506652832,17179869184,21474836480,6686457856,20243677184
300,1729546641740,3228,3228,3228,3228,3228,3228,3228,3228,70.11249542236328,66.03839111328125,76.21881866455078,77.29374694824219,72.68234252929688,68.04510498046875,71.45411682128906,71.69904327392578,68.87882995605469,67.56299591064453,34.482757568359375,33.333335876464844,87.09677124023438,87.09677124023438,89.6551742553711,83.33332824707031,63.33333206176758,53.333335876464844,11.36063003540039,17179869184,21474836480,6763479040,20243677184
8,1729546642041,3228,3228,3228,3228,3228,3228,3228,3228,70.11249542236328,66.03839111328125,76.21881866455078,77.29374694824219,72.68234252929688,68.04510498046875,71.45411682128906,71.69904327392578,68.87882995605469,67.56299591064453,30.000001907348633,33.333335876464844,63.33333206176758,90,64.51612854003906,48.3870964050293,51.61289978027344,36.66666793823242,11.36063003540039,17179869184,21474836480,6731317248,20243677184
