Delta,Time,CPU_FREQUENCY_0,CPU_FREQUENCY_1,CPU_FREQUENCY_2,CPU_FREQUENCY_3,CPU_FREQUENCY_4,CPU_FREQUENCY_5,CPU_FREQUENCY_6,CPU_FREQUENCY_7,CPU_TEMP_0,CPU_TEMP_1,CPU_TEMP_2,CPU_TEMP_3,CPU_TEMP_4,CPU_TEMP_5,CPU_TEMP_6,CPU_TEMP_7,CPU_TEMP_8,CPU_TEMP_9,CPU_USAGE_0,CPU_USAGE_1,CPU_USAGE_2,CPU_USAGE_3,CPU_USAGE_4,CPU_USAGE_5,CPU_USAGE_6,CPU_USAGE_7,SYSTEM_POWER (Watts),TOTAL_MEMORY,TOTAL_SWAP,USED_MEMORY,USED_SWAP
0,1729535777220,3228,3228,3228,3228,3228,3228,3228,3228,64.01024627685547,59.25181579589844,68.04371643066406,69.46159362792969,67.87434387207031,62.08757781982422,66.16429138183594,64.89442443847656,62.298770904541016,61.07966613769531,0,0,0,50,50,50,0,0,25.12185287475586,17179869184,20401094656,6865240064,19923599360
305,1729535777220,3228,3228,3228,3228,3228,3228,3228,3228,64.01024627685547,59.25181579589844,68.04371643066406,69.46159362792969,67.87434387207031,62.08757781982422,66.16429138183594,64.89442443847656,62.298770904541016,61.07966613769531,0,0,50,NaN,100,0,0,0,25.12185287475586,17179869184,20401094656,6865240064,19923599360
307,1729535777526,3228,3228,3228,3228,3228,3228,3228,3228,64.01024627685547,59.25181579589844,68.04371643066406,69.46159362792969,67.87434387207031,62.08757781982422,66.16429138183594,64.89442443847656,62.298770904541016,61.07966613769531,58.06451416015625,50,86.66666412353516,83.87096405029297,86.20689392089844,80,86.66666412353516,77.41934967041016,25.554424285888672,17179869184,20401094656,6865240064,19923599360
12,1729535777833,3228,3228,3228,3228,3228,3228,3228,3228,64.01024627685547,59.25181579589844,68.04371643066406,69.46159362792969,67.87434387207031,62.08757781982422,66.16429138183594,64.89442443847656,62.298770904541016,61.07966613769531,24.137929916381836,29.032257080078125,56.66666793823242,66.66667175292969,61.29032516479492,25.80644989013672,22.580644607543945,16.129032135009766,25.554424285888672,17179869184,20401094656,7007027200,19923599360
