Delta,Time,CPU_FREQUENCY_0,CPU_FREQUENCY_1,CPU_FREQUENCY_2,CPU_FREQUENCY_3,CPU_FREQUENCY_4,CPU_FREQUENCY_5,CPU_FREQUENCY_6,CPU_FREQUENCY_7,CPU_TEMP_0,CPU_TEMP_1,CPU_TEMP_2,CPU_TEMP_3,CPU_TEMP_4,CPU_TEMP_5,CPU_TEMP_6,CPU_TEMP_7,CPU_TEMP_8,CPU_TEMP_9,CPU_USAGE_0,CPU_USAGE_1,CPU_USAGE_2,CPU_USAGE_3,CPU_USAGE_4,CPU_USAGE_5,CPU_USAGE_6,CPU_USAGE_7,SYSTEM_POWER (Watts),TOTAL_MEMORY,TOTAL_SWAP,USED_MEMORY,USED_SWAP
0,1729575972966,3228,3228,3228,3228,3228,3228,3228,3228,61.1181640625,58.3588981628418,59.46733093261719,61.124046325683594,61.519737243652344,59.43157958984375,58.9041862487793,60.122772216796875,60.81703567504883,60.75963592529297,50,50,0,33.333335876464844,0,0,0,0,4.661481857299805,17179869184,22548578304,4799053824,21248278528
309,1729575972966,3228,3228,3228,3228,3228,3228,3228,3228,61.1181640625,58.3588981628418,59.46733093261719,61.124046325683594,61.519737243652344,59.43157958984375,58.9041862487793,60.122772216796875,60.81703567504883,60.75963592529297,0,NaN,0,100,0,100,0,0,4.661481857299805,17179869184,22548578304,4801904640,21248278528
307,1729575973276,3228,3228,3228,3228,3228,3228,3228,3228,61.1181640625,58.3588981628418,59.46733093261719,61.124046325683594,61.519737243652344,59.43157958984375,58.9041862487793,60.122772216796875,60.81703567504883,60.75963592529297,90.32257843017578,87.5,96.7741928100586,90,93.33333587646484,90.32257843017578,87.5,90.625,4.661481857299805,17179869184,22548578304,4859592704,21248278528
11,1729575973584,3228,3228,3228,3228,3228,3228,3228,3228,61.1181640625,58.3588981628418,59.46733093261719,61.124046325683594,61.519737243652344,59.43157958984375,58.9041862487793,60.122772216796875,60.81703567504883,60.75963592529297,12.90322494506836,6.6666669845581055,38.70967483520508,32.25806427001953,32.25806427001953,22.580644607543945,3.22580623626709,0,4.741947174072266,17179869184,22548578304,4817666048,21248278528
