Delta,Time,CPU_FREQUENCY_0,CPU_FREQUENCY_1,CPU_FREQUENCY_2,CPU_FREQUENCY_3,CPU_FREQUENCY_4,CPU_FREQUENCY_5,CPU_FREQUENCY_6,CPU_FREQUENCY_7,CPU_TEMP_0,CPU_TEMP_1,CPU_TEMP_2,CPU_TEMP_3,CPU_TEMP_4,CPU_TEMP_5,CPU_TEMP_6,CPU_TEMP_7,CPU_TEMP_8,CPU_TEMP_9,CPU_USAGE_0,CPU_USAGE_1,CPU_USAGE_2,CPU_USAGE_3,CPU_USAGE_4,CPU_USAGE_5,CPU_USAGE_6,CPU_USAGE_7,SYSTEM_POWER (Watts),TOTAL_MEMORY,TOTAL_SWAP,USED_MEMORY,USED_SWAP
0,1729581464659,3228,3228,3228,3228,3228,3228,3228,3228,58.90186309814453,56.471397399902344,57.59858703613281,59.68315887451172,59.51006317138672,57.363121032714844,57.43983459472656,58.15485382080078,59.55989456176758,58.6083984375,0,NaN,100,0,0,NaN,0,0,5.701922416687012,17179869184,22548578304,5773443072,21248278528
307,1729581464660,3228,3228,3228,3228,3228,3228,3228,3228,58.90186309814453,56.471397399902344,57.59858703613281,59.68315887451172,59.51006317138672,57.363121032714844,57.43983459472656,58.15485382080078,59.55989456176758,58.6083984375,NaN,0,0,100,NaN,0,0,NaN,5.701922416687012,17179869184,22548578304,5773443072,21248278528
308,1729581464967,3228,3228,3228,3228,3228,3228,3228,3228,60.36958694458008,56.471397399902344,60.98078155517578,63.17822265625,62.12803649902344,58.931312561035156,60.096317291259766,60.786624908447266,59.55989456176758,58.6083984375,81.25,83.87096405029297,96.66666412353516,96.66666412353516,96.7741928100586,90.32257843017578,93.54838562011719,87.09677124023438,5.701922416687012,17179869184,22548578304,5773443072,21248278528
10,1729581465276,3228,3228,3228,3228,3228,3228,3228,3228,60.36958694458008,57.919097900390625,60.98078155517578,63.17822265625,62.12803649902344,58.931312561035156,60.096317291259766,60.786624908447266,61.373802185058594,59.593116760253906,10,13.333333969116211,48.3870964050293,41.935482025146484,26.666667938232422,25.80644989013672,9.67741870880127,3.22580623626709,5.701922416687012,17179869184,22548578304,5820809216,21248278528
