Delta,Time,CPU_FREQUENCY_0,CPU_FREQUENCY_1,CPU_FREQUENCY_2,CPU_FREQUENCY_3,CPU_FREQUENCY_4,CPU_FREQUENCY_5,CPU_FREQUENCY_6,CPU_FREQUENCY_7,CPU_TEMP_0,CPU_TEMP_1,CPU_TEMP_2,CPU_TEMP_3,CPU_TEMP_4,CPU_TEMP_5,CPU_TEMP_6,CPU_TEMP_7,CPU_TEMP_8,CPU_TEMP_9,CPU_USAGE_0,CPU_USAGE_1,CPU_USAGE_2,CPU_USAGE_3,CPU_USAGE_4,CPU_USAGE_5,CPU_USAGE_6,CPU_USAGE_7,SYSTEM_POWER (Watts),TOTAL_MEMORY,TOTAL_SWAP,USED_MEMORY,USED_SWAP
0,1729557312691,3228,3228,3228,3228,3228,3228,3228,3228,66.13943481445313,61.915992736816406,70.28486633300781,72.17672729492188,69.19657135009766,63.601097106933594,68.60733032226563,68.86957550048828,65.50544738769531,63.205711364746094,0,50,NaN,0,50,100,0,0,4.88690185546875,17179869184,22548578304,4466671616,21348941824
307,1729557312691,3228,3228,3228,3228,3228,3228,3228,3228,66.13943481445313,61.915992736816406,70.28486633300781,72.17672729492188,69.19657135009766,63.601097106933594,68.60733032226563,68.86957550048828,65.50544738769531,63.205711364746094,NaN,0,100,100,100,100,100,50,4.88690185546875,17179869184,22548578304,4472340480,21348941824
300,1729557312999,3228,3228,3228,3228,3228,3228,3228,3228,66.13943481445313,61.915992736816406,70.28486633300781,72.17672729492188,69.19657135009766,63.601097106933594,68.60733032226563,68.86957550048828,65.50544738769531,63.205711364746094,90.32257843017578,90.32257843017578,96.7741928100586,96.7741928100586,100,100,100,96.66666412353516,16.365663528442383,17179869184,22548578304,4557291520,21348941824
9,1729557313299,3228,3228,3228,3228,3228,3228,3228,3228,66.13943481445313,61.915992736816406,70.28486633300781,72.17672729492188,69.19657135009766,63.601097106933594,68.60733032226563,68.86957550048828,65.50544738769531,63.205711364746094,13.333333969116211,10.344827651977539,75.86206817626953,75.86206817626953,46.66666793823242,58.06451416015625,32.25806427001953,13.333333969116211,16.365663528442383,17179869184,22548578304,4506615808,21348941824
