Delta,Time,CPU_FREQUENCY_0,CPU_FREQUENCY_1,CPU_FREQUENCY_2,CPU_FREQUENCY_3,CPU_FREQUENCY_4,CPU_FREQUENCY_5,CPU_FREQUENCY_6,CPU_FREQUENCY_7,CPU_TEMP_0,CPU_TEMP_1,CPU_TEMP_2,CPU_TEMP_3,CPU_TEMP_4,CPU_TEMP_5,CPU_TEMP_6,CPU_TEMP_7,CPU_TEMP_8,CPU_TEMP_9,CPU_USAGE_0,CPU_USAGE_1,CPU_USAGE_2,CPU_USAGE_3,CPU_USAGE_4,CPU_USAGE_5,CPU_USAGE_6,CPU_USAGE_7,SYSTEM_POWER (Watts),TOTAL_MEMORY,TOTAL_SWAP,USED_MEMORY,USED_SWAP
0,1729546381477,3228,3228,3228,3228,3228,3228,3228,3228,65.80714416503906,62.4930419921875,65.58187103271484,66.10215759277344,65.44229125976563,63.323062896728516,63.80976486206055,63.97490692138672,65.8472900390625,64.5897216796875,NaN,50,NaN,0,0,0,0,0,23.80160140991211,17179869184,21474836480,7021903872,20243677184
309,1729546381477,3228,3228,3228,3228,3228,3228,3228,3228,65.80714416503906,62.4930419921875,65.58187103271484,66.10215759277344,65.44229125976563,63.323062896728516,63.80976486206055,63.97490692138672,65.8472900390625,64.5897216796875,100,NaN,0,100,0,50,0,0,23.80160140991211,17179869184,21474836480,7021903872,20243677184
9,1729546381787,3228,3228,3228,3228,3228,3228,3228,3228,65.80714416503906,62.4930419921875,65.58187103271484,66.10215759277344,65.44229125976563,63.323062896728516,63.80976486206055,63.97490692138672,65.8472900390625,64.5897216796875,16.129032135009766,18.75,37.5,22.580644607543945,9.67741870880127,6.6666669845581055,3.3333334922790527,0,12.929709434509277,17179869184,21474836480,7021903872,20243677184
