Delta,Time,CPU_FREQUENCY_0,CPU_FREQUENCY_1,CPU_FREQUENCY_2,CPU_FREQUENCY_3,CPU_FREQUENCY_4,CPU_FREQUENCY_5,CPU_FREQUENCY_6,CPU_FREQUENCY_7,CPU_TEMP_0,CPU_TEMP_1,CPU_TEMP_2,CPU_TEMP_3,CPU_TEMP_4,CPU_TEMP_5,CPU_TEMP_6,CPU_TEMP_7,CPU_TEMP_8,CPU_TEMP_9,CPU_USAGE_0,CPU_USAGE_1,CPU_USAGE_2,CPU_USAGE_3,CPU_USAGE_4,CPU_USAGE_5,CPU_USAGE_6,CPU_USAGE_7,SYSTEM_POWER (Watts),TOTAL_MEMORY,TOTAL_SWAP,USED_MEMORY,USED_SWAP
0,1729568231624,3228,3228,3228,3228,3228,3228,3228,3228,65.33081817626953,62.277503967285156,66.791259765625,68.28657531738281,67.04583740234375,63.94316864013672,65.56770324707031,66.29129028320313,65.94160461425781,65.05106353759766,50,0,100,100,NaN,100,100,100,4.6978068351745605,17179869184,22548578304,3766943744,21248278528
309,1729568231625,3228,3228,3228,3228,3228,3228,3228,3228,65.33081817626953,62.277503967285156,66.791259765625,68.28657531738281,67.04583740234375,63.94316864013672,65.56770324707031,66.29129028320313,65.94160461425781,65.05106353759766,0,NaN,NaN,NaN,0,NaN,100,NaN,4.6978068351745605,17179869184,22548578304,3771138048,21248278528
300,1729568231934,3228,3228,3228,3228,3228,3228,3228,3228,70.70169067382813,67.81646728515625,76.62722778320313,78.49598693847656,73.5212173461914,68.83161163330078,75.32331848144531,75.82926940917969,71.46757507324219,69.45427703857422,70,65.625,90.625,93.33333587646484,93.33333587646484,86.66666412353516,80.6451644897461,74.19355010986328,4.6978068351745605,17179869184,22548578304,3771138048,21248278528
9,1729568232235,3228,3228,3228,3228,3228,3228,3228,3228,70.70169067382813,67.81646728515625,76.62722778320313,78.49598693847656,73.5212173461914,68.83161163330078,75.32331848144531,75.82926940917969,71.46757507324219,69.45427703857422,33.333335876464844,33.333335876464844,80,74.19355010986328,61.29032516479492,38.70967483520508,30.000001907348633,23.33333396911621,23.456645965576172,17179869184,22548578304,3856859136,21248278528
