Delta,Time,CPU_FREQUENCY_0,CPU_FREQUENCY_1,CPU_FREQUENCY_2,CPU_FREQUENCY_3,CPU_FREQUENCY_4,CPU_FREQUENCY_5,CPU_FREQUENCY_6,CPU_FREQUENCY_7,CPU_TEMP_0,CPU_TEMP_1,CPU_TEMP_2,CPU_TEMP_3,CPU_TEMP_4,CPU_TEMP_5,CPU_TEMP_6,CPU_TEMP_7,CPU_TEMP_8,CPU_TEMP_9,CPU_USAGE_0,CPU_USAGE_1,CPU_USAGE_2,CPU_USAGE_3,CPU_USAGE_4,CPU_USAGE_5,CPU_USAGE_6,CPU_USAGE_7,SYSTEM_POWER (Watts),TOTAL_MEMORY,TOTAL_SWAP,USED_MEMORY,USED_SWAP
0,1729568120896,3228,3228,3228,3228,3228,3228,3228,3228,68.03781127929688,63.510459899902344,71.90349578857422,72.77677154541016,71.00897979736328,66.38008880615234,66.4164047241211,66.58161926269531,66.02973175048828,65.24754333496094,0,NaN,100,NaN,0,100,NaN,0,16.49827003479004,17179869184,22548578304,5014945792,21248278528
309,1729568120896,3228,3228,3228,3228,3228,3228,3228,3228,68.03781127929688,63.510459899902344,71.90349578857422,72.77677154541016,71.00897979736328,66.38008880615234,66.4164047241211,66.58161926269531,66.02973175048828,65.24754333496094,100,0,100,100,100,100,100,50,16.49827003479004,17179869184,22548578304,5017501696,21248278528
308,1729568121206,3228,3228,3228,3228,3228,3228,3228,3228,68.03781127929688,63.510459899902344,71.90349578857422,72.77677154541016,71.00897979736328,66.38008880615234,66.4164047241211,66.58161926269531,66.02973175048828,65.24754333496094,93.54838562011719,96.875,96.7741928100586,100,100,96.875,96.7741928100586,96.66666412353516,21.580724716186523,17179869184,22548578304,5086494720,21248278528
307,1729568121514,3228,3228,3228,3228,3228,3228,3228,3228,68.03781127929688,63.510459899902344,71.90349578857422,72.77677154541016,71.00897979736328,66.38008880615234,66.4164047241211,66.58161926269531,66.02973175048828,65.24754333496094,40,33.333335876464844,96.7741928100586,96.66666412353516,96.66666412353516,100,100,96.875,21.580724716186523,17179869184,22548578304,5103140864,21248278528
8,1729568121822,3228,3228,3228,3228,3228,3228,3228,3228,70.32308197021484,67.9366683959961,75.43424224853516,77.29846954345703,73.79058074951172,68.68379974365234,74.86154174804688,75.21719360351563,72.22225952148438,69.01638793945313,19.35483741760254,23.33333396911621,96.66666412353516,93.54838562011719,90,93.54838562011719,87.09677124023438,46.66666793823242,21.580724716186523,17179869184,22548578304,5043486720,21248278528
