Delta,Time,CPU_FREQUENCY_0,CPU_FREQUENCY_1,CPU_FREQUENCY_2,CPU_FREQUENCY_3,CPU_FREQUENCY_4,CPU_FREQUENCY_5,CPU_FREQUENCY_6,CPU_FREQUENCY_7,CPU_TEMP_0,CPU_TEMP_1,CPU_TEMP_2,CPU_TEMP_3,CPU_TEMP_4,CPU_TEMP_5,CPU_TEMP_6,CPU_TEMP_7,CPU_TEMP_8,CPU_TEMP_9,CPU_USAGE_0,CPU_USAGE_1,CPU_USAGE_2,CPU_USAGE_3,CPU_USAGE_4,CPU_USAGE_5,CPU_USAGE_6,CPU_USAGE_7,SYSTEM_POWER (Watts),TOTAL_MEMORY,TOTAL_SWAP,USED_MEMORY,USED_SWAP
0,1729600390641,3228,3228,3228,3228,3228,3228,3228,3228,64.25316619873047,60.11585998535156,68.20254516601563,69.7485580444336,67.73499298095703,63.17018508911133,64.03489685058594,63.90626907348633,62.52519226074219,62.36333465576172,50,50,50,0,0,0,0,0,18.638587951660156,17179869184,22548578304,5711888384,20918173696
304,1729600390642,3228,3228,3228,3228,3228,3228,3228,3228,64.25316619873047,60.11585998535156,68.20254516601563,69.7485580444336,67.73499298095703,63.17018508911133,64.03489685058594,63.90626907348633,62.52519226074219,62.36333465576172,0,0,0,0,0,50,0,0,18.638587951660156,17179869184,22548578304,5714739200,20918173696
309,1729600390947,3228,3228,3228,3228,3228,3228,3228,3228,64.25316619873047,60.11585998535156,68.20254516601563,69.7485580444336,67.73499298095703,63.17018508911133,64.03489685058594,63.90626907348633,62.52519226074219,62.36333465576172,90,90,93.33333587646484,93.54838562011719,100,90,90.32257843017578,87.09677124023438,15.579375267028809,17179869184,22548578304,5785387008,20918173696
9,1729600391257,3228,3228,3228,3228,3228,3228,3228,3228,64.25316619873047,60.11585998535156,68.20254516601563,69.7485580444336,67.73499298095703,63.17018508911133,64.03489685058594,63.90626907348633,62.52519226074219,62.36333465576172,23.33333396911621,16.129032135009766,96.7741928100586,64.51612854003906,68.75,38.70967483520508,38.70967483520508,16.666667938232422,15.579375267028809,17179869184,22548578304,5748178944,20918173696
