Delta,Time,CPU_FREQUENCY_0,CPU_FREQUENCY_1,CPU_FREQUENCY_2,CPU_FREQUENCY_3,CPU_FREQUENCY_4,CPU_FREQUENCY_5,CPU_FREQUENCY_6,CPU_FREQUENCY_7,CPU_TEMP_0,CPU_TEMP_1,CPU_TEMP_2,CPU_TEMP_3,CPU_TEMP_4,CPU_TEMP_5,CPU_TEMP_6,CPU_TEMP_7,CPU_TEMP_8,CPU_TEMP_9,CPU_USAGE_0,CPU_USAGE_1,CPU_USAGE_2,CPU_USAGE_3,CPU_USAGE_4,CPU_USAGE_5,CPU_USAGE_6,CPU_USAGE_7,SYSTEM_POWER (Watts),TOTAL_MEMORY,TOTAL_SWAP,USED_MEMORY,USED_SWAP
0,1729535967945,3228,3228,3228,3228,3228,3228,3228,3228,62.675697326660156,59.56227493286133,63.99006652832031,65.22908020019531,64.65046691894531,61.146156311035156,62.42341613769531,62.63151931762695,63.039859771728516,62.273704528808594,NaN,0,NaN,NaN,NaN,100,100,100,4.66470193862915,17179869184,20401094656,5967085568,19923599360
304,1729535967945,3228,3228,3228,3228,3228,3228,3228,3228,62.675697326660156,59.56227493286133,63.99006652832031,65.22908020019531,64.65046691894531,61.146156311035156,62.42341613769531,62.63151931762695,63.039859771728516,62.273704528808594,0,NaN,NaN,100,NaN,NaN,100,NaN,4.66470193862915,17179869184,20401094656,5969494016,19923599360
306,1729535968250,3228,3228,3228,3228,3228,3228,3228,3228,62.675697326660156,59.56227493286133,63.99006652832031,65.22908020019531,64.65046691894531,61.146156311035156,62.42341613769531,62.63151931762695,63.039859771728516,62.273704528808594,62.06896209716797,60.000003814697266,93.54838562011719,87.09677124023438,87.09677124023438,90.32257843017578,86.66666412353516,76.66666412353516,4.66470193862915,17179869184,20401094656,6951190528,19923599360
9,1729535968557,3228,3228,3228,3228,3228,3228,3228,3228,62.675697326660156,59.56227493286133,63.99006652832031,65.22908020019531,64.65046691894531,61.146156311035156,62.42341613769531,62.63151931762695,63.039859771728516,62.273704528808594,61.29032516479492,54.83871078491211,93.54838562011719,96.66666412353516,93.33333587646484,93.10344696044922,90.32257843017578,87.09677124023438,4.564016819000244,17179869184,20401094656,6267256832,19923599360
