Delta,Time,CPU_FREQUENCY_0,CPU_FREQUENCY_1,CPU_FREQUENCY_2,CPU_FREQUENCY_3,CPU_FREQUENCY_4,CPU_FREQUENCY_5,CPU_FREQUENCY_6,CPU_FREQUENCY_7,CPU_TEMP_0,CPU_TEMP_1,CPU_TEMP_2,CPU_TEMP_3,CPU_TEMP_4,CPU_TEMP_5,CPU_TEMP_6,CPU_TEMP_7,CPU_TEMP_8,CPU_TEMP_9,CPU_USAGE_0,CPU_USAGE_1,CPU_USAGE_2,CPU_USAGE_3,CPU_USAGE_4,CPU_USAGE_5,CPU_USAGE_6,CPU_USAGE_7,SYSTEM_POWER (Watts),TOTAL_MEMORY,TOTAL_SWAP,USED_MEMORY,USED_SWAP
0,1729600501422,3228,3228,3228,3228,3228,3228,3228,3228,69.18924713134766,65.74456024169922,73.99015808105469,74.55419921875,71.35192108154297,67.7431869506836,68.83049774169922,69.35901641845703,68.22529602050781,67.64179992675781,NaN,NaN,0,0,NaN,0,0,0,18.411434173583984,17179869184,22548578304,5846138880,20918173696
301,1729600501422,3228,3228,3228,3228,3228,3228,3228,3228,69.18924713134766,65.74456024169922,73.99015808105469,74.55419921875,71.35192108154297,67.7431869506836,68.83049774169922,69.35901641845703,68.22529602050781,67.64179992675781,0,50,NaN,0,100,0,0,NaN,18.411434173583984,17179869184,22548578304,5848023040,20918173696
309,1729600501724,3228,3228,3228,3228,3228,3228,3228,3228,69.18924713134766,65.74456024169922,73.99015808105469,74.55419921875,71.35192108154297,67.7431869506836,68.83049774169922,69.35901641845703,68.22529602050781,67.64179992675781,36.66666793823242,30.000001907348633,60.000003814697266,63.33333206176758,56.66666793823242,51.72413635253906,46.66666793823242,41.935482025146484,18.411434173583984,17179869184,22548578304,6868598784,20918173696
304,1729600502034,3228,3228,3228,3228,3228,3228,3228,3228,69.18924713134766,65.74456024169922,73.99015808105469,74.55419921875,71.35192108154297,67.7431869506836,68.83049774169922,69.35901641845703,68.22529602050781,67.64179992675781,48.3870964050293,50,64.51612854003906,63.33333206176758,58.06451416015625,45.16128921508789,37.5,33.333335876464844,23.305673599243164,17179869184,22548578304,6361382912,20918173696
11,1729600502339,3228,3228,3228,3228,3228,3228,3228,3228,69.18924713134766,65.74456024169922,73.99015808105469,74.55419921875,71.35192108154297,67.7431869506836,68.83049774169922,69.35901641845703,68.22529602050781,67.64179992675781,74.19355010986328,74.19355010986328,16.129032135009766,16.129032135009766,3.3333334922790527,6.6666669845581055,0,0,23.305673599243164,17179869184,22548578304,6027329536,20918173696
