Delta,Time,CPU_FREQUENCY_0,CPU_FREQUENCY_1,CPU_FREQUENCY_2,CPU_FREQUENCY_3,CPU_FREQUENCY_4,CPU_FREQUENCY_5,CPU_FREQUENCY_6,CPU_FREQUENCY_7,CPU_TEMP_0,CPU_TEMP_1,CPU_TEMP_2,CPU_TEMP_3,CPU_TEMP_4,CPU_TEMP_5,CPU_TEMP_6,CPU_TEMP_7,CPU_TEMP_8,CPU_TEMP_9,CPU_USAGE_0,CPU_USAGE_1,CPU_USAGE_2,CPU_USAGE_3,CPU_USAGE_4,CPU_USAGE_5,CPU_USAGE_6,CPU_USAGE_7,SYSTEM_POWER (Watts),TOTAL_MEMORY,TOTAL_SWAP,USED_MEMORY,USED_SWAP
0,1729577276820,3228,3228,3228,3228,3228,3228,3228,3228,66.50814819335938,63.892520904541016,67.23241424560547,68.86457061767578,67.37566375732422,64.6591796875,66.7789535522461,66.62319946289063,66.05261993408203,65.5231704711914,NaN,0,0,50,0,0,0,0,18.120059967041016,17179869184,22548578304,4157210624,21248278528
306,1729577276820,3228,3228,3228,3228,3228,3228,3228,3228,66.50814819335938,63.892520904541016,67.23241424560547,68.86457061767578,67.37566375732422,64.6591796875,66.7789535522461,66.62319946289063,66.05261993408203,65.5231704711914,0,0,50,100,0,0,0,0,18.120059967041016,17179869184,22548578304,4159291392,21248278528
12,1729577277127,3228,3228,3228,3228,3228,3228,3228,3228,64.87814331054688,62.50506591796875,64.47312927246094,66.36087036132813,65.52056121826172,63.10122299194336,64.38215637207031,65.023193359375,64.95813751220703,64.53996276855469,19.35483741760254,10,36.66666793823242,35.48387145996094,19.35483741760254,12.90322494506836,3.3333334922790527,0,18.120059967041016,17179869184,22548578304,4204920832,21248278528
