Delta,Time,CPU_FREQUENCY_0,CPU_FREQUENCY_1,CPU_FREQUENCY_2,CPU_FREQUENCY_3,CPU_FREQUENCY_4,CPU_FREQUENCY_5,CPU_FREQUENCY_6,CPU_FREQUENCY_7,CPU_TEMP_0,CPU_TEMP_1,CPU_TEMP_2,CPU_TEMP_3,CPU_TEMP_4,CPU_TEMP_5,CPU_TEMP_6,CPU_TEMP_7,CPU_TEMP_8,CPU_TEMP_9,CPU_USAGE_0,CPU_USAGE_1,CPU_USAGE_2,CPU_USAGE_3,CPU_USAGE_4,CPU_USAGE_5,CPU_USAGE_6,CPU_USAGE_7,SYSTEM_POWER (Watts),TOTAL_MEMORY,TOTAL_SWAP,USED_MEMORY,USED_SWAP
0,1729565303471,3228,3228,3228,3228,3228,3228,3228,3228,58.86436462402344,55.78030776977539,57.86901092529297,59.315345764160156,59.46208953857422,57.47294616699219,57.556304931640625,58.577911376953125,59.415924072265625,59.084495544433594,100,100,50,100,100,NaN,0,50,10.803755760192871,17179869184,22548578304,4741726208,21256667136
308,1729565303471,3228,3228,3228,3228,3228,3228,3228,3228,58.86436462402344,55.78030776977539,57.86901092529297,59.315345764160156,59.46208953857422,57.47294616699219,57.556304931640625,58.577911376953125,59.415924072265625,59.084495544433594,0,50,100,50,50,100,100,100,10.803755760192871,17179869184,22548578304,4741726208,21256667136
10,1729565303779,3228,3228,3228,3228,3228,3228,3228,3228,65.0940933227539,61.56439208984375,69.81646728515625,72.08501434326172,68.19127655029297,63.49533462524414,69.19363403320313,69.38491821289063,66.2957763671875,64.07472229003906,36.66666793823242,37.931034088134766,86.20689392089844,90,80,77.41934967041016,70,66.66667175292969,10.803755760192871,17179869184,22548578304,4741726208,21256667136
