Delta,Time,CPU_FREQUENCY_0,CPU_FREQUENCY_1,CPU_FREQUENCY_2,CPU_FREQUENCY_3,CPU_FREQUENCY_4,CPU_FREQUENCY_5,CPU_FREQUENCY_6,CPU_FREQUENCY_7,CPU_TEMP_0,CPU_TEMP_1,CPU_TEMP_2,CPU_TEMP_3,CPU_TEMP_4,CPU_TEMP_5,CPU_TEMP_6,CPU_TEMP_7,CPU_TEMP_8,CPU_TEMP_9,CPU_USAGE_0,CPU_USAGE_1,CPU_USAGE_2,CPU_USAGE_3,CPU_USAGE_4,CPU_USAGE_5,CPU_USAGE_6,CPU_USAGE_7,SYSTEM_POWER (Watts),TOTAL_MEMORY,TOTAL_SWAP,USED_MEMORY,USED_SWAP
0,1729587526708,3228,3228,3228,3228,3228,3228,3228,3228,56.549007415771484,54.02241516113281,55.122032165527344,56.8916015625,56.562416076660156,54.970008850097656,53.93073654174805,55.55242156982422,56.37052536010742,56.09010314941406,0,50,0,0,0,0,0,0,4.914755821228027,17179869184,22548578304,4326490112,21094400000
309,1729587526708,3228,3228,3228,3228,3228,3228,3228,3228,56.549007415771484,54.02241516113281,55.122032165527344,56.8916015625,56.562416076660156,54.970008850097656,53.93073654174805,55.55242156982422,56.37052536010742,56.09010314941406,0,0,50,NaN,0,0,0,0,4.914755821228027,17179869184,22548578304,4326490112,21094400000
305,1729587527018,3228,3228,3228,3228,3228,3228,3228,3228,56.549007415771484,54.02241516113281,55.122032165527344,56.8916015625,56.562416076660156,54.970008850097656,53.93073654174805,55.55242156982422,56.37052536010742,56.09010314941406,35.48387145996094,33.333335876464844,60.000003814697266,74.19355010986328,60.000003814697266,54.83871078491211,51.61289978027344,53.125,4.914755821228027,17179869184,22548578304,4326490112,21094400000
11,1729587527325,3228,3228,3228,3228,3228,3228,3228,3228,58.68117141723633,55.87240219116211,59.096221923828125,61.33386993408203,59.414703369140625,56.59839630126953,57.723270416259766,59.152381896972656,59.11052322387695,57.78667449951172,22.580644607543945,16.129032135009766,54.83871078491211,45.16128921508789,35.48387145996094,38.70967483520508,35.48387145996094,30.000001907348633,4.914755821228027,17179869184,22548578304,4540481536,21094400000
