Delta,Time,CPU_FREQUENCY_0,CPU_FREQUENCY_1,CPU_FREQUENCY_2,CPU_FREQUENCY_3,CPU_FREQUENCY_4,CPU_FREQUENCY_5,CPU_FREQUENCY_6,CPU_FREQUENCY_7,CPU_TEMP_0,CPU_TEMP_1,CPU_TEMP_2,CPU_TEMP_3,CPU_TEMP_4,CPU_TEMP_5,CPU_TEMP_6,CPU_TEMP_7,CPU_TEMP_8,CPU_TEMP_9,CPU_USAGE_0,CPU_USAGE_1,CPU_USAGE_2,CPU_USAGE_3,CPU_USAGE_4,CPU_USAGE_5,CPU_USAGE_6,CPU_USAGE_7,SYSTEM_POWER (Watts),TOTAL_MEMORY,TOTAL_SWAP,USED_MEMORY,USED_SWAP
0,1729572009663,3228,3228,3228,3228,3228,3228,3228,3228,61.12774658203125,56.91438674926758,61.11936950683594,63.13188934326172,61.398040771484375,58.712345123291016,58.2526969909668,59.61547088623047,59.33641815185547,59.43780517578125,0,50,100,100,100,100,NaN,100,4.671540260314941,17179869184,22548578304,4390551552,21248278528
302,1729572009664,3228,3228,3228,3228,3228,3228,3228,3228,61.12774658203125,56.91438674926758,61.11936950683594,63.13188934326172,61.398040771484375,58.712345123291016,58.2526969909668,59.61547088623047,59.33641815185547,59.43780517578125,NaN,NaN,100,100,NaN,NaN,100,100,4.671540260314941,17179869184,22548578304,4394106880,21248278528
9,1729572009966,3228,3228,3228,3228,3228,3228,3228,3228,67.0458984375,62.61931610107422,72.37415313720703,74.45330810546875,69.78842163085938,64.82935333251953,69.06719970703125,69.8442611694336,65.06812286376953,63.87898254394531,29.032257080078125,30.000001907348633,86.66666412353516,80,78.125,54.83871078491211,54.83871078491211,25.80644989013672,4.671540260314941,17179869184,22548578304,4426366976,21248278528
