Delta,Time,CPU_FREQUENCY_0,CPU_FREQUENCY_1,CPU_FREQUENCY_2,CPU_FREQUENCY_3,CPU_FREQUENCY_4,CPU_FREQUENCY_5,CPU_FREQUENCY_6,CPU_FREQUENCY_7,CPU_TEMP_0,CPU_TEMP_1,CPU_TEMP_2,CPU_TEMP_3,CPU_TEMP_4,CPU_TEMP_5,CPU_TEMP_6,CPU_TEMP_7,CPU_TEMP_8,CPU_TEMP_9,CPU_USAGE_0,CPU_USAGE_1,CPU_USAGE_2,CPU_USAGE_3,CPU_USAGE_4,CPU_USAGE_5,CPU_USAGE_6,CPU_USAGE_7,SYSTEM_POWER (Watts),TOTAL_MEMORY,TOTAL_SWAP,USED_MEMORY,USED_SWAP
0,1729587386200,3228,3228,3228,3228,3228,3228,3228,3228,69.4422836303711,65.15428161621094,73.56483459472656,75.589111328125,71.79438018798828,66.97052764892578,71.19407653808594,70.64334106445313,67.19379425048828,66.2895278930664,100,66.66667175292969,0,100,100,NaN,NaN,0,24.312406539916992,17179869184,22548578304,5700190208,21094400000
305,1729587386200,3228,3228,3228,3228,3228,3228,3228,3228,69.4422836303711,65.15428161621094,73.56483459472656,75.589111328125,71.79438018798828,66.97052764892578,71.19407653808594,70.64334106445313,67.19379425048828,66.2895278930664,50,NaN,NaN,100,NaN,100,50,100,24.312406539916992,17179869184,22548578304,5700190208,21094400000
305,1729587386506,3228,3228,3228,3228,3228,3228,3228,3228,69.4422836303711,65.15428161621094,73.56483459472656,75.589111328125,71.79438018798828,66.97052764892578,71.19407653808594,70.64334106445313,67.19379425048828,66.2895278930664,93.33333587646484,93.54838562011719,96.7741928100586,96.7741928100586,96.7741928100586,96.875,100,96.7741928100586,24.312406539916992,17179869184,22548578304,5700190208,21094400000
306,1729587386812,3228,3228,3228,3228,3228,3228,3228,3228,69.4422836303711,65.15428161621094,73.56483459472656,75.589111328125,71.79438018798828,66.97052764892578,71.19407653808594,70.64334106445313,67.19379425048828,66.2895278930664,26.666667938232422,22.580644607543945,80,53.333335876464844,67.74193572998047,24.137929916381836,9.67741870880127,3.3333334922790527,27.33483123779297,17179869184,22548578304,5731074048,21094400000
5,1729587387119,3228,3228,3228,3228,3228,3228,3228,3228,68.32125854492188,64.94506072998047,72.19947052001953,73.85350036621094,69.95149230957031,66.30661010742188,68.41476440429688,69.48698425292969,67.94007110595703,66.23613739013672,22.580644607543945,17.241378784179688,53.125,48.3870964050293,20,6.25,0,0,27.33483123779297,17179869184,22548578304,5694046208,21094400000
