Delta,Time,CPU_FREQUENCY_0,CPU_FREQUENCY_1,CPU_FREQUENCY_2,CPU_FREQUENCY_3,CPU_FREQUENCY_4,CPU_FREQUENCY_5,CPU_FREQUENCY_6,CPU_FREQUENCY_7,CPU_TEMP_0,CPU_TEMP_1,CPU_TEMP_2,CPU_TEMP_3,CPU_TEMP_4,CPU_TEMP_5,CPU_TEMP_6,CPU_TEMP_7,CPU_TEMP_8,CPU_TEMP_9,CPU_USAGE_0,CPU_USAGE_1,CPU_USAGE_2,CPU_USAGE_3,CPU_USAGE_4,CPU_USAGE_5,CPU_USAGE_6,CPU_USAGE_7,SYSTEM_POWER (Watts),TOTAL_MEMORY,TOTAL_SWAP,USED_MEMORY,USED_SWAP
0,1729592195896,3228,3228,3228,3228,3228,3228,3228,3228,67.67788696289063,63.193607330322266,73.06311798095703,74.6109848022461,70.26675415039063,65.0645523071289,67.97904205322266,68.96891784667969,65.04883575439453,64.4638671875,0,50,50,0,0,0,0,0,27.858341217041016,17179869184,22548578304,3861856256,21060845568
309,1729592195897,3228,3228,3228,3228,3228,3228,3228,3228,67.67788696289063,63.193607330322266,73.06311798095703,74.6109848022461,70.26675415039063,65.0645523071289,67.97904205322266,68.96891784667969,65.04883575439453,64.4638671875,0,0,0,0,0,0,0,0,27.858341217041016,17179869184,22548578304,3864788992,21060845568
6,1729592196207,3228,3228,3228,3228,3228,3228,3228,3228,67.67788696289063,63.193607330322266,73.06311798095703,74.6109848022461,70.26675415039063,65.0645523071289,67.97904205322266,68.96891784667969,65.04883575439453,64.4638671875,30.000001907348633,25.80644989013672,35.48387145996094,50,16.666667938232422,9.375,3.22580623626709,0,27.858341217041016,17179869184,22548578304,3916169216,21060845568
