Delta,Time,CPU_FREQUENCY_0,CPU_FREQUENCY_1,CPU_FREQUENCY_2,CPU_FREQUENCY_3,CPU_FREQUENCY_4,CPU_FREQUENCY_5,CPU_FREQUENCY_6,CPU_FREQUENCY_7,CPU_TEMP_0,CPU_TEMP_1,CPU_TEMP_2,CPU_TEMP_3,CPU_TEMP_4,CPU_TEMP_5,CPU_TEMP_6,CPU_TEMP_7,CPU_TEMP_8,CPU_TEMP_9,CPU_USAGE_0,CPU_USAGE_1,CPU_USAGE_2,CPU_USAGE_3,CPU_USAGE_4,CPU_USAGE_5,CPU_USAGE_6,CPU_USAGE_7,SYSTEM_POWER (Watts),TOTAL_MEMORY,TOTAL_SWAP,USED_MEMORY,USED_SWAP
0,1729568444702,3228,3228,3228,3228,3228,3228,3228,3228,65.07975006103516,62.04198455810547,66.63204193115234,67.82762908935547,66.50707244873047,63.479835510253906,64.25811767578125,64.42122650146484,64.5767593383789,64.5059585571289,0,0,NaN,NaN,NaN,100,0,50,4.599397659301758,17179869184,22548578304,5683576832,21248278528
309,1729568444702,3228,3228,3228,3228,3228,3228,3228,3228,65.07975006103516,62.04198455810547,66.63204193115234,67.82762908935547,66.50707244873047,63.479835510253906,64.25811767578125,64.42122650146484,64.5767593383789,64.5059585571289,0,0,100,50,100,0,NaN,NaN,4.599397659301758,17179869184,22548578304,5683576832,21248278528
303,1729568445012,3228,3228,3228,3228,3228,3228,3228,3228,65.07975006103516,62.04198455810547,66.63204193115234,67.82762908935547,66.50707244873047,63.479835510253906,64.25811767578125,64.42122650146484,64.5767593383789,64.5059585571289,96.7741928100586,96.7741928100586,100,100,96.7741928100586,100,100,96.7741928100586,4.599397659301758,17179869184,22548578304,5683576832,21248278528
306,1729568445316,3228,3228,3228,3228,3228,3228,3228,3228,65.07975006103516,62.04198455810547,66.63204193115234,67.82762908935547,66.50707244873047,63.479835510253906,64.25811767578125,64.42122650146484,64.5767593383789,64.5059585571289,43.33333206176758,37.931034088134766,96.66666412353516,96.66666412353516,96.66666412353516,96.7741928100586,93.54838562011719,96.66666412353516,4.6538896560668945,17179869184,22548578304,5756420096,21248278528
6,1729568445623,3228,3228,3228,3228,3228,3228,3228,3228,65.07975006103516,62.04198455810547,66.63204193115234,67.82762908935547,66.50707244873047,63.479835510253906,64.25811767578125,64.42122650146484,64.5767593383789,64.5059585571289,23.33333396911621,22.580644607543945,96.875,90.32257843017578,93.33333587646484,96.55171966552734,86.66666412353516,51.61289978027344,4.6538896560668945,17179869184,22548578304,5750915072,21248278528
