Delta,Time,CPU_FREQUENCY_0,CPU_FREQUENCY_1,CPU_FREQUENCY_2,CPU_FREQUENCY_3,CPU_FREQUENCY_4,CPU_FREQUENCY_5,CPU_FREQUENCY_6,CPU_FREQUENCY_7,CPU_TEMP_0,CPU_TEMP_1,CPU_TEMP_2,CPU_TEMP_3,CPU_TEMP_4,CPU_TEMP_5,CPU_TEMP_6,CPU_TEMP_7,CPU_TEMP_8,CPU_TEMP_9,CPU_USAGE_0,CPU_USAGE_1,CPU_USAGE_2,CPU_USAGE_3,CPU_USAGE_4,CPU_USAGE_5,CPU_USAGE_6,CPU_USAGE_7,SYSTEM_POWER (Watts),TOTAL_MEMORY,TOTAL_SWAP,USED_MEMORY,USED_SWAP
0,1729539250231,3228,3228,3228,3228,3228,3228,3228,3228,65.67362213134766,63.48568344116211,65.12760162353516,65.87644958496094,66.02339172363281,64.33523559570313,64.38035583496094,64.69036865234375,66.63292694091797,65.4697036743164,50,50,0,0,0,0,0,0,23.245281219482422,17179869184,21474836480,4040048640,20377894912
307,1729539250231,3228,3228,3228,3228,3228,3228,3228,3228,65.67362213134766,63.48568344116211,65.12760162353516,65.87644958496094,66.02339172363281,64.33523559570313,64.38035583496094,64.69036865234375,66.63292694091797,65.4697036743164,0,0,100,0,0,0,0,0,23.245281219482422,17179869184,21474836480,4042850304,20377894912
308,1729539250539,3228,3228,3228,3228,3228,3228,3228,3228,65.67362213134766,63.48568344116211,65.12760162353516,65.87644958496094,66.02339172363281,64.33523559570313,64.38035583496094,64.69036865234375,66.63292694091797,65.4697036743164,80,73.33333587646484,93.54838562011719,93.54838562011719,90.32257843017578,87.09677124023438,90,87.5,9.887133598327637,17179869184,21474836480,4042850304,20377894912
9,1729539250847,3228,3228,3228,3228,3228,3228,3228,3228,65.67362213134766,63.48568344116211,65.12760162353516,65.87644958496094,66.02339172363281,64.33523559570313,64.38035583496094,64.69036865234375,66.63292694091797,65.4697036743164,19.35483741760254,16.129032135009766,58.06451416015625,40.625,16.129032135009766,10,3.22580623626709,0,9.887133598327637,17179869184,21474836480,4051828736,20377894912
