Delta,Time,CPU_FREQUENCY_0,CPU_FREQUENCY_1,CPU_FREQUENCY_2,CPU_FREQUENCY_3,CPU_FREQUENCY_4,CPU_FREQUENCY_5,CPU_FREQUENCY_6,CPU_FREQUENCY_7,CPU_TEMP_0,CPU_TEMP_1,CPU_TEMP_2,CPU_TEMP_3,CPU_TEMP_4,CPU_TEMP_5,CPU_TEMP_6,CPU_TEMP_7,CPU_TEMP_8,CPU_TEMP_9,CPU_USAGE_0,CPU_USAGE_1,CPU_USAGE_2,CPU_USAGE_3,CPU_USAGE_4,CPU_USAGE_5,CPU_USAGE_6,CPU_USAGE_7,SYSTEM_POWER (Watts),TOTAL_MEMORY,TOTAL_SWAP,USED_MEMORY,USED_SWAP
0,1729535394703,3228,3228,3228,3228,3228,3228,3228,3228,65.86663055419922,62.514244079589844,65.68636322021484,67.28524780273438,66.50581359863281,63.763648986816406,64.42674255371094,64.50711059570313,65.18154907226563,64.66597747802734,0,66.66667175292969,100,50,100,100,100,0,4.848446846008301,17179869184,20401094656,6491996160,19940376576
301,1729535394703,3228,3228,3228,3228,3228,3228,3228,3228,65.86663055419922,62.514244079589844,65.68636322021484,67.28524780273438,66.50581359863281,63.763648986816406,64.42674255371094,64.50711059570313,65.18154907226563,64.66597747802734,0,0,50,NaN,0,100,50,NaN,4.848446846008301,17179869184,20401094656,6496567296,19940376576
9,1729535395005,3228,3228,3228,3228,3228,3228,3228,3228,71.92273712158203,68.32611083984375,76.28724670410156,78.55315399169922,74.64701080322266,69.3943099975586,76.49195861816406,75.69856262207031,71.2264404296875,69.51937103271484,10,6.896551609039307,76.66666412353516,74.19355010986328,67.74193572998047,76.66666412353516,58.620689392089844,45.16128921508789,4.848446846008301,17179869184,20401094656,6512181248,19940376576
