Delta,Time,CPU_FREQUENCY_0,CPU_FREQUENCY_1,CPU_FREQUENCY_2,CPU_FREQUENCY_3,CPU_FREQUENCY_4,CPU_FREQUENCY_5,CPU_FREQUENCY_6,CPU_FREQUENCY_7,CPU_TEMP_0,CPU_TEMP_1,CPU_TEMP_2,CPU_TEMP_3,CPU_TEMP_4,CPU_TEMP_5,CPU_TEMP_6,CPU_TEMP_7,CPU_TEMP_8,CPU_TEMP_9,CPU_USAGE_0,CPU_USAGE_1,CPU_USAGE_2,CPU_USAGE_3,CPU_USAGE_4,CPU_USAGE_5,CPU_USAGE_6,CPU_USAGE_7,SYSTEM_POWER (Watts),TOTAL_MEMORY,TOTAL_SWAP,USED_MEMORY,USED_SWAP
0,1729592347439,3228,3228,3228,3228,3228,3228,3228,3228,59.30815887451172,56.42483901977539,57.997467041015625,59.725154876708984,59.13823699951172,57.35306167602539,56.80098342895508,58.00746536254883,59.02919387817383,58.9056396484375,0,100,0,0,0,0,0,0,18.181182861328125,17179869184,22548578304,5356453888,21060845568
309,1729592347439,3228,3228,3228,3228,3228,3228,3228,3228,59.30815887451172,56.42483901977539,57.997467041015625,59.725154876708984,59.13823699951172,57.35306167602539,56.80098342895508,58.00746536254883,59.02919387817383,58.9056396484375,100,0,100,0,0,0,0,0,18.181182861328125,17179869184,22548578304,5356453888,21060845568
309,1729592347749,3228,3228,3228,3228,3228,3228,3228,3228,59.30815887451172,56.42483901977539,57.997467041015625,59.725154876708984,59.13823699951172,57.35306167602539,56.80098342895508,58.00746536254883,59.02919387817383,58.9056396484375,87.09677124023438,87.09677124023438,96.66666412353516,93.75,90.32257843017578,87.5,87.09677124023438,87.09677124023438,9.399214744567871,17179869184,22548578304,5356453888,21060845568
10,1729592348059,3228,3228,3228,3228,3228,3228,3228,3228,59.30815887451172,56.42483901977539,57.997467041015625,59.725154876708984,59.13823699951172,57.35306167602539,56.80098342895508,58.00746536254883,59.02919387817383,58.9056396484375,19.35483741760254,29.032257080078125,64.51612854003906,32.25806427001953,22.580644607543945,9.67741870880127,12.90322494506836,6.6666669845581055,9.399214744567871,17179869184,22548578304,5377294336,21060845568
