Delta,Time,CPU_FREQUENCY_0,CPU_FREQUENCY_1,CPU_FREQUENCY_2,CPU_FREQUENCY_3,CPU_FREQUENCY_4,CPU_FREQUENCY_5,CPU_FREQUENCY_6,CPU_FREQUENCY_7,CPU_TEMP_0,CPU_TEMP_1,CPU_TEMP_2,CPU_TEMP_3,CPU_TEMP_4,CPU_TEMP_5,CPU_TEMP_6,CPU_TEMP_7,CPU_TEMP_8,CPU_TEMP_9,CPU_USAGE_0,CPU_USAGE_1,CPU_USAGE_2,CPU_USAGE_3,CPU_USAGE_4,CPU_USAGE_5,CPU_USAGE_6,CPU_USAGE_7,SYSTEM_POWER (Watts),TOTAL_MEMORY,TOTAL_SWAP,USED_MEMORY,USED_SWAP
0,1729540200930,3228,3228,3228,3228,3228,3228,3228,3228,68.61009979248047,65.79197692871094,72.70805358886719,73.31342315673828,70.0066909790039,66.73800659179688,72.1438980102539,70.44331359863281,68.95814514160156,67.22406005859375,0,0,0,0,0,0,50,0,24.12287712097168,17179869184,21474836480,6291488768,20369506304
308,1729540200930,3228,3228,3228,3228,3228,3228,3228,3228,68.61009979248047,65.79197692871094,72.70805358886719,73.31342315673828,70.0066909790039,66.73800659179688,72.1438980102539,70.44331359863281,68.95814514160156,67.22406005859375,0,50,50,0,0,0,50,0,24.12287712097168,17179869184,21474836480,6294306816,20369506304
11,1729540201240,3228,3228,3228,3228,3228,3228,3228,3228,65.02196502685547,62.58496856689453,65.76603698730469,65.60032653808594,65.63957977294922,63.367408752441406,65.07170104980469,63.63087844848633,65.62765502929688,64.51180267333984,12.90322494506836,9.67741870880127,23.33333396911621,6.25,12.90322494506836,9.67741870880127,3.3333334922790527,0,24.12287712097168,17179869184,21474836480,6294306816,20369506304
