Delta,Time,CPU_FREQUENCY_0,CPU_FREQUENCY_1,CPU_FREQUENCY_2,CPU_FREQUENCY_3,CPU_FREQUENCY_4,CPU_FREQUENCY_5,CPU_FREQUENCY_6,CPU_FREQUENCY_7,CPU_TEMP_0,CPU_TEMP_1,CPU_TEMP_2,CPU_TEMP_3,CPU_TEMP_4,CPU_TEMP_5,CPU_TEMP_6,CPU_TEMP_7,CPU_TEMP_8,CPU_TEMP_9,CPU_USAGE_0,CPU_USAGE_1,CPU_USAGE_2,CPU_USAGE_3,CPU_USAGE_4,CPU_USAGE_5,CPU_USAGE_6,CPU_USAGE_7,SYSTEM_POWER (Watts),TOTAL_MEMORY,TOTAL_SWAP,USED_MEMORY,USED_SWAP
0,1729580870457,3228,3228,3228,3228,3228,3228,3228,3228,69.59442901611328,66.19639587402344,73.53327178955078,73.37663269042969,71.0331039428711,67.52507781982422,67.56175231933594,68.46005249023438,68.20057678222656,67.63803100585938,100,50,0,0,0,0,0,0,20.628969192504883,17179869184,22548578304,4712366080,21248278528
306,1729580870457,3228,3228,3228,3228,3228,3228,3228,3228,69.59442901611328,66.19639587402344,73.53327178955078,73.37663269042969,71.0331039428711,67.52507781982422,67.56175231933594,68.46005249023438,68.20057678222656,67.63803100585938,50,NaN,NaN,NaN,0,0,0,0,20.628969192504883,17179869184,22548578304,4715118592,21248278528
308,1729580870764,3228,3228,3228,3228,3228,3228,3228,3228,69.59442901611328,66.19639587402344,73.53327178955078,73.37663269042969,71.0331039428711,67.52507781982422,67.56175231933594,68.46005249023438,68.20057678222656,67.63803100585938,66.66667175292969,64.51612854003906,80.6451644897461,87.09677124023438,72.41378784179688,64.51612854003906,64.51612854003906,64.51612854003906,20.628969192504883,17179869184,22548578304,7409549312,21248278528
10,1729580871072,3228,3228,3228,3228,3228,3228,3228,3228,69.04719543457031,66.84271240234375,71.13352966308594,72.66549682617188,70.75041198730469,67.48312377929688,69.03302001953125,70.63616943359375,69.738525390625,68.2392349243164,32.25806427001953,29.032257080078125,19.35483741760254,29.032257080078125,19.35483741760254,6.6666669845581055,3.3333334922790527,6.6666669845581055,20.628969192504883,17179869184,22548578304,4747182080,21248278528
