Delta,Time,CPU_FREQUENCY_0,CPU_FREQUENCY_1,CPU_FREQUENCY_2,CPU_FREQUENCY_3,CPU_FREQUENCY_4,CPU_FREQUENCY_5,CPU_FREQUENCY_6,CPU_FREQUENCY_7,CPU_TEMP_0,CPU_TEMP_1,CPU_TEMP_2,CPU_TEMP_3,CPU_TEMP_4,CPU_TEMP_5,CPU_TEMP_6,CPU_TEMP_7,CPU_TEMP_8,CPU_TEMP_9,CPU_USAGE_0,CPU_USAGE_1,CPU_USAGE_2,CPU_USAGE_3,CPU_USAGE_4,CPU_USAGE_5,CPU_USAGE_6,CPU_USAGE_7,SYSTEM_POWER (Watts),TOTAL_MEMORY,TOTAL_SWAP,USED_MEMORY,USED_SWAP
0,1729539417646,3228,3228,3228,3228,3228,3228,3228,3228,62.70180892944336,60.13025665283203,63.70585632324219,63.92862319946289,63.51622772216797,61.41911697387695,61.2569465637207,61.303707122802734,63.17862319946289,62.21674346923828,0,0,100,NaN,0,100,0,0,4.68013334274292,17179869184,21474836480,6383910912,20377894912
300,1729539417646,3228,3228,3228,3228,3228,3228,3228,3228,62.70180892944336,60.13025665283203,63.70585632324219,63.92862319946289,63.51622772216797,61.41911697387695,61.2569465637207,61.303707122802734,63.17862319946289,62.21674346923828,0,50,100,50,100,100,100,100,4.68013334274292,17179869184,21474836480,6387908608,20377894912
9,1729539417947,3228,3228,3228,3228,3228,3228,3228,3228,62.70180892944336,60.13025665283203,63.70585632324219,63.92862319946289,63.51622772216797,61.41911697387695,61.2569465637207,61.303707122802734,63.17862319946289,62.21674346923828,13.333333969116211,16.666667938232422,76.66666412353516,70,75.86206817626953,70,58.06451416015625,33.333335876464844,4.68013334274292,17179869184,21474836480,6387908608,20377894912
