Delta,Time,CPU_FREQUENCY_0,CPU_FREQUENCY_1,CPU_FREQUENCY_2,CPU_FREQUENCY_3,CPU_FREQUENCY_4,CPU_FREQUENCY_5,CPU_FREQUENCY_6,CPU_FREQUENCY_7,CPU_TEMP_0,CPU_TEMP_1,CPU_TEMP_2,CPU_TEMP_3,CPU_TEMP_4,CPU_TEMP_5,CPU_TEMP_6,CPU_TEMP_7,CPU_TEMP_8,CPU_TEMP_9,CPU_USAGE_0,CPU_USAGE_1,CPU_USAGE_2,CPU_USAGE_3,CPU_USAGE_4,CPU_USAGE_5,CPU_USAGE_6,CPU_USAGE_7,SYSTEM_POWER (Watts),TOTAL_MEMORY,TOTAL_SWAP,USED_MEMORY,USED_SWAP
0,1729581373259,3228,3228,3228,3228,3228,3228,3228,3228,62.52812194824219,59.41706848144531,65.76592254638672,67.8890151977539,65.45623779296875,60.67976760864258,63.44097900390625,64.10757446289063,62.79334259033203,61.381980895996094,50,50,100,0,100,66.66667175292969,100,0,18.66098976135254,17179869184,22548578304,4766367744,21248278528
306,1729581373260,3228,3228,3228,3228,3228,3228,3228,3228,62.52812194824219,59.41706848144531,65.76592254638672,67.8890151977539,65.45623779296875,60.67976760864258,63.44097900390625,64.10757446289063,62.79334259033203,61.381980895996094,0,0,NaN,100,0,NaN,100,0,18.66098976135254,17179869184,22548578304,4769611776,21248278528
9,1729581373567,3228,3228,3228,3228,3228,3228,3228,3228,62.52812194824219,59.41706848144531,65.76592254638672,67.8890151977539,65.45623779296875,60.67976760864258,63.44097900390625,64.10757446289063,62.79334259033203,61.381980895996094,26.666667938232422,23.33333396911621,83.87096405029297,80,77.41934967041016,83.87096405029297,80.6451644897461,73.33333587646484,6.46882438659668,17179869184,22548578304,4769611776,21248278528
