Delta,Time,CPU_FREQUENCY_0,CPU_FREQUENCY_1,CPU_FREQUENCY_2,CPU_FREQUENCY_3,CPU_FREQUENCY_4,CPU_FREQUENCY_5,CPU_FREQUENCY_6,CPU_FREQUENCY_7,CPU_TEMP_0,CPU_TEMP_1,CPU_TEMP_2,CPU_TEMP_3,CPU_TEMP_4,CPU_TEMP_5,CPU_TEMP_6,CPU_TEMP_7,CPU_TEMP_8,CPU_TEMP_9,CPU_USAGE_0,CPU_USAGE_1,CPU_USAGE_2,CPU_USAGE_3,CPU_USAGE_4,CPU_USAGE_5,CPU_USAGE_6,CPU_USAGE_7,SYSTEM_POWER (Watts),TOTAL_MEMORY,TOTAL_SWAP,USED_MEMORY,USED_SWAP
0,1729550726704,3228,3228,3228,3228,3228,3228,3228,3228,59.17012405395508,56.74221420288086,58.03498077392578,59.4250373840332,59.432350158691406,57.61274719238281,58.001827239990234,57.99093246459961,60.049556732177734,59.83148193359375,50,0,0,0,0,0,0,0,19.12745475769043,17179869184,21474836480,5867454464,20766916608
309,1729550726704,3228,3228,3228,3228,3228,3228,3228,3228,59.17012405395508,56.74221420288086,58.03498077392578,59.4250373840332,59.432350158691406,57.61274719238281,58.001827239990234,57.99093246459961,60.049556732177734,59.83148193359375,0,50,100,50,0,0,0,0,19.12745475769043,17179869184,21474836480,5870239744,20766916608
305,1729550727014,3228,3228,3228,3228,3228,3228,3228,3228,59.17012405395508,56.74221420288086,58.03498077392578,59.4250373840332,59.432350158691406,57.61274719238281,58.001827239990234,57.99093246459961,60.049556732177734,59.83148193359375,70,70,83.87096405029297,82.75862121582031,70.96774291992188,76.66666412353516,73.33333587646484,70,7.270378112792969,17179869184,21474836480,8361787392,20766916608
10,1729550727319,3228,3228,3228,3228,3228,3228,3228,3228,61.26154708862305,58.79085922241211,62.22633361816406,63.762149810791016,62.6793212890625,59.52586364746094,61.82122802734375,61.6495246887207,62.73575973510742,61.42436981201172,16.129032135009766,10,16.666667938232422,12.5,25.80644989013672,6.45161247253418,3.22580623626709,0,7.270378112792969,17179869184,21474836480,5891948544,20766916608
