Delta,Time,CPU_FREQUENCY_0,CPU_FREQUENCY_1,CPU_FREQUENCY_2,CPU_FREQUENCY_3,CPU_FREQUENCY_4,CPU_FREQUENCY_5,CPU_FREQUENCY_6,CPU_FREQUENCY_7,CPU_TEMP_0,CPU_TEMP_1,CPU_TEMP_2,CPU_TEMP_3,CPU_TEMP_4,CPU_TEMP_5,CPU_TEMP_6,CPU_TEMP_7,CPU_TEMP_8,CPU_TEMP_9,CPU_USAGE_0,CPU_USAGE_1,CPU_USAGE_2,CPU_USAGE_3,CPU_USAGE_4,CPU_USAGE_5,CPU_USAGE_6,CPU_USAGE_7,SYSTEM_POWER (Watts),TOTAL_MEMORY,TOTAL_SWAP,USED_MEMORY,USED_SWAP
0,1729577794259,3228,3228,3228,3228,3228,3228,3228,3228,61.580326080322266,58.75828170776367,60.48179626464844,61.473140716552734,61.29615020751953,59.85929489135742,59.663352966308594,60.31114959716797,61.66121292114258,61.46818542480469,100,0,0,50,0,0,0,0,4.853496074676514,17179869184,22548578304,6572556288,21248278528
301,1729577794259,3228,3228,3228,3228,3228,3228,3228,3228,61.580326080322266,58.75828170776367,60.48179626464844,61.473140716552734,61.29615020751953,59.85929489135742,59.663352966308594,60.31114959716797,61.66121292114258,61.46818542480469,0,0,50,0,0,0,0,0,4.853496074676514,17179869184,22548578304,6572556288,21248278528
306,1729577794561,3228,3228,3228,3228,3228,3228,3228,3228,61.580326080322266,58.75828170776367,60.48179626464844,61.473140716552734,61.29615020751953,59.85929489135742,59.663352966308594,60.31114959716797,61.66121292114258,61.46818542480469,66.66667175292969,64.51612854003906,86.20689392089844,80,70,72.41378784179688,70,67.74193572998047,4.644942760467529,17179869184,22548578304,6572556288,21248278528
7,1729577794868,3228,3228,3228,3228,3228,3228,3228,3228,61.580326080322266,58.75828170776367,60.48179626464844,61.473140716552734,61.29615020751953,59.85929489135742,59.663352966308594,60.31114959716797,61.66121292114258,61.46818542480469,16.666667938232422,20,22.580644607543945,26.666667938232422,26.666667938232422,3.3333334922790527,3.3333334922790527,3.3333334922790527,4.644942760467529,17179869184,22548578304,6594379776,21248278528
