Delta,Time,CPU_FREQUENCY_0,CPU_FREQUENCY_1,CPU_FREQUENCY_2,CPU_FREQUENCY_3,CPU_FREQUENCY_4,CPU_FREQUENCY_5,CPU_FREQUENCY_6,CPU_FREQUENCY_7,CPU_TEMP_0,CPU_TEMP_1,CPU_TEMP_2,CPU_TEMP_3,CPU_TEMP_4,CPU_TEMP_5,CPU_TEMP_6,CPU_TEMP_7,CPU_TEMP_8,CPU_TEMP_9,CPU_USAGE_0,CPU_USAGE_1,CPU_USAGE_2,CPU_USAGE_3,CPU_USAGE_4,CPU_USAGE_5,CPU_USAGE_6,CPU_USAGE_7,SYSTEM_POWER (Watts),TOTAL_MEMORY,TOTAL_SWAP,USED_MEMORY,USED_SWAP
0,1729550705528,3228,3228,3228,3228,3228,3228,3228,3228,58.7056770324707,55.7990837097168,57.710113525390625,58.45383834838867,59.02729797363281,57.2785758972168,57.394405364990234,57.198089599609375,59.13490295410156,59.121185302734375,0,0,0,0,0,0,0,0,16.739744186401367,17179869184,21474836480,5670715392,20766916608
302,1729550705529,3228,3228,3228,3228,3228,3228,3228,3228,58.7056770324707,55.7990837097168,57.710113525390625,58.45383834838867,59.02729797363281,57.2785758972168,57.394405364990234,57.198089599609375,59.13490295410156,59.121185302734375,0,0,0,100,0,0,0,0,16.739744186401367,17179869184,21474836480,5671632896,20766916608
309,1729550705831,3228,3228,3228,3228,3228,3228,3228,3228,58.7056770324707,55.7990837097168,57.710113525390625,58.45383834838867,59.02729797363281,57.2785758972168,57.394405364990234,57.198089599609375,59.13490295410156,59.121185302734375,90.32257843017578,90.32257843017578,96.66666412353516,90.32257843017578,93.54838562011719,93.33333587646484,90,90,5.0719523429870605,17179869184,21474836480,5728436224,20766916608
9,1729550706141,3228,3228,3228,3228,3228,3228,3228,3228,58.7056770324707,55.7990837097168,57.710113525390625,58.45383834838867,59.02729797363281,57.2785758972168,57.394405364990234,57.198089599609375,59.13490295410156,59.121185302734375,16.666667938232422,20,37.5,66.66667175292969,16.666667938232422,3.22580623626709,6.25,3.22580623626709,5.0719523429870605,17179869184,21474836480,5687836672,20766916608
