Delta,Time,CPU_FREQUENCY_0,CPU_FREQUENCY_1,CPU_FREQUENCY_2,CPU_FREQUENCY_3,CPU_FREQUENCY_4,CPU_FREQUENCY_5,CPU_FREQUENCY_6,CPU_FREQUENCY_7,CPU_TEMP_0,CPU_TEMP_1,CPU_TEMP_2,CPU_TEMP_3,CPU_TEMP_4,CPU_TEMP_5,CPU_TEMP_6,CPU_TEMP_7,CPU_TEMP_8,CPU_TEMP_9,CPU_USAGE_0,CPU_USAGE_1,CPU_USAGE_2,CPU_USAGE_3,CPU_USAGE_4,CPU_USAGE_5,CPU_USAGE_6,CPU_USAGE_7,SYSTEM_POWER (Watts),TOTAL_MEMORY,TOTAL_SWAP,USED_MEMORY,USED_SWAP
0,1729533140600,3228,3228,3228,3228,3228,3228,3228,3228,62.48151397705078,57.452110290527344,65.32035064697266,66.12015533447266,64.1383285522461,60.11350631713867,60.99467086791992,61.419288635253906,60.84001541137695,60.322288513183594,50,0,100,NaN,50,NaN,0,0,23.35158920288086,17179869184,19327352832,7890747392,18691522560
309,1729533140601,3228,3228,3228,3228,3228,3228,3228,3228,62.48151397705078,57.452110290527344,65.32035064697266,66.12015533447266,64.1383285522461,60.11350631713867,60.99467086791992,61.419288635253906,60.84001541137695,60.322288513183594,NaN,0,100,100,100,100,100,0,23.35158920288086,17179869184,19327352832,7893762048,18691522560
309,1729533140911,3228,3228,3228,3228,3228,3228,3228,3228,62.87625503540039,58.67423629760742,65.80687713623047,67.11148071289063,65.27101135253906,60.80432891845703,64.32270050048828,63.42428207397461,62.0421257019043,60.89105987548828,93.54838562011719,90.32257843017578,100,96.875,100,96.875,100,96.7741928100586,23.35158920288086,17179869184,19327352832,7926497280,18691522560
7,1729533141221,3228,3228,3228,3228,3228,3228,3228,3228,62.87625503540039,58.67423629760742,65.80687713623047,67.11148071289063,65.27101135253906,60.80432891845703,64.32270050048828,63.42428207397461,62.0421257019043,60.89105987548828,25.80644989013672,25,93.33333587646484,93.33333587646484,90,96.55171966552734,61.29032516479492,46.875,23.35158920288086,17179869184,19327352832,7865122816,18691522560
