Delta,Time,CPU_FREQUENCY_0,CPU_FREQUENCY_1,CPU_FREQUENCY_2,CPU_FREQUENCY_3,CPU_FREQUENCY_4,CPU_FREQUENCY_5,CPU_FREQUENCY_6,CPU_FREQUENCY_7,CPU_TEMP_0,CPU_TEMP_1,CPU_TEMP_2,CPU_TEMP_3,CPU_TEMP_4,CPU_TEMP_5,CPU_TEMP_6,CPU_TEMP_7,CPU_TEMP_8,CPU_TEMP_9,CPU_USAGE_0,CPU_USAGE_1,CPU_USAGE_2,CPU_USAGE_3,CPU_USAGE_4,CPU_USAGE_5,CPU_USAGE_6,CPU_USAGE_7,SYSTEM_POWER (Watts),TOTAL_MEMORY,TOTAL_SWAP,USED_MEMORY,USED_SWAP
0,1729537418314,3228,3228,3228,3228,3228,3228,3228,3228,66.20293426513672,62.27681350708008,68.99312591552734,70.31813049316406,68.22528839111328,64.31672668457031,65.72128295898438,65.90235900878906,65.25787353515625,64.8719482421875,0,0,100,100,66.66667175292969,50,NaN,50,4.664271831512451,17179869184,20401094656,6912032768,19915210752
300,1729537418314,3228,3228,3228,3228,3228,3228,3228,3228,66.20293426513672,62.27681350708008,68.99312591552734,70.31813049316406,68.22528839111328,64.31672668457031,65.72128295898438,65.90235900878906,65.25787353515625,64.8719482421875,0,NaN,100,100,100,100,100,100,4.664271831512451,17179869184,20401094656,6915817472,19915210752
306,1729537418616,3228,3228,3228,3228,3228,3228,3228,3228,66.20293426513672,62.27681350708008,68.99312591552734,70.31813049316406,68.22528839111328,64.31672668457031,65.72128295898438,65.90235900878906,65.25787353515625,64.8719482421875,70,63.33333206176758,96.66666412353516,96.55171966552734,93.33333587646484,96.55171966552734,93.54838562011719,96.66666412353516,5.950618267059326,17179869184,20401094656,7770882048,19915210752
309,1729537418922,3228,3228,3228,3228,3228,3228,3228,3228,66.20293426513672,62.27681350708008,68.99312591552734,70.31813049316406,68.22528839111328,64.31672668457031,65.72128295898438,65.90235900878906,65.25787353515625,64.8719482421875,70.96774291992188,67.74193572998047,100,96.7741928100586,96.66666412353516,100,100,100,5.950618267059326,17179869184,20401094656,8741289984,19915210752
7,1729537419232,3228,3228,3228,3228,3228,3228,3228,3228,71.28425598144531,69.64602661132813,75.95149993896484,78.59471130371094,75.06185150146484,69.94518280029297,77.83389282226563,78.51258850097656,74.7713851928711,71.14691925048828,22.580644607543945,19.35483741760254,90.625,93.54838562011719,90,86.66666412353516,77.41934967041016,41.935482025146484,5.950618267059326,17179869184,20401094656,7031128064,19915210752
