Delta,Time,CPU_FREQUENCY_0,CPU_FREQUENCY_1,CPU_FREQUENCY_2,CPU_FREQUENCY_3,CPU_FREQUENCY_4,CPU_FREQUENCY_5,CPU_FREQUENCY_6,CPU_FREQUENCY_7,CPU_TEMP_0,CPU_TEMP_1,CPU_TEMP_2,CPU_TEMP_3,CPU_TEMP_4,CPU_TEMP_5,CPU_TEMP_6,CPU_TEMP_7,CPU_TEMP_8,CPU_TEMP_9,CPU_USAGE_0,CPU_USAGE_1,CPU_USAGE_2,CPU_USAGE_3,CPU_USAGE_4,CPU_USAGE_5,CPU_USAGE_6,CPU_USAGE_7,SYSTEM_POWER (Watts),TOTAL_MEMORY,TOTAL_SWAP,USED_MEMORY,USED_SWAP
0,1729582998087,3228,3228,3228,3228,3228,3228,3228,3228,67.87393188476563,63.6894645690918,72.97862243652344,75.05144500732422,70.61688995361328,65.62663269042969,69.06803894042969,69.51960754394531,66.02861022949219,65.00164031982422,0,0,50,100,0,0,0,0,6.500123023986816,17179869184,22548578304,3931602944,21153120256
300,1729582998088,3228,3228,3228,3228,3228,3228,3228,3228,67.87393188476563,63.6894645690918,72.97862243652344,75.05144500732422,70.61688995361328,65.62663269042969,69.06803894042969,69.51960754394531,66.02861022949219,65.00164031982422,0,0,0,NaN,0,NaN,0,0,6.500123023986816,17179869184,22548578304,3931602944,21153120256
309,1729582998388,3228,3228,3228,3228,3228,3228,3228,3228,67.87393188476563,63.6894645690918,72.97862243652344,75.05144500732422,70.61688995361328,65.62663269042969,69.06803894042969,69.51960754394531,66.02861022949219,65.00164031982422,93.33333587646484,93.33333587646484,100,96.7741928100586,96.7741928100586,96.66666412353516,96.55171966552734,96.66666412353516,6.500123023986816,17179869184,22548578304,3931602944,21153120256
7,1729582998698,3228,3228,3228,3228,3228,3228,3228,3228,67.87393188476563,63.6894645690918,72.97862243652344,75.05144500732422,70.61688995361328,65.62663269042969,69.06803894042969,69.51960754394531,66.02861022949219,65.00164031982422,22.580644607543945,23.33333396911621,54.83871078491211,67.74193572998047,51.61289978027344,25,18.18181800842285,6.45161247253418,24.02411651611328,17179869184,22548578304,3985965056,21153120256
