Delta,Time,CPU_FREQUENCY_0,CPU_FREQUENCY_1,CPU_FREQUENCY_2,CPU_FREQUENCY_3,CPU_FREQUENCY_4,CPU_FREQUENCY_5,CPU_FREQUENCY_6,CPU_FREQUENCY_7,CPU_TEMP_0,CPU_TEMP_1,CPU_TEMP_2,CPU_TEMP_3,CPU_TEMP_4,CPU_TEMP_5,CPU_TEMP_6,CPU_TEMP_7,CPU_TEMP_8,CPU_TEMP_9,CPU_USAGE_0,CPU_USAGE_1,CPU_USAGE_2,CPU_USAGE_3,CPU_USAGE_4,CPU_USAGE_5,CPU_USAGE_6,CPU_USAGE_7,SYSTEM_POWER (Watts),TOTAL_MEMORY,TOTAL_SWAP,USED_MEMORY,USED_SWAP
0,1729531071212,3228,3228,3228,3228,3228,3228,3228,3228,62.46630096435547,58.03648376464844,65.06880187988281,65.78751373291016,64.66719055175781,60.270328521728516,62.33500671386719,61.1493034362793,60.981529235839844,60.222740173339844,50,NaN,100,100,100,100,50,0,23.89451789855957,17179869184,18253611008,8534147072,17561550848
309,1729531071212,3228,3228,3228,3228,3228,3228,3228,3228,62.46630096435547,58.03648376464844,65.06880187988281,65.78751373291016,64.66719055175781,60.270328521728516,62.33500671386719,61.1493034362793,60.981529235839844,60.222740173339844,0,0,100,NaN,100,100,NaN,0,23.89451789855957,17179869184,18253611008,8534147072,17561550848
309,1729531071523,3228,3228,3228,3228,3228,3228,3228,3228,62.46630096435547,58.03648376464844,65.06880187988281,65.78751373291016,64.66719055175781,60.270328521728516,62.33500671386719,61.1493034362793,60.981529235839844,60.222740173339844,93.54838562011719,93.54838562011719,100,100,96.7741928100586,100,100,96.7741928100586,19.408485412597656,17179869184,18253611008,8534147072,17561550848
306,1729531071833,3228,3228,3228,3228,3228,3228,3228,3228,63.20966720581055,59.94328308105469,66.7637710571289,68.32426452636719,66.32063293457031,61.407840728759766,65.16470336914063,65.26567840576172,64.03495788574219,61.87145233154297,6.6666669845581055,6.45161247253418,83.33332824707031,74.19355010986328,70.96774291992188,78.125,63.33333206176758,41.935482025146484,19.408485412597656,17179869184,18253611008,8547942400,17561550848
10,1729531072140,3228,3228,3228,3228,3228,3228,3228,3228,63.20966720581055,59.94328308105469,66.7637710571289,68.32426452636719,66.32063293457031,61.407840728759766,65.16470336914063,65.26567840576172,64.03495788574219,61.87145233154297,12.90322494506836,9.67741870880127,12.90322494506836,3.22580623626709,0,0,0,0,19.408485412597656,17179869184,18253611008,8526184448,17561550848
