Delta,Time,CPU_FREQUENCY_0,CPU_FREQUENCY_1,CPU_FREQUENCY_2,CPU_FREQUENCY_3,CPU_FREQUENCY_4,CPU_FREQUENCY_5,CPU_FREQUENCY_6,CPU_FREQUENCY_7,CPU_TEMP_0,CPU_TEMP_1,CPU_TEMP_2,CPU_TEMP_3,CPU_TEMP_4,CPU_TEMP_5,CPU_TEMP_6,CPU_TEMP_7,CPU_TEMP_8,CPU_TEMP_9,CPU_USAGE_0,CPU_USAGE_1,CPU_USAGE_2,CPU_USAGE_3,CPU_USAGE_4,CPU_USAGE_5,CPU_USAGE_6,CPU_USAGE_7,SYSTEM_POWER (Watts),TOTAL_MEMORY,TOTAL_SWAP,USED_MEMORY,USED_SWAP
0,1729576412786,3228,3228,3228,3228,3228,3228,3228,3228,70.88895416259766,67.05892944335938,76.01317596435547,77.45262145996094,73.31965637207031,68.6116714477539,74.36027526855469,73.99592590332031,69.48868560791016,67.96173858642578,0,50,NaN,50,0,100,NaN,0,16.002702713012695,17179869184,22548578304,5872893952,21248278528
308,1729576412786,3228,3228,3228,3228,3228,3228,3228,3228,70.88895416259766,67.05892944335938,76.01317596435547,77.45262145996094,73.31965637207031,68.6116714477539,74.36027526855469,73.99592590332031,69.48868560791016,67.96173858642578,NaN,0,100,NaN,NaN,100,50,0,16.002702713012695,17179869184,22548578304,5874925568,21248278528
307,1729576413095,3228,3228,3228,3228,3228,3228,3228,3228,69.44424438476563,66.11572265625,72.93551635742188,73.96485900878906,70.81855773925781,67.32254791259766,70.96028900146484,69.98265075683594,68.33331298828125,67.08950805664063,90.32257843017578,90,100,96.7741928100586,90.625,93.75,96.55171966552734,96.875,16.002702713012695,17179869184,22548578304,5914951680,21248278528
10,1729576413402,3228,3228,3228,3228,3228,3228,3228,3228,69.44424438476563,66.11572265625,72.93551635742188,73.96485900878906,70.81855773925781,67.32254791259766,70.96028900146484,69.98265075683594,68.33331298828125,67.08950805664063,16.129032135009766,16.129032135009766,51.61289978027344,34.375,40,26.666667938232422,36.3636360168457,10,22.58738136291504,17179869184,22548578304,5877645312,21248278528
