Delta,Time,CPU_FREQUENCY_0,CPU_FREQUENCY_1,CPU_FREQUENCY_2,CPU_FREQUENCY_3,CPU_FREQUENCY_4,CPU_FREQUENCY_5,CPU_FREQUENCY_6,CPU_FREQUENCY_7,CPU_TEMP_0,CPU_TEMP_1,CPU_TEMP_2,CPU_TEMP_3,CPU_TEMP_4,CPU_TEMP_5,CPU_TEMP_6,CPU_TEMP_7,CPU_TEMP_8,CPU_TEMP_9,CPU_USAGE_0,CPU_USAGE_1,CPU_USAGE_2,CPU_USAGE_3,CPU_USAGE_4,CPU_USAGE_5,CPU_USAGE_6,CPU_USAGE_7,SYSTEM_POWER (Watts),TOTAL_MEMORY,TOTAL_SWAP,USED_MEMORY,USED_SWAP
0,1729583524179,3228,3228,3228,3228,3228,3228,3228,3228,69.75968170166016,66.08267211914063,73.07747650146484,75.26665496826172,71.68930053710938,66.88262176513672,71.38831329345703,72.95057678222656,69.74110412597656,68.00564575195313,0,0,100,100,100,100,100,100,4.684525966644287,17179869184,22548578304,4314644480,21127954432
309,1729583524179,3228,3228,3228,3228,3228,3228,3228,3228,69.75968170166016,66.08267211914063,73.07747650146484,75.26665496826172,71.68930053710938,66.88262176513672,71.38831329345703,72.95057678222656,69.74110412597656,68.00564575195313,NaN,100,100,100,100,50,NaN,NaN,4.684525966644287,17179869184,22548578304,4318412800,21127954432
308,1729583524490,3228,3228,3228,3228,3228,3228,3228,3228,69.75968170166016,66.08267211914063,73.07747650146484,75.26665496826172,71.68930053710938,66.88262176513672,71.38831329345703,72.95057678222656,69.74110412597656,68.00564575195313,70.96774291992188,67.74193572998047,96.7741928100586,96.7741928100586,96.7741928100586,100,96.875,96.875,7.719791412353516,17179869184,22548578304,4318412800,21127954432
309,1729583524799,3228,3228,3228,3228,3228,3228,3228,3228,69.75968170166016,66.08267211914063,73.07747650146484,75.26665496826172,71.68930053710938,66.88262176513672,71.38831329345703,72.95057678222656,69.74110412597656,68.00564575195313,70.96774291992188,70,100,96.7741928100586,100,100,100,96.66666412353516,7.719791412353516,17179869184,22548578304,5812371456,21127954432
7,1729583525109,3228,3228,3228,3228,3228,3228,3228,3228,74.19684600830078,72.27653503417969,79.67961120605469,82.71686553955078,78.09585571289063,72.17437744140625,80.81781005859375,81.92404174804688,78.05435943603516,73.80715942382813,23.33333396911621,31.25,93.75,93.33333587646484,86.66666412353516,75,74.19355010986328,46.875,7.719791412353516,17179869184,22548578304,4520591360,21127954432
