Delta,Time,CPU_FREQUENCY_0,CPU_FREQUENCY_1,CPU_FREQUENCY_2,CPU_FREQUENCY_3,CPU_FREQUENCY_4,CPU_FREQUENCY_5,CPU_FREQUENCY_6,CPU_FREQUENCY_7,CPU_TEMP_0,CPU_TEMP_1,CPU_TEMP_2,CPU_TEMP_3,CPU_TEMP_4,CPU_TEMP_5,CPU_TEMP_6,CPU_TEMP_7,CPU_TEMP_8,CPU_TEMP_9,CPU_USAGE_0,CPU_USAGE_1,CPU_USAGE_2,CPU_USAGE_3,CPU_USAGE_4,CPU_USAGE_5,CPU_USAGE_6,CPU_USAGE_7,SYSTEM_POWER (Watts),TOTAL_MEMORY,TOTAL_SWAP,USED_MEMORY,USED_SWAP
0,1729564772796,3228,3228,3228,3228,3228,3228,3228,3228,64.42007446289063,62.69977951049805,63.170204162597656,64.74909210205078,64.8720703125,62.9744987487793,63.02051544189453,63.582733154296875,65.16229248046875,64.9513931274414,50,0,0,0,0,0,0,0,20.80170440673828,17179869184,22548578304,5094539264,21256667136
309,1729564772796,3228,3228,3228,3228,3228,3228,3228,3228,64.42007446289063,62.69977951049805,63.170204162597656,64.74909210205078,64.8720703125,62.9744987487793,63.02051544189453,63.582733154296875,65.16229248046875,64.9513931274414,50,66.66667175292969,0,100,0,0,0,0,20.80170440673828,17179869184,22548578304,5096292352,21256667136
309,1729564773106,3228,3228,3228,3228,3228,3228,3228,3228,64.42007446289063,62.69977951049805,63.170204162597656,64.74909210205078,64.8720703125,62.9744987487793,63.02051544189453,63.582733154296875,65.16229248046875,64.9513931274414,93.54838562011719,96.55171966552734,93.75,93.54838562011719,93.33333587646484,93.54838562011719,87.5,90.32257843017578,9.090543746948242,17179869184,22548578304,5148540928,21256667136
9,1729564773416,3228,3228,3228,3228,3228,3228,3228,3228,64.42007446289063,62.69977951049805,63.170204162597656,64.74909210205078,64.8720703125,62.9744987487793,63.02051544189453,63.582733154296875,65.16229248046875,64.9513931274414,17.241378784179688,18.75,30.000001907348633,32.25806427001953,48.3870964050293,3.3333334922790527,0,6.45161247253418,9.090543746948242,17179869184,22548578304,5103714304,21256667136
