Delta,Time,CPU_FREQUENCY_0,CPU_FREQUENCY_1,CPU_FREQUENCY_2,CPU_FREQUENCY_3,CPU_FREQUENCY_4,CPU_FREQUENCY_5,CPU_FREQUENCY_6,CPU_FREQUENCY_7,CPU_TEMP_0,CPU_TEMP_1,CPU_TEMP_2,CPU_TEMP_3,CPU_TEMP_4,CPU_TEMP_5,CPU_TEMP_6,CPU_TEMP_7,CPU_TEMP_8,CPU_TEMP_9,CPU_USAGE_0,CPU_USAGE_1,CPU_USAGE_2,CPU_USAGE_3,CPU_USAGE_4,CPU_USAGE_5,CPU_USAGE_6,CPU_USAGE_7,SYSTEM_POWER (Watts),TOTAL_MEMORY,TOTAL_SWAP,USED_MEMORY,USED_SWAP
0,1729572063685,3228,3228,3228,3228,3228,3228,3228,3228,65.64775848388672,62.204689025878906,66.23907470703125,67.31843566894531,65.57408142089844,63.09722900390625,64.72911071777344,64.68348693847656,64.3013916015625,64.09457397460938,0,0,50,0,0,0,0,0,18.592702865600586,17179869184,22548578304,4698783744,21248278528
300,1729572063686,3228,3228,3228,3228,3228,3228,3228,3228,65.64775848388672,62.204689025878906,66.23907470703125,67.31843566894531,65.57408142089844,63.09722900390625,64.72911071777344,64.68348693847656,64.3013916015625,64.09457397460938,50,0,NaN,0,0,0,0,0,18.592702865600586,17179869184,22548578304,4700569600,21248278528
8,1729572063986,3228,3228,3228,3228,3228,3228,3228,3228,63.15445327758789,60.42670822143555,61.89781188964844,62.937408447265625,62.45848083496094,60.648033142089844,60.7645149230957,61.628578186035156,62.90131378173828,62.54649353027344,17.241378784179688,16.666667938232422,30.000001907348633,37.931034088134766,10.344827651977539,16.666667938232422,6.45161247253418,0,18.592702865600586,17179869184,22548578304,4747870208,21248278528
