Delta,Time,CPU_FREQUENCY_0,CPU_FREQUENCY_1,CPU_FREQUENCY_2,CPU_FREQUENCY_3,CPU_FREQUENCY_4,CPU_FREQUENCY_5,CPU_FREQUENCY_6,CPU_FREQUENCY_7,CPU_TEMP_0,CPU_TEMP_1,CPU_TEMP_2,CPU_TEMP_3,CPU_TEMP_4,CPU_TEMP_5,CPU_TEMP_6,CPU_TEMP_7,CPU_TEMP_8,CPU_TEMP_9,CPU_USAGE_0,CPU_USAGE_1,CPU_USAGE_2,CPU_USAGE_3,CPU_USAGE_4,CPU_USAGE_5,CPU_USAGE_6,CPU_USAGE_7,SYSTEM_POWER (Watts),TOTAL_MEMORY,TOTAL_SWAP,USED_MEMORY,USED_SWAP
0,1729575662629,3228,3228,3228,3228,3228,3228,3228,3228,68.6496810913086,63.748165130615234,72.21870422363281,74.66790771484375,70.66324615478516,66.33647155761719,69.64505004882813,70.17816162109375,65.9112548828125,65.42697143554688,100,0,0,0,0,0,0,0,28.163240432739258,17179869184,22548578304,4417126400,21248278528
308,1729575662629,3228,3228,3228,3228,3228,3228,3228,3228,68.6496810913086,63.748165130615234,72.21870422363281,74.66790771484375,70.66324615478516,66.33647155761719,69.64505004882813,70.17816162109375,65.9112548828125,65.42697143554688,0,NaN,100,0,0,0,0,0,28.163240432739258,17179869184,22548578304,4418879488,21248278528
9,1729575662938,3228,3228,3228,3228,3228,3228,3228,3228,63.935699462890625,60.210025787353516,63.61004638671875,64.57941436767578,64.06587219238281,61.73271179199219,62.09209442138672,62.85256576538086,62.930419921875,62.33598327636719,32.25806427001953,32.25806427001953,36.66666793823242,25.80644989013672,25.80644989013672,9.67741870880127,3.3333334922790527,3.125,28.163240432739258,17179869184,22548578304,4427513856,21248278528
