Delta,Time,CPU_FREQUENCY_0,CPU_FREQUENCY_1,CPU_FREQUENCY_2,CPU_FREQUENCY_3,CPU_FREQUENCY_4,CPU_FREQUENCY_5,CPU_FREQUENCY_6,CPU_FREQUENCY_7,CPU_TEMP_0,CPU_TEMP_1,CPU_TEMP_2,CPU_TEMP_3,CPU_TEMP_4,CPU_TEMP_5,CPU_TEMP_6,CPU_TEMP_7,CPU_TEMP_8,CPU_TEMP_9,CPU_USAGE_0,CPU_USAGE_1,CPU_USAGE_2,CPU_USAGE_3,CPU_USAGE_4,CPU_USAGE_5,CPU_USAGE_6,CPU_USAGE_7,SYSTEM_POWER (Watts),TOTAL_MEMORY,TOTAL_SWAP,USED_MEMORY,USED_SWAP
0,1729579646270,3228,3228,3228,3228,3228,3228,3228,3228,71.85985565185547,68.24012756347656,76.88397216796875,78.63247680664063,75.28934478759766,69.77745819091797,74.08973693847656,72.93778991699219,68.99018859863281,68.97380828857422,0,0,50,0,0,0,0,0,24.253259658813477,17179869184,22548578304,4854005760,21248278528
309,1729579646271,3228,3228,3228,3228,3228,3228,3228,3228,71.85985565185547,68.24012756347656,76.88397216796875,78.63247680664063,75.28934478759766,69.77745819091797,74.08973693847656,72.93778991699219,68.99018859863281,68.97380828857422,NaN,0,NaN,100,0,0,0,0,24.253259658813477,17179869184,22548578304,4856512512,21248278528
299,1729579646581,3228,3228,3228,3228,3228,3228,3228,3228,71.85985565185547,68.24012756347656,76.88397216796875,78.63247680664063,75.28934478759766,69.77745819091797,74.08973693847656,72.93778991699219,68.99018859863281,68.97380828857422,75,77.41934967041016,84.375,90.32257843017578,77.41934967041016,74.19355010986328,76.66666412353516,73.33333587646484,17.98836326599121,17179869184,22548578304,4856512512,21248278528
7,1729579646881,3228,3228,3228,3228,3228,3228,3228,3228,71.85985565185547,68.24012756347656,76.88397216796875,78.63247680664063,75.28934478759766,69.77745819091797,74.08973693847656,72.93778991699219,68.99018859863281,68.97380828857422,30.000001907348633,23.33333396911621,96.55171966552734,93.10344696044922,93.10344696044922,96.66666412353516,51.72413635253906,33.333335876464844,17.98836326599121,17179869184,22548578304,4871389184,21248278528
