Delta,Time,CPU_FREQUENCY_0,CPU_FREQUENCY_1,CPU_FREQUENCY_2,CPU_FREQUENCY_3,CPU_FREQUENCY_4,CPU_FREQUENCY_5,CPU_FREQUENCY_6,CPU_FREQUENCY_7,CPU_TEMP_0,CPU_TEMP_1,CPU_TEMP_2,CPU_TEMP_3,CPU_TEMP_4,CPU_TEMP_5,CPU_TEMP_6,CPU_TEMP_7,CPU_TEMP_8,CPU_TEMP_9,CPU_USAGE_0,CPU_USAGE_1,CPU_USAGE_2,CPU_USAGE_3,CPU_USAGE_4,CPU_USAGE_5,CPU_USAGE_6,CPU_USAGE_7,SYSTEM_POWER (Watts),TOTAL_MEMORY,TOTAL_SWAP,USED_MEMORY,USED_SWAP
0,1729539396199,3228,3228,3228,3228,3228,3228,3228,3228,64.03379821777344,62.009178161621094,65.45269012451172,66.04259490966797,65.10490417480469,62.73933792114258,64.03466796875,63.439918518066406,65.39857482910156,63.681434631347656,0,0,0,NaN,NaN,100,100,NaN,4.710163593292236,17179869184,21474836480,6177652736,20377894912
299,1729539396200,3228,3228,3228,3228,3228,3228,3228,3228,64.03379821777344,62.009178161621094,65.45269012451172,66.04259490966797,65.10490417480469,62.73933792114258,64.03466796875,63.439918518066406,65.39857482910156,63.681434631347656,0,100,100,100,66.66667175292969,100,50,0,4.710163593292236,17179869184,21474836480,6179749888,20377894912
307,1729539396500,3228,3228,3228,3228,3228,3228,3228,3228,64.03379821777344,62.009178161621094,65.45269012451172,66.04259490966797,65.10490417480469,62.73933792114258,64.03466796875,63.439918518066406,65.39857482910156,63.681434631347656,93.10344696044922,90,100,96.66666412353516,100,96.7741928100586,100,100,4.681033134460449,17179869184,21474836480,6197592064,20377894912
309,1729539396808,3228,3228,3228,3228,3228,3228,3228,3228,64.03379821777344,62.009178161621094,65.45269012451172,66.04259490966797,65.10490417480469,62.73933792114258,64.03466796875,63.439918518066406,65.39857482910156,63.681434631347656,18.75,13.333333969116211,87.5,80,74.19355010986328,86.66666412353516,83.87096405029297,68.96551513671875,4.681033134460449,17179869184,21474836480,6228197376,20377894912
7,1729539397118,3228,3228,3228,3228,3228,3228,3228,3228,69.99272155761719,68.13735961914063,75.39923858642578,77.31727600097656,73.089111328125,68.26712036132813,75.26968383789063,74.7281494140625,72.77522277832031,69.262939453125,12.90322494506836,6.6666669845581055,76.66666412353516,71.875,64.51612854003906,70.96774291992188,64.51612854003906,37.5,4.681033134460449,17179869184,21474836480,6202343424,20377894912
