Delta,Time,CPU_FREQUENCY_0,CPU_FREQUENCY_1,CPU_FREQUENCY_2,CPU_FREQUENCY_3,CPU_FREQUENCY_4,CPU_FREQUENCY_5,CPU_FREQUENCY_6,CPU_FREQUENCY_7,CPU_TEMP_0,CPU_TEMP_1,CPU_TEMP_2,CPU_TEMP_3,CPU_TEMP_4,CPU_TEMP_5,CPU_TEMP_6,CPU_TEMP_7,CPU_TEMP_8,CPU_TEMP_9,CPU_USAGE_0,CPU_USAGE_1,CPU_USAGE_2,CPU_USAGE_3,CPU_USAGE_4,CPU_USAGE_5,CPU_USAGE_6,CPU_USAGE_7,SYSTEM_POWER (Watts),TOTAL_MEMORY,TOTAL_SWAP,USED_MEMORY,USED_SWAP
0,1729593009913,3228,3228,3228,3228,3228,3228,3228,3228,62.14464569091797,59.46051025390625,62.31285858154297,63.22792434692383,63.303871154785156,60.456871032714844,61.89704513549805,62.74336624145508,61.768531799316406,61.849281311035156,100,100,50,0,0,0,0,0,11.814849853515625,17179869184,22548578304,4264394752,21060845568
309,1729593009914,3228,3228,3228,3228,3228,3228,3228,3228,62.14464569091797,59.46051025390625,62.31285858154297,63.22792434692383,63.303871154785156,60.456871032714844,61.89704513549805,62.74336624145508,61.768531799316406,61.849281311035156,100,100,NaN,0,0,0,0,0,11.814849853515625,17179869184,22548578304,4265000960,21060845568
309,1729593010223,3228,3228,3228,3228,3228,3228,3228,3228,62.14464569091797,59.46051025390625,62.31285858154297,63.22792434692383,63.303871154785156,60.456871032714844,61.89704513549805,62.74336624145508,61.768531799316406,61.849281311035156,100,100,93.54838562011719,93.54838562011719,96.66666412353516,93.33333587646484,90.625,90,11.814849853515625,17179869184,22548578304,4325310464,21060845568
8,1729593010533,3228,3228,3228,3228,3228,3228,3228,3228,62.121070861816406,59.55349349975586,62.66150665283203,63.4327278137207,63.669769287109375,60.055328369140625,61.99589157104492,63.06538009643555,62.39426040649414,61.69981384277344,100,100,41.935482025146484,51.61289978027344,12.90322494506836,25,9.67741870880127,0,11.814849853515625,17179869184,22548578304,4313972736,21060845568
