Delta,Time,CPU_FREQUENCY_0,CPU_FREQUENCY_1,CPU_FREQUENCY_2,CPU_FREQUENCY_3,CPU_FREQUENCY_4,CPU_FREQUENCY_5,CPU_FREQUENCY_6,CPU_FREQUENCY_7,CPU_TEMP_0,CPU_TEMP_1,CPU_TEMP_2,CPU_TEMP_3,CPU_TEMP_4,CPU_TEMP_5,CPU_TEMP_6,CPU_TEMP_7,CPU_TEMP_8,CPU_TEMP_9,CPU_USAGE_0,CPU_USAGE_1,CPU_USAGE_2,CPU_USAGE_3,CPU_USAGE_4,CPU_USAGE_5,CPU_USAGE_6,CPU_USAGE_7,SYSTEM_POWER (Watts),TOTAL_MEMORY,TOTAL_SWAP,USED_MEMORY,USED_SWAP
0,1729565751256,3228,3228,3228,3228,3228,3228,3228,3228,64.21726989746094,61.695133209228516,62.46678161621094,63.66278076171875,64.00839233398438,62.078861236572266,62.90518569946289,63.32209396362305,64.86392211914063,64.06404876708984,50,NaN,0,0,0,0,0,0,5.163100719451904,17179869184,22548578304,4293197824,21256667136
305,1729565751256,3228,3228,3228,3228,3228,3228,3228,3228,64.21726989746094,61.695133209228516,62.46678161621094,63.66278076171875,64.00839233398438,62.078861236572266,62.90518569946289,63.32209396362305,64.86392211914063,64.06404876708984,NaN,50,100,NaN,NaN,NaN,0,0,5.163100719451904,17179869184,22548578304,4295786496,21256667136
7,1729565751562,3228,3228,3228,3228,3228,3228,3228,3228,64.21726989746094,61.695133209228516,62.46678161621094,63.66278076171875,64.00839233398438,62.078861236572266,62.90518569946289,63.32209396362305,64.86392211914063,64.06404876708984,51.61289978027344,54.83871078491211,35.48387145996094,41.935482025146484,18.75,12.5,6.45161247253418,6.25,5.163100719451904,17179869184,22548578304,4351934464,21256667136
