Delta,Time,CPU_FREQUENCY_0,CPU_FREQUENCY_1,CPU_FREQUENCY_2,CPU_FREQUENCY_3,CPU_FREQUENCY_4,CPU_FREQUENCY_5,CPU_FREQUENCY_6,CPU_FREQUENCY_7,CPU_TEMP_0,CPU_TEMP_1,CPU_TEMP_2,CPU_TEMP_3,CPU_TEMP_4,CPU_TEMP_5,CPU_TEMP_6,CPU_TEMP_7,CPU_TEMP_8,CPU_TEMP_9,CPU_USAGE_0,CPU_USAGE_1,CPU_USAGE_2,CPU_USAGE_3,CPU_USAGE_4,CPU_USAGE_5,CPU_USAGE_6,CPU_USAGE_7,SYSTEM_POWER (Watts),TOTAL_MEMORY,TOTAL_SWAP,USED_MEMORY,USED_SWAP
0,1729571796980,3228,3228,3228,3228,3228,3228,3228,3228,65.91144561767578,62.69868087768555,67.59563446044922,67.90325927734375,66.00273895263672,63.818397521972656,65.42398071289063,65.19218444824219,64.41621398925781,64.6004409790039,0,50,0,0,0,0,0,0,29.24217414855957,17179869184,22548578304,4019257344,21248278528
309,1729571796980,3228,3228,3228,3228,3228,3228,3228,3228,65.91144561767578,62.69868087768555,67.59563446044922,67.90325927734375,66.00273895263672,63.818397521972656,65.42398071289063,65.19218444824219,64.41621398925781,64.6004409790039,NaN,0,NaN,0,0,0,0,0,29.24217414855957,17179869184,22548578304,4022075392,21248278528
9,1729571797289,3228,3228,3228,3228,3228,3228,3228,3228,65.91144561767578,62.69868087768555,67.59563446044922,67.90325927734375,66.00273895263672,63.818397521972656,65.42398071289063,65.19218444824219,64.41621398925781,64.6004409790039,18.75,20,36.66666793823242,40.625,16.129032135009766,6.45161247253418,6.25,3.22580623626709,14.8440580368042,17179869184,22548578304,4044292096,21248278528
