Delta,Time,CPU_FREQUENCY_0,CPU_FREQUENCY_1,CPU_FREQUENCY_2,CPU_FREQUENCY_3,CPU_FREQUENCY_4,CPU_FREQUENCY_5,CPU_FREQUENCY_6,CPU_FREQUENCY_7,CPU_TEMP_0,CPU_TEMP_1,CPU_TEMP_2,CPU_TEMP_3,CPU_TEMP_4,CPU_TEMP_5,CPU_TEMP_6,CPU_TEMP_7,CPU_TEMP_8,CPU_TEMP_9,CPU_USAGE_0,CPU_USAGE_1,CPU_USAGE_2,CPU_USAGE_3,CPU_USAGE_4,CPU_USAGE_5,CPU_USAGE_6,CPU_USAGE_7,SYSTEM_POWER (Watts),TOTAL_MEMORY,TOTAL_SWAP,USED_MEMORY,USED_SWAP
0,1729535946507,3228,3228,3228,3228,3228,3228,3228,3228,60.123226165771484,57.4690055847168,58.27458190917969,59.78837585449219,60.24293518066406,58.75522232055664,58.169029235839844,58.581703186035156,60.51035690307617,60.27953338623047,0,0,100,NaN,NaN,100,0,0,4.625270843505859,17179869184,20401094656,5808783360,19923599360
307,1729535946507,3228,3228,3228,3228,3228,3228,3228,3228,60.123226165771484,57.4690055847168,58.27458190917969,59.78837585449219,60.24293518066406,58.75522232055664,58.169029235839844,58.581703186035156,60.51035690307617,60.27953338623047,50,NaN,100,100,50,100,100,NaN,4.625270843505859,17179869184,20401094656,5808783360,19923599360
307,1729535946815,3228,3228,3228,3228,3228,3228,3228,3228,60.123226165771484,57.4690055847168,58.27458190917969,59.78837585449219,60.24293518066406,58.75522232055664,58.169029235839844,58.581703186035156,60.51035690307617,60.27953338623047,96.66666412353516,93.54838562011719,100,100,100,100,100,100,4.625270843505859,17179869184,20401094656,5808783360,19923599360
304,1729535947123,3228,3228,3228,3228,3228,3228,3228,3228,65.85597229003906,62.631038665771484,69.48714447021484,71.49694061279297,68.62420654296875,63.83349609375,68.40966796875,68.59260559082031,66.7119369506836,64.6208267211914,20,19.35483741760254,90,87.09677124023438,80.6451644897461,84.375,77.41934967041016,80.6451644897461,4.625270843505859,17179869184,20401094656,5852168192,19923599360
7,1729535947428,3228,3228,3228,3228,3228,3228,3228,3228,65.85597229003906,62.631038665771484,69.48714447021484,71.49694061279297,68.62420654296875,63.83349609375,68.40966796875,68.59260559082031,66.7119369506836,64.6208267211914,12.90322494506836,10,80.6451644897461,80,70,60.000003814697266,50,35.48387145996094,10.985875129699707,17179869184,20401094656,5831819264,19923599360
