Delta,Time,CPU_FREQUENCY_0,CPU_FREQUENCY_1,CPU_FREQUENCY_2,CPU_FREQUENCY_3,CPU_FREQUENCY_4,CPU_FREQUENCY_5,CPU_FREQUENCY_6,CPU_FREQUENCY_7,CPU_TEMP_0,CPU_TEMP_1,CPU_TEMP_2,CPU_TEMP_3,CPU_TEMP_4,CPU_TEMP_5,CPU_TEMP_6,CPU_TEMP_7,CPU_TEMP_8,CPU_TEMP_9,CPU_USAGE_0,CPU_USAGE_1,CPU_USAGE_2,CPU_USAGE_3,CPU_USAGE_4,CPU_USAGE_5,CPU_USAGE_6,CPU_USAGE_7,SYSTEM_POWER (Watts),TOTAL_MEMORY,TOTAL_SWAP,USED_MEMORY,USED_SWAP
0,1729594317259,3228,3228,3228,3228,3228,3228,3228,3228,70.77275848388672,65.70588684082031,76.05253601074219,76.9716567993164,74.90370178222656,69.5165786743164,71.60409545898438,70.28041076660156,67.46846771240234,67.73554992675781,NaN,0,NaN,100,100,100,50,50,19.01543426513672,17179869184,22548578304,6018777088,20976959488
309,1729594317259,3228,3228,3228,3228,3228,3228,3228,3228,70.77275848388672,65.70588684082031,76.05253601074219,76.9716567993164,74.90370178222656,69.5165786743164,71.60409545898438,70.28041076660156,67.46846771240234,67.73554992675781,0,NaN,100,NaN,NaN,NaN,NaN,NaN,19.01543426513672,17179869184,22548578304,6018777088,20976959488
309,1729594317569,3228,3228,3228,3228,3228,3228,3228,3228,71.00238800048828,65.37232208251953,75.99034118652344,77.1496810913086,75.16358184814453,69.60763549804688,69.38917541503906,70.14143371582031,67.74592590332031,68.0245361328125,80,77.41934967041016,100,100,96.875,96.875,90,93.54838562011719,19.01543426513672,17179869184,22548578304,6018777088,20976959488
9,1729594317879,3228,3228,3228,3228,3228,3228,3228,3228,71.00238800048828,65.37232208251953,75.99034118652344,77.1496810913086,75.16358184814453,69.60763549804688,69.38917541503906,70.14143371582031,67.74592590332031,68.0245361328125,23.33333396911621,22.580644607543945,96.7741928100586,93.33333587646484,93.33333587646484,96.66666412353516,43.75,46.66666793823242,20.92220115661621,17179869184,22548578304,6053314560,20976959488
