Delta,Time,CPU_FREQUENCY_0,CPU_FREQUENCY_1,CPU_FREQUENCY_2,CPU_FREQUENCY_3,CPU_FREQUENCY_4,CPU_FREQUENCY_5,CPU_FREQUENCY_6,CPU_FREQUENCY_7,CPU_TEMP_0,CPU_TEMP_1,CPU_TEMP_2,CPU_TEMP_3,CPU_TEMP_4,CPU_TEMP_5,CPU_TEMP_6,CPU_TEMP_7,CPU_TEMP_8,CPU_TEMP_9,CPU_USAGE_0,CPU_USAGE_1,CPU_USAGE_2,CPU_USAGE_3,CPU_USAGE_4,CPU_USAGE_5,CPU_USAGE_6,CPU_USAGE_7,SYSTEM_POWER (Watts),TOTAL_MEMORY,TOTAL_SWAP,USED_MEMORY,USED_SWAP
0,1729552882231,3228,3228,3228,3228,3228,3228,3228,3228,67.9865951538086,64.93463134765625,73.57624816894531,75.38251495361328,71.42327880859375,66.09738159179688,73.39842224121094,73.09552001953125,68.70002746582031,65.97924041748047,0,0,100,50,0,50,0,0,19.77385711669922,17179869184,21474836480,4886544384,20750139392
309,1729552882231,3228,3228,3228,3228,3228,3228,3228,3228,67.9865951538086,64.93463134765625,73.57624816894531,75.38251495361328,71.42327880859375,66.09738159179688,73.39842224121094,73.09552001953125,68.70002746582031,65.97924041748047,NaN,0,100,NaN,100,NaN,50,50,19.77385711669922,17179869184,21474836480,4886544384,20750139392
309,1729552882542,3228,3228,3228,3228,3228,3228,3228,3228,69.72651672363281,67.07696533203125,75.76931762695313,77.3914566040039,73.4312973022461,67.96016693115234,75.67080688476563,75.65164184570313,71.60466003417969,68.12516021728516,80.6451644897461,83.33332824707031,93.75,93.75,90.32257843017578,93.75,90,83.87096405029297,19.77385711669922,17179869184,21474836480,4886544384,20750139392
10,1729552882852,3228,3228,3228,3228,3228,3228,3228,3228,69.72651672363281,67.07696533203125,75.76931762695313,77.3914566040039,73.4312973022461,67.96016693115234,75.67080688476563,75.65164184570313,71.60466003417969,68.12516021728516,22.580644607543945,29.032257080078125,66.66667175292969,70.96774291992188,41.935482025146484,12.90322494506836,12.90322494506836,6.45161247253418,29.906749725341797,17179869184,21474836480,4882300928,20750139392
