Delta,Time,CPU_FREQUENCY_0,CPU_FREQUENCY_1,CPU_FREQUENCY_2,CPU_FREQUENCY_3,CPU_FREQUENCY_4,CPU_FREQUENCY_5,CPU_FREQUENCY_6,CPU_FREQUENCY_7,CPU_TEMP_0,CPU_TEMP_1,CPU_TEMP_2,CPU_TEMP_3,CPU_TEMP_4,CPU_TEMP_5,CPU_TEMP_6,CPU_TEMP_7,CPU_TEMP_8,CPU_TEMP_9,CPU_USAGE_0,CPU_USAGE_1,CPU_USAGE_2,CPU_USAGE_3,CPU_USAGE_4,CPU_USAGE_5,CPU_USAGE_6,CPU_USAGE_7,SYSTEM_POWER (Watts),TOTAL_MEMORY,TOTAL_SWAP,USED_MEMORY,USED_SWAP
0,1729557705545,3228,3228,3228,3228,3228,3228,3228,3228,66.4645767211914,64.00141906738281,65.1916275024414,65.9931869506836,66.66587829589844,64.63961791992188,64.31549072265625,65.43740844726563,66.88890075683594,65.9729995727539,100,0,0,0,0,0,0,0,14.130245208740234,17179869184,22548578304,5160304640,21348941824
309,1729557705545,3228,3228,3228,3228,3228,3228,3228,3228,66.4645767211914,64.00141906738281,65.1916275024414,65.9931869506836,66.66587829589844,64.63961791992188,64.31549072265625,65.43740844726563,66.88890075683594,65.9729995727539,0,0,100,50,50,0,0,0,14.130245208740234,17179869184,22548578304,5160304640,21348941824
10,1729557705855,3228,3228,3228,3228,3228,3228,3228,3228,66.4645767211914,64.00141906738281,65.1916275024414,65.9931869506836,66.66587829589844,64.63961791992188,64.31549072265625,65.43740844726563,66.88890075683594,65.9729995727539,22.580644607543945,22.580644607543945,66.66667175292969,64.51612854003906,48.3870964050293,38.70967483520508,30.000001907348633,16.666667938232422,14.130245208740234,17179869184,22548578304,5160304640,21348941824
