Delta,Time,CPU_FREQUENCY_0,CPU_FREQUENCY_1,CPU_FREQUENCY_2,CPU_FREQUENCY_3,CPU_FREQUENCY_4,CPU_FREQUENCY_5,CPU_FREQUENCY_6,CPU_FREQUENCY_7,CPU_TEMP_0,CPU_TEMP_1,CPU_TEMP_2,CPU_TEMP_3,CPU_TEMP_4,CPU_TEMP_5,CPU_TEMP_6,CPU_TEMP_7,CPU_TEMP_8,CPU_TEMP_9,CPU_USAGE_0,CPU_USAGE_1,CPU_USAGE_2,CPU_USAGE_3,CPU_USAGE_4,CPU_USAGE_5,CPU_USAGE_6,CPU_USAGE_7,SYSTEM_POWER (Watts),TOTAL_MEMORY,TOTAL_SWAP,USED_MEMORY,USED_SWAP
0,1729540478007,3228,3228,3228,3228,3228,3228,3228,3228,59.522640228271484,56.7899284362793,59.67340850830078,59.8072509765625,60.21343994140625,57.40278244018555,58.5590934753418,58.03532791137695,59.64044189453125,59.24835968017578,0,NaN,NaN,NaN,100,100,0,0,4.751230239868164,17179869184,21474836480,6176145408,20369506304
307,1729540478007,3228,3228,3228,3228,3228,3228,3228,3228,59.522640228271484,56.7899284362793,59.67340850830078,59.8072509765625,60.21343994140625,57.40278244018555,58.5590934753418,58.03532791137695,59.64044189453125,59.24835968017578,0,0,0,100,NaN,100,100,0,4.751230239868164,17179869184,21474836480,6176145408,20369506304
301,1729540478315,3228,3228,3228,3228,3228,3228,3228,3228,65.93717956542969,61.725650787353516,70.60960388183594,71.13172912597656,68.75205993652344,63.29894256591797,69.23077392578125,68.79461669921875,64.23698425292969,63.18169403076172,90,90.32257843017578,100,93.54838562011719,96.66666412353516,100,96.875,93.75,4.751230239868164,17179869184,21474836480,6176145408,20369506304
304,1729540478616,3228,3228,3228,3228,3228,3228,3228,3228,65.93717956542969,61.725650787353516,70.60960388183594,71.13172912597656,68.75205993652344,63.29894256591797,69.23077392578125,68.79461669921875,64.23698425292969,63.18169403076172,33.333335876464844,31.034481048583984,86.20689392089844,86.20689392089844,80,76.66666412353516,75.86206817626953,62.06896209716797,15.850577354431152,17179869184,21474836480,6231638016,20369506304
9,1729540478921,3228,3228,3228,3228,3228,3228,3228,3228,65.93717956542969,61.725650787353516,70.60960388183594,71.13172912597656,68.75205993652344,63.29894256591797,69.23077392578125,68.79461669921875,64.23698425292969,63.18169403076172,23.33333396911621,29.032257080078125,58.06451416015625,45.16128921508789,26.666667938232422,12.90322494506836,6.45161247253418,0,15.850577354431152,17179869184,21474836480,6186745856,20369506304
