Delta,Time,CPU_FREQUENCY_0,CPU_FREQUENCY_1,CPU_FREQUENCY_2,CPU_FREQUENCY_3,CPU_FREQUENCY_4,CPU_FREQUENCY_5,CPU_FREQUENCY_6,CPU_FREQUENCY_7,CPU_TEMP_0,CPU_TEMP_1,CPU_TEMP_2,CPU_TEMP_3,CPU_TEMP_4,CPU_TEMP_5,CPU_TEMP_6,CPU_TEMP_7,CPU_TEMP_8,CPU_TEMP_9,CPU_USAGE_0,CPU_USAGE_1,CPU_USAGE_2,CPU_USAGE_3,CPU_USAGE_4,CPU_USAGE_5,CPU_USAGE_6,CPU_USAGE_7,SYSTEM_POWER (Watts),TOTAL_MEMORY,TOTAL_SWAP,USED_MEMORY,USED_SWAP
0,1729591286171,3228,3228,3228,3228,3228,3228,3228,3228,63.76197052001953,61.33518600463867,62.734657287597656,64.15762329101563,64.40694427490234,62.09430694580078,62.32474899291992,63.30788803100586,64.76458740234375,63.90332794189453,0,0,0,0,0,0,0,0,5.583346843719482,17179869184,22548578304,5357518848,21060845568
309,1729591286171,3228,3228,3228,3228,3228,3228,3228,3228,63.76197052001953,61.33518600463867,62.734657287597656,64.15762329101563,64.40694427490234,62.09430694580078,62.32474899291992,63.30788803100586,64.76458740234375,63.90332794189453,0,NaN,100,0,0,0,0,0,5.583346843719482,17179869184,22548578304,5359992832,21060845568
309,1729591286480,3228,3228,3228,3228,3228,3228,3228,3228,63.73008728027344,61.17145919799805,63.140159606933594,64.28641510009766,64.47531127929688,62.037353515625,62.158573150634766,63.133544921875,64.33130645751953,63.587867736816406,90.32257843017578,87.5,96.66666412353516,90.625,93.54838562011719,90.32257843017578,93.33333587646484,86.66666412353516,5.583346843719482,17179869184,22548578304,5411897344,21060845568
9,1729591286790,3228,3228,3228,3228,3228,3228,3228,3228,63.73008728027344,61.17145919799805,63.140159606933594,64.28641510009766,64.47531127929688,62.037353515625,62.158573150634766,63.133544921875,64.33130645751953,63.587867736816406,10,20,48.3870964050293,30.000001907348633,35.48387145996094,20,12.5,3.22580623626709,5.003889083862305,17179869184,22548578304,5376278528,21060845568
