Delta,Time,CPU_FREQUENCY_0,CPU_FREQUENCY_1,CPU_FREQUENCY_2,CPU_FREQUENCY_3,CPU_FREQUENCY_4,CPU_FREQUENCY_5,CPU_FREQUENCY_6,CPU_FREQUENCY_7,CPU_TEMP_0,CPU_TEMP_1,CPU_TEMP_2,CPU_TEMP_3,CPU_TEMP_4,CPU_TEMP_5,CPU_TEMP_6,CPU_TEMP_7,CPU_TEMP_8,CPU_TEMP_9,CPU_USAGE_0,CPU_USAGE_1,CPU_USAGE_2,CPU_USAGE_3,CPU_USAGE_4,CPU_USAGE_5,CPU_USAGE_6,CPU_USAGE_7,SYSTEM_POWER (Watts),TOTAL_MEMORY,TOTAL_SWAP,USED_MEMORY,USED_SWAP
0,1729569946210,3228,3228,3228,3228,3228,3228,3228,3228,65.49885559082031,61.359703063964844,70.58094787597656,72.272216796875,68.83014678955078,63.57719421386719,69.37154388427734,70.07394409179688,64.1409912109375,63.18824768066406,100,0,100,NaN,100,100,100,0,24.805166244506836,17179869184,22548578304,5730598912,21248278528
307,1729569946210,3228,3228,3228,3228,3228,3228,3228,3228,65.49885559082031,61.359703063964844,70.58094787597656,72.272216796875,68.83014678955078,63.57719421386719,69.37154388427734,70.07394409179688,64.1409912109375,63.18824768066406,0,50,100,100,0,NaN,NaN,100,24.805166244506836,17179869184,22548578304,5733023744,21248278528
300,1729569946518,3228,3228,3228,3228,3228,3228,3228,3228,65.49885559082031,61.359703063964844,70.58094787597656,72.272216796875,68.83014678955078,63.57719421386719,69.37154388427734,70.07394409179688,64.1409912109375,63.18824768066406,96.66666412353516,96.66666412353516,100,100,100,100,96.875,96.875,24.805166244506836,17179869184,22548578304,5733023744,21248278528
307,1729569946819,3228,3228,3228,3228,3228,3228,3228,3228,66.34365844726563,63.74101638793945,71.47672271728516,73.44557189941406,69.67398071289063,64.80728149414063,70.72917175292969,71.46715545654297,68.99485778808594,66.04561614990234,30.000001907348633,26.666667938232422,90,90.32257843017578,89.6551742553711,80.6451644897461,75,72.41378784179688,24.805166244506836,17179869184,22548578304,5794562048,21248278528
10,1729569947127,3228,3228,3228,3228,3228,3228,3228,3228,66.34365844726563,63.74101638793945,71.47672271728516,73.44557189941406,69.67398071289063,64.80728149414063,70.72917175292969,71.46715545654297,68.99485778808594,66.04561614990234,25.80644989013672,26.666667938232422,67.74193572998047,63.33333206176758,58.06451416015625,45.16128921508789,28.125,12.5,24.805166244506836,17179869184,22548578304,5754470400,21248278528
