Delta,Time,CPU_FREQUENCY_0,CPU_FREQUENCY_1,CPU_FREQUENCY_2,CPU_FREQUENCY_3,CPU_FREQUENCY_4,CPU_FREQUENCY_5,CPU_FREQUENCY_6,CPU_FREQUENCY_7,CPU_TEMP_0,CPU_TEMP_1,CPU_TEMP_2,CPU_TEMP_3,CPU_TEMP_4,CPU_TEMP_5,CPU_TEMP_6,CPU_TEMP_7,CPU_TEMP_8,CPU_TEMP_9,CPU_USAGE_0,CPU_USAGE_1,CPU_USAGE_2,CPU_USAGE_3,CPU_USAGE_4,CPU_USAGE_5,CPU_USAGE_6,CPU_USAGE_7,SYSTEM_POWER (Watts),TOTAL_MEMORY,TOTAL_SWAP,USED_MEMORY,USED_SWAP
0,1729549881993,3228,3228,3228,3228,3228,3228,3228,3228,63.6087760925293,60.86333084106445,65.84955596923828,66.65753936767578,64.97467041015625,62.02925491333008,64.74806213378906,63.133365631103516,63.37456130981445,62.78584289550781,0,0,0,0,0,0,0,0,20.705833435058594,17179869184,21474836480,5546868736,20766916608
309,1729549881993,3228,3228,3228,3228,3228,3228,3228,3228,63.6087760925293,60.86333084106445,65.84955596923828,66.65753936767578,64.97467041015625,62.02925491333008,64.74806213378906,63.133365631103516,63.37456130981445,62.78584289550781,50,0,100,0,0,0,0,0,20.705833435058594,17179869184,21474836480,5549654016,20766916608
309,1729549882303,3228,3228,3228,3228,3228,3228,3228,3228,61.414276123046875,59.26271438598633,61.30205535888672,62.845890045166016,62.34772491455078,60.01420974731445,61.80659484863281,61.35883331298828,62.696327209472656,61.62195587158203,90.32257843017578,90.625,93.54838562011719,90.625,96.66666412353516,90.32257843017578,90,90.32257843017578,20.705833435058594,17179869184,21474836480,5587697664,20766916608
9,1729549882613,3228,3228,3228,3228,3228,3228,3228,3228,61.414276123046875,59.26271438598633,61.30205535888672,62.845890045166016,62.34772491455078,60.01420974731445,61.80659484863281,61.35883331298828,62.696327209472656,61.62195587158203,13.333333969116211,13.333333969116211,53.125,30.000001907348633,19.35483741760254,30.000001907348633,6.45161247253418,0,20.705833435058594,17179869184,21474836480,5555650560,20766916608
