Delta,Time,CPU_FREQUENCY_0,CPU_FREQUENCY_1,CPU_FREQUENCY_2,CPU_FREQUENCY_3,CPU_FREQUENCY_4,CPU_FREQUENCY_5,CPU_FREQUENCY_6,CPU_FREQUENCY_7,CPU_TEMP_0,CPU_TEMP_1,CPU_TEMP_2,CPU_TEMP_3,CPU_TEMP_4,CPU_TEMP_5,CPU_TEMP_6,CPU_TEMP_7,CPU_TEMP_8,CPU_TEMP_9,CPU_USAGE_0,CPU_USAGE_1,CPU_USAGE_2,CPU_USAGE_3,CPU_USAGE_4,CPU_USAGE_5,CPU_USAGE_6,CPU_USAGE_7,SYSTEM_POWER (Watts),TOTAL_MEMORY,TOTAL_SWAP,USED_MEMORY,USED_SWAP
0,1729583298694,3228,3228,3228,3228,3228,3228,3228,3228,68.44512176513672,64.07755279541016,72.8338623046875,74.38226318359375,71.10997009277344,66.61036682128906,68.73551940917969,68.79185485839844,66.67769622802734,66.0180435180664,0,0,100,100,100,50,0,0,9.408641815185547,17179869184,22548578304,4808409088,21136343040
309,1729583298694,3228,3228,3228,3228,3228,3228,3228,3228,68.44512176513672,64.07755279541016,72.8338623046875,74.38226318359375,71.10997009277344,66.61036682128906,68.73551940917969,68.79185485839844,66.67769622802734,66.0180435180664,0,0,50,NaN,50,100,100,NaN,9.408641815185547,17179869184,22548578304,4808409088,21136343040
308,1729583299004,3228,3228,3228,3228,3228,3228,3228,3228,68.44512176513672,64.07755279541016,72.8338623046875,74.38226318359375,71.10997009277344,66.61036682128906,68.73551940917969,68.79185485839844,66.67769622802734,66.0180435180664,93.54838562011719,93.33333587646484,96.7741928100586,96.7741928100586,100,100,96.875,90.32257843017578,9.408641815185547,17179869184,22548578304,4808409088,21136343040
10,1729583299313,3228,3228,3228,3228,3228,3228,3228,3228,71.52704620361328,68.00294494628906,76.38723754882813,78.70154571533203,74.68095397949219,69.52750396728516,74.98780822753906,74.83641052246094,71.97965240478516,69.52265167236328,23.33333396911621,19.35483741760254,53.333335876464844,58.06451416015625,80,45.16128921508789,10.344827651977539,6.45161247253418,9.408641815185547,17179869184,22548578304,4897947648,21136343040
