Delta,Time,CPU_FREQUENCY_0,CPU_FREQUENCY_1,CPU_FREQUENCY_2,CPU_FREQUENCY_3,CPU_FREQUENCY_4,CPU_FREQUENCY_5,CPU_FREQUENCY_6,CPU_FREQUENCY_7,CPU_TEMP_0,CPU_TEMP_1,CPU_TEMP_2,CPU_TEMP_3,CPU_TEMP_4,CPU_TEMP_5,CPU_TEMP_6,CPU_TEMP_7,CPU_TEMP_8,CPU_TEMP_9,CPU_USAGE_0,CPU_USAGE_1,CPU_USAGE_2,CPU_USAGE_3,CPU_USAGE_4,CPU_USAGE_5,CPU_USAGE_6,CPU_USAGE_7,SYSTEM_POWER (Watts),TOTAL_MEMORY,TOTAL_SWAP,USED_MEMORY,USED_SWAP
0,1729533990890,3228,3228,3228,3228,3228,3228,3228,3228,56.24418640136719,53.292259216308594,54.96687316894531,55.766845703125,56.583168029785156,54.578407287597656,54.484092712402344,55.166358947753906,57.233154296875,56.40458679199219,50,0,0,100,100,100,50,0,4.828175067901611,17179869184,19327352832,7946452992,18674745344
306,1729533990890,3228,3228,3228,3228,3228,3228,3228,3228,61.64031219482422,53.292259216308594,65.99559783935547,67.5589599609375,65.04151153564453,59.54316711425781,62.986427307128906,62.963951110839844,57.233154296875,56.40458679199219,NaN,NaN,100,100,NaN,100,NaN,NaN,4.828175067901611,17179869184,19327352832,7946452992,18674745344
9,1729533991197,3228,3228,3228,3228,3228,3228,3228,3228,61.64031219482422,56.65020751953125,65.99559783935547,67.5589599609375,65.04151153564453,59.54316711425781,62.986427307128906,62.963951110839844,60.451744079589844,59.36591339111328,29.032257080078125,23.33333396911621,93.33333587646484,80.6451644897461,75,50,58.06451416015625,29.032257080078125,4.828175067901611,17179869184,19327352832,7946452992,18674745344
