Delta,Time,CPU_FREQUENCY_0,CPU_FREQUENCY_1,CPU_FREQUENCY_2,CPU_FREQUENCY_3,CPU_FREQUENCY_4,CPU_FREQUENCY_5,CPU_FREQUENCY_6,CPU_FREQUENCY_7,CPU_TEMP_0,CPU_TEMP_1,CPU_TEMP_2,CPU_TEMP_3,CPU_TEMP_4,CPU_TEMP_5,CPU_TEMP_6,CPU_TEMP_7,CPU_TEMP_8,CPU_TEMP_9,CPU_USAGE_0,CPU_USAGE_1,CPU_USAGE_2,CPU_USAGE_3,CPU_USAGE_4,CPU_USAGE_5,CPU_USAGE_6,CPU_USAGE_7,SYSTEM_POWER (Watts),TOTAL_MEMORY,TOTAL_SWAP,USED_MEMORY,USED_SWAP
0,1729561865980,3228,3228,3228,3228,3228,3228,3228,3228,63.72883605957031,60.444271087646484,63.813255310058594,64.84542083740234,64.11900329589844,62.23331832885742,61.88563919067383,61.67510986328125,63.32750701904297,62.50382995605469,100,NaN,50,0,0,0,0,0,22.15754508972168,17179869184,22548578304,5890670592,21256667136
309,1729561865980,3228,3228,3228,3228,3228,3228,3228,3228,63.72883605957031,60.444271087646484,63.813255310058594,64.84542083740234,64.11900329589844,62.23331832885742,61.88563919067383,61.67510986328125,63.32750701904297,62.50382995605469,50,66.66667175292969,0,100,0,0,0,0,13.229007720947266,17179869184,22548578304,5892702208,21256667136
9,1729561866290,3228,3228,3228,3228,3228,3228,3228,3228,63.72883605957031,60.444271087646484,63.813255310058594,64.84542083740234,64.11900329589844,62.23331832885742,61.88563919067383,61.67510986328125,63.32750701904297,62.50382995605469,23.33333396911621,20.689655303955078,20,40,18.75,3.22580623626709,6.060606002807617,0,13.229007720947266,17179869184,22548578304,5929893888,21256667136
