Delta,Time,CPU_FREQUENCY_0,CPU_FREQUENCY_1,CPU_FREQUENCY_2,CPU_FREQUENCY_3,CPU_FREQUENCY_4,CPU_FREQUENCY_5,CPU_FREQUENCY_6,CPU_FREQUENCY_7,CPU_TEMP_0,CPU_TEMP_1,CPU_TEMP_2,CPU_TEMP_3,CPU_TEMP_4,CPU_TEMP_5,CPU_TEMP_6,CPU_TEMP_7,CPU_TEMP_8,CPU_TEMP_9,CPU_USAGE_0,CPU_USAGE_1,CPU_USAGE_2,CPU_USAGE_3,CPU_USAGE_4,CPU_USAGE_5,CPU_USAGE_6,CPU_USAGE_7,SYSTEM_POWER (Watts),TOTAL_MEMORY,TOTAL_SWAP,USED_MEMORY,USED_SWAP
0,1729540997925,3228,3228,3228,3228,3228,3228,3228,3228,62.06114959716797,59.98225021362305,61.47453308105469,62.433223724365234,62.32460021972656,60.75490188598633,61.135902404785156,60.40815353393555,63.475650787353516,62.656097412109375,0,0,0,0,0,0,0,0,11.259801864624023,17179869184,21474836480,6328156160,20369506304
308,1729540997925,3228,3228,3228,3228,3228,3228,3228,3228,62.06114959716797,59.98225021362305,61.47453308105469,62.433223724365234,62.32460021972656,60.75490188598633,61.135902404785156,60.40815353393555,63.475650787353516,62.656097412109375,0,0,0,100,0,0,0,0,11.259801864624023,17179869184,21474836480,6331072512,20369506304
12,1729540998234,3228,3228,3228,3228,3228,3228,3228,3228,61.63296890258789,59.46026611328125,60.917640686035156,61.859642028808594,62.66020965576172,60.35392379760742,60.44306182861328,59.96696853637695,62.98221969604492,61.98076629638672,9.67741870880127,9.375,22.580644607543945,6.6666669845581055,16.129032135009766,3.3333334922790527,3.22580623626709,0,11.259801864624023,17179869184,21474836480,6331072512,20369506304
