Delta,Time,CPU_FREQUENCY_0,CPU_FREQUENCY_1,CPU_FREQUENCY_2,CPU_FREQUENCY_3,CPU_FREQUENCY_4,CPU_FREQUENCY_5,CPU_FREQUENCY_6,CPU_FREQUENCY_7,CPU_TEMP_0,CPU_TEMP_1,CPU_TEMP_2,CPU_TEMP_3,CPU_TEMP_4,CPU_TEMP_5,CPU_TEMP_6,CPU_TEMP_7,CPU_TEMP_8,CPU_TEMP_9,CPU_USAGE_0,CPU_USAGE_1,CPU_USAGE_2,CPU_USAGE_3,CPU_USAGE_4,CPU_USAGE_5,CPU_USAGE_6,CPU_USAGE_7,SYSTEM_POWER (Watts),TOTAL_MEMORY,TOTAL_SWAP,USED_MEMORY,USED_SWAP
0,1729583115575,3228,3228,3228,3228,3228,3228,3228,3228,61.06534957885742,59.511199951171875,60.040565490722656,61.41426467895508,62.035194396972656,60.67186737060547,59.58555603027344,60.43851089477539,61.828521728515625,61.139320373535156,100,0,50,0,0,0,0,0,4.64732551574707,17179869184,22548578304,5505024000,21136343040
309,1729583115575,3228,3228,3228,3228,3228,3228,3228,3228,61.06534957885742,59.511199951171875,60.040565490722656,61.41426467895508,62.035194396972656,60.67186737060547,59.58555603027344,60.43851089477539,61.828521728515625,61.139320373535156,0,50,50,0,100,0,0,0,4.64732551574707,17179869184,22548578304,5508153344,21136343040
302,1729583115885,3228,3228,3228,3228,3228,3228,3228,3228,61.06534957885742,59.511199951171875,60.040565490722656,61.41426467895508,62.035194396972656,60.67186737060547,59.58555603027344,60.43851089477539,61.828521728515625,61.139320373535156,90.32257843017578,90,90.32257843017578,96.7741928100586,90.32257843017578,93.33333587646484,90,87.09677124023438,4.64732551574707,17179869184,22548578304,5566185472,21136343040
11,1729583116188,3228,3228,3228,3228,3228,3228,3228,3228,63.052650451660156,61.306697845458984,64.4490966796875,66.14199829101563,65.24430847167969,62.436370849609375,63.42704772949219,64.16494750976563,64.07794189453125,62.729637145996094,10,12.90322494506836,80,70,64.51612854003906,66.66667175292969,32.25806427001953,16.666667938232422,4.64732551574707,17179869184,22548578304,5566758912,21136343040
