Delta,Time,CPU_FREQUENCY_0,CPU_FREQUENCY_1,CPU_FREQUENCY_2,CPU_FREQUENCY_3,CPU_FREQUENCY_4,CPU_FREQUENCY_5,CPU_FREQUENCY_6,CPU_FREQUENCY_7,CPU_TEMP_0,CPU_TEMP_1,CPU_TEMP_2,CPU_TEMP_3,CPU_TEMP_4,CPU_TEMP_5,CPU_TEMP_6,CPU_TEMP_7,CPU_TEMP_8,CPU_TEMP_9,CPU_USAGE_0,CPU_USAGE_1,CPU_USAGE_2,CPU_USAGE_3,CPU_USAGE_4,CPU_USAGE_5,CPU_USAGE_6,CPU_USAGE_7,SYSTEM_POWER (Watts),TOTAL_MEMORY,TOTAL_SWAP,USED_MEMORY,USED_SWAP
0,1729576391362,3228,3228,3228,3228,3228,3228,3228,3228,72.4084701538086,68.76013946533203,77.62874603271484,79.42542266845703,74.4756088256836,69.97185516357422,75.5572509765625,75.89956665039063,71.11766052246094,69.55209350585938,0,50,50,50,0,0,0,0,14.82231330871582,17179869184,22548578304,5660147712,21248278528
306,1729576391362,3228,3228,3228,3228,3228,3228,3228,3228,72.4084701538086,68.76013946533203,77.62874603271484,79.42542266845703,74.4756088256836,69.97185516357422,75.5572509765625,75.89956665039063,71.11766052246094,69.55209350585938,0,0,NaN,NaN,NaN,NaN,0,0,14.82231330871582,17179869184,22548578304,5660917760,21248278528
308,1729576391669,3228,3228,3228,3228,3228,3228,3228,3228,72.4084701538086,68.76013946533203,77.62874603271484,79.42542266845703,74.4756088256836,69.97185516357422,75.5572509765625,75.89956665039063,71.11766052246094,69.55209350585938,90.32257843017578,90,93.54838562011719,96.7741928100586,93.33333587646484,93.75,93.33333587646484,93.33333587646484,14.82231330871582,17179869184,22548578304,5716951040,21248278528
299,1729576391977,3228,3228,3228,3228,3228,3228,3228,3228,73.23737335205078,70.52957153320313,77.59500885009766,79.81488037109375,75.30768585205078,71.02850341796875,76.3748779296875,77.0206298828125,73.86766815185547,71.4618148803711,16.666667938232422,19.35483741760254,63.33333206176758,64.51612854003906,61.29032516479492,56.66666793823242,59.375,29.032257080078125,14.82231330871582,17179869184,22548578304,5745426432,21248278528
9,1729576392277,3228,3228,3228,3228,3228,3228,3228,3228,73.23737335205078,70.52957153320313,77.59500885009766,79.81488037109375,75.30768585205078,71.02850341796875,76.3748779296875,77.0206298828125,73.86766815185547,71.4618148803711,20,23.33333396911621,68.75,43.33333206176758,43.33333206176758,30.000001907348633,6.896551609039307,3.3333334922790527,14.82231330871582,17179869184,22548578304,5700829184,21248278528
