Delta,Time,CPU_FREQUENCY_0,CPU_FREQUENCY_1,CPU_FREQUENCY_2,CPU_FREQUENCY_3,CPU_FREQUENCY_4,CPU_FREQUENCY_5,CPU_FREQUENCY_6,CPU_FREQUENCY_7,CPU_TEMP_0,CPU_TEMP_1,CPU_TEMP_2,CPU_TEMP_3,CPU_TEMP_4,CPU_TEMP_5,CPU_TEMP_6,CPU_TEMP_7,CPU_TEMP_8,CPU_TEMP_9,CPU_USAGE_0,CPU_USAGE_1,CPU_USAGE_2,CPU_USAGE_3,CPU_USAGE_4,CPU_USAGE_5,CPU_USAGE_6,CPU_USAGE_7,SYSTEM_POWER (Watts),TOTAL_MEMORY,TOTAL_SWAP,USED_MEMORY,USED_SWAP
0,1729588261641,3228,3228,3228,3228,3228,3228,3228,3228,58.736820220947266,55.57461166381836,56.92265319824219,58.54081344604492,57.80412292480469,57.110877990722656,56.451717376708984,57.096500396728516,58.40784454345703,57.844627380371094,50,50,100,0,0,0,0,0,9.142399787902832,17179869184,22548578304,5702893568,21086011392
309,1729588261641,3228,3228,3228,3228,3228,3228,3228,3228,58.736820220947266,55.57461166381836,56.92265319824219,58.54081344604492,57.80412292480469,57.110877990722656,56.451717376708984,57.096500396728516,58.40784454345703,57.844627380371094,0,0,50,NaN,0,0,0,0,9.142399787902832,17179869184,22548578304,5702893568,21086011392
308,1729588261951,3228,3228,3228,3228,3228,3228,3228,3228,58.736820220947266,55.57461166381836,56.92265319824219,58.54081344604492,57.80412292480469,57.110877990722656,56.451717376708984,57.096500396728516,58.40784454345703,57.844627380371094,36.66666793823242,30.000001907348633,83.33332824707031,70,67.74193572998047,77.41934967041016,73.33333587646484,70.96774291992188,9.142399787902832,17179869184,22548578304,5702893568,21086011392
310,1729588262260,3228,3228,3228,3228,3228,3228,3228,3228,60.95440673828125,58.123470306396484,61.86048126220703,64.11487579345703,61.76654815673828,59.28962707519531,61.56949996948242,62.06532669067383,61.93846893310547,60.176300048828125,48.3870964050293,45.16128921508789,67.74193572998047,67.74193572998047,53.333335876464844,48.3870964050293,41.935482025146484,36.66666793823242,9.142399787902832,17179869184,22548578304,6110216192,21086011392
12,1729588262571,3228,3228,3228,3228,3228,3228,3228,3228,60.95440673828125,58.123470306396484,61.86048126220703,64.11487579345703,61.76654815673828,59.28962707519531,61.56949996948242,62.06532669067383,61.93846893310547,60.176300048828125,23.33333396911621,22.580644607543945,9.375,3.125,0,0,0,0,9.142399787902832,17179869184,22548578304,5862948864,21086011392
