Delta,Time,CPU_FREQUENCY_0,CPU_FREQUENCY_1,CPU_FREQUENCY_2,CPU_FREQUENCY_3,CPU_FREQUENCY_4,CPU_FREQUENCY_5,CPU_FREQUENCY_6,CPU_FREQUENCY_7,CPU_TEMP_0,CPU_TEMP_1,CPU_TEMP_2,CPU_TEMP_3,CPU_TEMP_4,CPU_TEMP_5,CPU_TEMP_6,CPU_TEMP_7,CPU_TEMP_8,CPU_TEMP_9,CPU_USAGE_0,CPU_USAGE_1,CPU_USAGE_2,CPU_USAGE_3,CPU_USAGE_4,CPU_USAGE_5,CPU_USAGE_6,CPU_USAGE_7,SYSTEM_POWER (Watts),TOTAL_MEMORY,TOTAL_SWAP,USED_MEMORY,USED_SWAP
0,1729532318263,3228,3228,3228,3228,3228,3228,3228,3228,59.57746505737305,56.695068359375,58.5201416015625,59.6286506652832,60.389671325683594,58.34891128540039,58.339866638183594,58.73198699951172,60.21157455444336,59.2713623046875,0,50,0,0,0,0,0,0,8.112142562866211,17179869184,19327352832,7728807936,18699911168
309,1729532318263,3228,3228,3228,3228,3228,3228,3228,3228,59.57746505737305,56.695068359375,58.5201416015625,59.6286506652832,60.389671325683594,58.34891128540039,58.339866638183594,58.73198699951172,60.21157455444336,59.2713623046875,NaN,NaN,50,100,0,0,0,0,8.112142562866211,17179869184,19327352832,7730593792,18699911168
309,1729532318573,3228,3228,3228,3228,3228,3228,3228,3228,59.57746505737305,56.695068359375,58.5201416015625,59.6286506652832,60.389671325683594,58.34891128540039,58.339866638183594,58.73198699951172,60.21157455444336,59.2713623046875,65.625,65.625,80,67.74193572998047,84.375,66.66667175292969,66.66667175292969,67.74193572998047,4.875977039337158,17179869184,19327352832,10215473152,18699911168
10,1729532318884,3228,3228,3228,3228,3228,3228,3228,3228,61.986297607421875,58.67317199707031,62.262359619140625,63.375892639160156,63.492835998535156,60.324012756347656,61.8357048034668,62.29206466674805,62.8971061706543,61.07178497314453,25.80644989013672,19.35483741760254,31.25,3.22580623626709,0,0,0,0,4.875977039337158,17179869184,19327352832,7716274176,18699911168
