Delta,Time,CPU_FREQUENCY_0,CPU_FREQUENCY_1,CPU_FREQUENCY_2,CPU_FREQUENCY_3,CPU_FREQUENCY_4,CPU_FREQUENCY_5,CPU_FREQUENCY_6,CPU_FREQUENCY_7,CPU_TEMP_0,CPU_TEMP_1,CPU_TEMP_2,CPU_TEMP_3,CPU_TEMP_4,CPU_TEMP_5,CPU_TEMP_6,CPU_TEMP_7,CPU_TEMP_8,CPU_TEMP_9,CPU_USAGE_0,CPU_USAGE_1,CPU_USAGE_2,CPU_USAGE_3,CPU_USAGE_4,CPU_USAGE_5,CPU_USAGE_6,CPU_USAGE_7,SYSTEM_POWER (Watts),TOTAL_MEMORY,TOTAL_SWAP,USED_MEMORY,USED_SWAP
0,1729594699856,3228,3228,3228,3228,3228,3228,3228,3228,62.36405944824219,60.55903244018555,61.04850769042969,62.80282974243164,63.23713684082031,60.626705169677734,60.64182662963867,61.854827880859375,63.03279495239258,62.10023498535156,NaN,100,50,0,0,0,0,0,8.422651290893555,17179869184,22548578304,4575903744,20976959488
308,1729594699857,3228,3228,3228,3228,3228,3228,3228,3228,62.36405944824219,60.55903244018555,61.04850769042969,62.80282974243164,63.23713684082031,60.626705169677734,60.64182662963867,61.854827880859375,63.03279495239258,62.10023498535156,50,0,0,100,0,0,0,0,8.422651290893555,17179869184,22548578304,4577017856,20976959488
302,1729594700165,3228,3228,3228,3228,3228,3228,3228,3228,62.36405944824219,60.55903244018555,61.04850769042969,62.80282974243164,63.23713684082031,60.626705169677734,60.64182662963867,61.854827880859375,63.03279495239258,62.10023498535156,86.66666412353516,83.87096405029297,93.54838562011719,96.7741928100586,90.32257843017578,93.54838562011719,90.625,90,8.422651290893555,17179869184,22548578304,4577017856,20976959488
300,1729594700468,3228,3228,3228,3228,3228,3228,3228,3228,64.6128158569336,62.588905334472656,65.29656219482422,67.26612091064453,66.41703033447266,62.301124572753906,64.78778076171875,65.62632751464844,65.70926666259766,63.59638977050781,20.689655303955078,24.137929916381836,87.09677124023438,86.20689392089844,83.33332824707031,66.66667175292969,68.96551513671875,63.33333206176758,8.422651290893555,17179869184,22548578304,4645257216,20976959488
10,1729594700768,3228,3228,3228,3228,3228,3228,3228,3228,64.6128158569336,62.588905334472656,65.29656219482422,67.26612091064453,66.41703033447266,62.301124572753906,64.78778076171875,65.62632751464844,65.70926666259766,63.59638977050781,13.333333969116211,18.75,83.33332824707031,80.6451644897461,70,66.66667175292969,46.66666793823242,36.66666793823242,6.163383960723877,17179869184,22548578304,4611342336,20976959488
