Delta,Time,CPU_FREQUENCY_0,CPU_FREQUENCY_1,CPU_FREQUENCY_2,CPU_FREQUENCY_3,CPU_FREQUENCY_4,CPU_FREQUENCY_5,CPU_FREQUENCY_6,CPU_FREQUENCY_7,CPU_TEMP_0,CPU_TEMP_1,CPU_TEMP_2,CPU_TEMP_3,CPU_TEMP_4,CPU_TEMP_5,CPU_TEMP_6,CPU_TEMP_7,CPU_TEMP_8,CPU_TEMP_9,CPU_USAGE_0,CPU_USAGE_1,CPU_USAGE_2,CPU_USAGE_3,CPU_USAGE_4,CPU_USAGE_5,CPU_USAGE_6,CPU_USAGE_7,SYSTEM_POWER (Watts),TOTAL_MEMORY,TOTAL_SWAP,USED_MEMORY,USED_SWAP
0,1729534150956,3228,3228,3228,3228,3228,3228,3228,3228,63.0191764831543,60.325828552246094,63.59392547607422,65.28755950927734,64.24470520019531,61.02838134765625,64.17094421386719,64.48050689697266,64.33798217773438,62.77800750732422,0,100,100,0,50,100,0,50,17.954137802124023,17179869184,19327352832,6999146496,18666356736
302,1729534150956,3228,3228,3228,3228,3228,3228,3228,3228,63.0191764831543,60.325828552246094,63.59392547607422,65.28755950927734,64.24470520019531,61.02838134765625,64.17094421386719,64.48050689697266,64.33798217773438,62.77800750732422,0,0,NaN,100,0,0,100,100,17.954137802124023,17179869184,19327352832,7002079232,18666356736
10,1729534151259,3228,3228,3228,3228,3228,3228,3228,3228,63.0191764831543,60.325828552246094,63.59392547607422,65.28755950927734,64.24470520019531,61.02838134765625,64.17094421386719,64.48050689697266,64.33798217773438,62.77800750732422,24.137929916381836,26.666667938232422,80,76.66666412353516,82.75862121582031,64.51612854003906,56.66666793823242,56.66666793823242,17.954137802124023,17179869184,19327352832,7017005056,18666356736
