Delta,Time,CPU_FREQUENCY_0,CPU_FREQUENCY_1,CPU_FREQUENCY_2,CPU_FREQUENCY_3,CPU_FREQUENCY_4,CPU_FREQUENCY_5,CPU_FREQUENCY_6,CPU_FREQUENCY_7,CPU_TEMP_0,CPU_TEMP_1,CPU_TEMP_2,CPU_TEMP_3,CPU_TEMP_4,CPU_TEMP_5,CPU_TEMP_6,CPU_TEMP_7,CPU_TEMP_8,CPU_TEMP_9,CPU_USAGE_0,CPU_USAGE_1,CPU_USAGE_2,CPU_USAGE_3,CPU_USAGE_4,CPU_USAGE_5,CPU_USAGE_6,CPU_USAGE_7,SYSTEM_POWER (Watts),TOTAL_MEMORY,TOTAL_SWAP,USED_MEMORY,USED_SWAP
0,1729572461321,3228,3228,3228,3228,3228,3228,3228,3228,63.376121520996094,60.780906677246094,62.57152557373047,63.22237777709961,62.71131134033203,62.46534729003906,61.66887283325195,62.40481185913086,63.90946960449219,63.31731414794922,0,66.66667175292969,NaN,0,0,0,0,0,4.714353561401367,17179869184,22548578304,5843812352,21248278528
303,1729572461321,3228,3228,3228,3228,3228,3228,3228,3228,63.376121520996094,60.780906677246094,62.57152557373047,63.22237777709961,62.71131134033203,62.46534729003906,61.66887283325195,62.40481185913086,63.90946960449219,63.31731414794922,0,0,50,100,50,0,0,0,4.714353561401367,17179869184,22548578304,5843812352,21248278528
9,1729572461624,3228,3228,3228,3228,3228,3228,3228,3228,63.376121520996094,60.780906677246094,62.57152557373047,63.22237777709961,62.71131134033203,62.46534729003906,61.66887283325195,62.40481185913086,63.90946960449219,63.31731414794922,22.580644607543945,17.241378784179688,34.482757568359375,43.33333206176758,20.689655303955078,9.67741870880127,6.6666669845581055,0,4.714353561401367,17179869184,22548578304,5843812352,21248278528
