Delta,Time,CPU_FREQUENCY_0,CPU_FREQUENCY_1,CPU_FREQUENCY_2,CPU_FREQUENCY_3,CPU_FREQUENCY_4,CPU_FREQUENCY_5,CPU_FREQUENCY_6,CPU_FREQUENCY_7,CPU_TEMP_0,CPU_TEMP_1,CPU_TEMP_2,CPU_TEMP_3,CPU_TEMP_4,CPU_TEMP_5,CPU_TEMP_6,CPU_TEMP_7,CPU_TEMP_8,CPU_TEMP_9,CPU_USAGE_0,CPU_USAGE_1,CPU_USAGE_2,CPU_USAGE_3,CPU_USAGE_4,CPU_USAGE_5,CPU_USAGE_6,CPU_USAGE_7,SYSTEM_POWER (Watts),TOTAL_MEMORY,TOTAL_SWAP,USED_MEMORY,USED_SWAP
0,1729533392853,3228,3228,3228,3228,3228,3228,3228,3228,63.09309005737305,60.47098159790039,62.9337158203125,63.36096954345703,63.83161163330078,61.46950149536133,61.98491668701172,62.168663024902344,63.321109771728516,62.67097473144531,0,NaN,50,NaN,100,100,NaN,50,14.193573951721191,17179869184,19327352832,7472971776,18683133952
309,1729533392853,3228,3228,3228,3228,3228,3228,3228,3228,63.09309005737305,60.47098159790039,62.9337158203125,63.36096954345703,63.83161163330078,61.46950149536133,61.98491668701172,62.168663024902344,63.321109771728516,62.67097473144531,0,0,NaN,100,NaN,NaN,100,NaN,14.193573951721191,17179869184,19327352832,7476461568,18683133952
8,1729533393163,3228,3228,3228,3228,3228,3228,3228,3228,66.32211303710938,62.18450927734375,68.69707489013672,69.95658111572266,69.22793579101563,64.14222717285156,67.01171112060547,66.03292846679688,64.66435241699219,63.71907043457031,20,20,96.66666412353516,90,83.87096405029297,87.09677124023438,48.3870964050293,20,14.193573951721191,17179869184,19327352832,7459962880,18683133952
