Delta,Time,CPU_FREQUENCY_0,CPU_FREQUENCY_1,CPU_FREQUENCY_2,CPU_FREQUENCY_3,CPU_FREQUENCY_4,CPU_FREQUENCY_5,CPU_FREQUENCY_6,CPU_FREQUENCY_7,CPU_TEMP_0,CPU_TEMP_1,CPU_TEMP_2,CPU_TEMP_3,CPU_TEMP_4,CPU_TEMP_5,CPU_TEMP_6,CPU_TEMP_7,CPU_TEMP_8,CPU_TEMP_9,CPU_USAGE_0,CPU_USAGE_1,CPU_USAGE_2,CPU_USAGE_3,CPU_USAGE_4,CPU_USAGE_5,CPU_USAGE_6,CPU_USAGE_7,SYSTEM_POWER (Watts),TOTAL_MEMORY,TOTAL_SWAP,USED_MEMORY,USED_SWAP
0,1729563139800,3228,3228,3228,3228,3228,3228,3228,3228,67.07125854492188,64.77052307128906,65.9074478149414,67.38479614257813,67.3333740234375,65.4581298828125,65.16023254394531,66.20590209960938,67.49210357666016,67.27255249023438,50,0,50,0,0,0,0,0,4.81571626663208,17179869184,22548578304,4884791296,21256667136
307,1729563139800,3228,3228,3228,3228,3228,3228,3228,3228,67.07125854492188,64.77052307128906,65.9074478149414,67.38479614257813,67.3333740234375,65.4581298828125,65.16023254394531,66.20590209960938,67.49210357666016,67.27255249023438,0,NaN,50,0,0,50,0,0,4.81571626663208,17179869184,22548578304,4884791296,21256667136
7,1729563140108,3228,3228,3228,3228,3228,3228,3228,3228,67.07125854492188,64.77052307128906,65.9074478149414,67.38479614257813,67.3333740234375,65.4581298828125,65.16023254394531,66.20590209960938,67.49210357666016,67.27255249023438,23.33333396911621,13.333333969116211,32.25806427001953,38.70967483520508,13.333333969116211,9.67741870880127,0,0,4.870245456695557,17179869184,22548578304,4884791296,21256667136
