Delta,Time,CPU_FREQUENCY_0,CPU_FREQUENCY_1,CPU_FREQUENCY_2,CPU_FREQUENCY_3,CPU_FREQUENCY_4,CPU_FREQUENCY_5,CPU_FREQUENCY_6,CPU_FREQUENCY_7,CPU_TEMP_0,CPU_TEMP_1,CPU_TEMP_2,CPU_TEMP_3,CPU_TEMP_4,CPU_TEMP_5,CPU_TEMP_6,CPU_TEMP_7,CPU_TEMP_8,CPU_TEMP_9,CPU_USAGE_0,CPU_USAGE_1,CPU_USAGE_2,CPU_USAGE_3,CPU_USAGE_4,CPU_USAGE_5,CPU_USAGE_6,CPU_USAGE_7,SYSTEM_POWER (Watts),TOTAL_MEMORY,TOTAL_SWAP,USED_MEMORY,USED_SWAP
0,1729580502350,3228,3228,3228,3228,3228,3228,3228,3228,58.197174072265625,55.39872741699219,56.29875183105469,57.96943283081055,58.51206970214844,55.65443420410156,56.08769989013672,57.318660736083984,59.00988006591797,57.90260314941406,0,0,0,0,0,0,0,0,4.864804744720459,17179869184,22548578304,4770988032,21248278528
309,1729580502350,3228,3228,3228,3228,3228,3228,3228,3228,58.197174072265625,55.39872741699219,56.29875183105469,57.96943283081055,58.51206970214844,55.65443420410156,56.08769989013672,57.318660736083984,59.00988006591797,57.90260314941406,0,0,100,50,0,0,0,0,4.864804744720459,17179869184,22548578304,4770988032,21248278528
309,1729580502660,3228,3228,3228,3228,3228,3228,3228,3228,58.197174072265625,55.39872741699219,56.29875183105469,57.96943283081055,58.51206970214844,55.65443420410156,56.08769989013672,57.318660736083984,59.00988006591797,57.90260314941406,87.09677124023438,87.5,96.875,93.54838562011719,93.54838562011719,86.66666412353516,87.5,89.6551742553711,4.833035469055176,17179869184,22548578304,4770988032,21248278528
7,1729580502969,3228,3228,3228,3228,3228,3228,3228,3228,60.823787689208984,57.59797668457031,61.92925262451172,63.657535552978516,62.34947204589844,58.403724670410156,60.4378547668457,61.69853210449219,61.93273162841797,59.84900665283203,12.90322494506836,9.67741870880127,60.000003814697266,56.66666793823242,41.935482025146484,35.48387145996094,13.333333969116211,18.18181800842285,4.833035469055176,17179869184,22548578304,4827578368,21248278528
