Delta,Time,CPU_FREQUENCY_0,CPU_FREQUENCY_1,CPU_FREQUENCY_2,CPU_FREQUENCY_3,CPU_FREQUENCY_4,CPU_FREQUENCY_5,CPU_FREQUENCY_6,CPU_FREQUENCY_7,CPU_TEMP_0,CPU_TEMP_1,CPU_TEMP_2,CPU_TEMP_3,CPU_TEMP_4,CPU_TEMP_5,CPU_TEMP_6,CPU_TEMP_7,CPU_TEMP_8,CPU_TEMP_9,CPU_USAGE_0,CPU_USAGE_1,CPU_USAGE_2,CPU_USAGE_3,CPU_USAGE_4,CPU_USAGE_5,CPU_USAGE_6,CPU_USAGE_7,SYSTEM_POWER (Watts),TOTAL_MEMORY,TOTAL_SWAP,USED_MEMORY,USED_SWAP
0,1729595481051,3228,3228,3228,3228,3228,3228,3228,3228,63.082759857177734,60.132076263427734,61.749000549316406,62.56624984741211,63.92279815673828,61.14482879638672,60.683624267578125,62.8907356262207,63.31005859375,62.713653564453125,100,50,NaN,100,100,100,100,100,6.1024956703186035,17179869184,22548578304,4048109568,20968570880
307,1729595481051,3228,3228,3228,3228,3228,3228,3228,3228,63.082759857177734,60.132076263427734,61.749000549316406,62.56624984741211,63.92279815673828,61.14482879638672,60.683624267578125,62.8907356262207,63.31005859375,62.713653564453125,0,0,50,0,50,100,100,100,6.1024956703186035,17179869184,22548578304,4054122496,20968570880
307,1729595481359,3228,3228,3228,3228,3228,3228,3228,3228,70.14547729492188,65.79637145996094,75.19206237792969,76.8512954711914,73.76908111572266,67.65204620361328,72.14930725097656,73.83177185058594,69.09242248535156,67.13752746582031,73.33333587646484,67.74193572998047,93.33333587646484,93.33333587646484,93.33333587646484,93.54838562011719,90.32257843017578,80.6451644897461,6.1024956703186035,17179869184,22548578304,4942282752,20968570880
305,1729595481669,3228,3228,3228,3228,3228,3228,3228,3228,70.14547729492188,65.79637145996094,75.19206237792969,76.8512954711914,73.76908111572266,67.65204620361328,72.14930725097656,73.83177185058594,69.09242248535156,67.13752746582031,86.66666412353516,87.09677124023438,96.7741928100586,90.32257843017578,90.625,93.33333587646484,90,96.66666412353516,6.1024956703186035,17179869184,22548578304,6045466624,20968570880
9,1729595481974,3228,3228,3228,3228,3228,3228,3228,3228,70.14547729492188,65.79637145996094,75.19206237792969,76.8512954711914,73.76908111572266,67.65204620361328,72.14930725097656,73.83177185058594,69.09242248535156,67.13752746582031,64.51612854003906,60.000003814697266,90.32257843017578,83.87096405029297,83.33332824707031,70,64.51612854003906,48.3870964050293,14.590227127075195,17179869184,22548578304,4278255616,20968570880
