Delta,Time,CPU_FREQUENCY_0,CPU_FREQUENCY_1,CPU_FREQUENCY_2,CPU_FREQUENCY_3,CPU_FREQUENCY_4,CPU_FREQUENCY_5,CPU_FREQUENCY_6,CPU_FREQUENCY_7,CPU_TEMP_0,CPU_TEMP_1,CPU_TEMP_2,CPU_TEMP_3,CPU_TEMP_4,CPU_TEMP_5,CPU_TEMP_6,CPU_TEMP_7,CPU_TEMP_8,CPU_TEMP_9,CPU_USAGE_0,CPU_USAGE_1,CPU_USAGE_2,CPU_USAGE_3,CPU_USAGE_4,CPU_USAGE_5,CPU_USAGE_6,CPU_USAGE_7,SYSTEM_POWER (Watts),TOTAL_MEMORY,TOTAL_SWAP,USED_MEMORY,USED_SWAP
0,1729549790501,3228,3228,3228,3228,3228,3228,3228,3228,60.99117660522461,57.38694381713867,61.191123962402344,61.80630874633789,61.475486755371094,59.389888763427734,59.546791076660156,59.35190963745117,60.57964324951172,60.49897003173828,100,50,0,0,0,0,0,0,17.482389450073242,17179869184,21474836480,6705315840,20766916608
309,1729549790501,3228,3228,3228,3228,3228,3228,3228,3228,60.99117660522461,57.38694381713867,61.191123962402344,61.80630874633789,61.475486755371094,59.389888763427734,59.546791076660156,59.35190963745117,60.57964324951172,60.49897003173828,100,100,0,0,0,0,0,0,17.482389450073242,17179869184,21474836480,6707380224,20766916608
309,1729549790811,3228,3228,3228,3228,3228,3228,3228,3228,60.99117660522461,57.38694381713867,61.191123962402344,61.80630874633789,61.475486755371094,59.389888763427734,59.546791076660156,59.35190963745117,60.57964324951172,60.49897003173828,93.54838562011719,96.7741928100586,96.875,93.54838562011719,93.54838562011719,90.32257843017578,87.09677124023438,87.09677124023438,13.713680267333984,17179869184,21474836480,6760054784,20766916608
8,1729549791122,3228,3228,3228,3228,3228,3228,3228,3228,60.99117660522461,57.38694381713867,61.191123962402344,61.80630874633789,61.475486755371094,59.389888763427734,59.546791076660156,59.35190963745117,60.57964324951172,60.49897003173828,6.6666669845581055,9.67741870880127,35.48387145996094,35.48387145996094,29.032257080078125,22.580644607543945,15.625,3.125,13.713680267333984,17179869184,21474836480,6719651840,20766916608
