Delta,Time,CPU_FREQUENCY_0,CPU_FREQUENCY_1,CPU_FREQUENCY_2,CPU_FREQUENCY_3,CPU_FREQUENCY_4,CPU_FREQUENCY_5,CPU_FREQUENCY_6,CPU_FREQUENCY_7,CPU_TEMP_0,CPU_TEMP_1,CPU_TEMP_2,CPU_TEMP_3,CPU_TEMP_4,CPU_TEMP_5,CPU_TEMP_6,CPU_TEMP_7,CPU_TEMP_8,CPU_TEMP_9,CPU_USAGE_0,CPU_USAGE_1,CPU_USAGE_2,CPU_USAGE_3,CPU_USAGE_4,CPU_USAGE_5,CPU_USAGE_6,CPU_USAGE_7,SYSTEM_POWER (Watts),TOTAL_MEMORY,TOTAL_SWAP,USED_MEMORY,USED_SWAP
0,1729592600009,3228,3228,3228,3228,3228,3228,3228,3228,74.28267669677734,69.31676483154297,80.49650573730469,81.59628295898438,77.63514709472656,72.32145690917969,76.23851013183594,77.00277709960938,71.83172607421875,71.02754974365234,50,100,100,0,0,0,0,0,25.129173278808594,17179869184,22548578304,4684087296,21060845568
301,1729592600009,3228,3228,3228,3228,3228,3228,3228,3228,74.28267669677734,69.31676483154297,80.49650573730469,81.59628295898438,77.63514709472656,72.32145690917969,76.23851013183594,77.00277709960938,71.83172607421875,71.02754974365234,NaN,100,50,50,NaN,100,NaN,0,25.129173278808594,17179869184,22548578304,4688445440,21060845568
10,1729592600312,3228,3228,3228,3228,3228,3228,3228,3228,71.07294464111328,66.71929168701172,75.0251235961914,75.5987319946289,71.49104309082031,68.59452819824219,69.65301513671875,70.37101745605469,69.3521728515625,69.03668975830078,12.90322494506836,10,17.241378784179688,24.137929916381836,3.3333334922790527,6.6666669845581055,3.22580623626709,0,25.129173278808594,17179869184,22548578304,4688461824,21060845568
