Delta,Time,CPU_FREQUENCY_0,CPU_FREQUENCY_1,CPU_FREQUENCY_2,CPU_FREQUENCY_3,CPU_FREQUENCY_4,CPU_FREQUENCY_5,CPU_FREQUENCY_6,CPU_FREQUENCY_7,CPU_TEMP_0,CPU_TEMP_1,CPU_TEMP_2,CPU_TEMP_3,CPU_TEMP_4,CPU_TEMP_5,CPU_TEMP_6,CPU_TEMP_7,CPU_TEMP_8,CPU_TEMP_9,CPU_USAGE_0,CPU_USAGE_1,CPU_USAGE_2,CPU_USAGE_3,CPU_USAGE_4,CPU_USAGE_5,CPU_USAGE_6,CPU_USAGE_7,SYSTEM_POWER (Watts),TOTAL_MEMORY,TOTAL_SWAP,USED_MEMORY,USED_SWAP
0,1729532339445,3228,3228,3228,3228,3228,3228,3228,3228,60.35541534423828,57.11521911621094,58.3192138671875,60.2796630859375,60.0809326171875,58.13806915283203,58.41878128051758,58.927330017089844,60.83720397949219,60.28440856933594,NaN,0,0,0,0,0,0,0,9.576363563537598,17179869184,19327352832,7947452416,18699911168
309,1729532339445,3228,3228,3228,3228,3228,3228,3228,3228,60.35541534423828,57.11521911621094,58.3192138671875,60.2796630859375,60.0809326171875,58.13806915283203,58.41878128051758,58.927330017089844,60.83720397949219,60.28440856933594,0,50,100,0,0,0,0,0,9.576363563537598,17179869184,19327352832,7950188544,18699911168
309,1729532339755,3228,3228,3228,3228,3228,3228,3228,3228,60.35541534423828,57.11521911621094,58.3192138671875,60.2796630859375,60.0809326171875,58.13806915283203,58.41878128051758,58.927330017089844,60.83720397949219,60.28440856933594,87.09677124023438,90.32257843017578,90.625,93.33333587646484,93.75,93.54838562011719,93.33333587646484,87.5,9.576363563537598,17179869184,19327352832,7993262080,18699911168
13,1729532340065,3228,3228,3228,3228,3228,3228,3228,3228,61.546714782714844,58.238182067871094,61.60331726074219,63.366859436035156,62.364723205566406,59.68999099731445,60.92287063598633,61.30644989013672,62.021907806396484,60.91187286376953,9.67741870880127,3.3333334922790527,51.72413635253906,16.129032135009766,19.35483741760254,25.80644989013672,6.45161247253418,3.3333334922790527,9.576363563537598,17179869184,19327352832,7939522560,18699911168
