Delta,Time,CPU_FREQUENCY_0,CPU_FREQUENCY_1,CPU_FREQUENCY_2,CPU_FREQUENCY_3,CPU_FREQUENCY_4,CPU_FREQUENCY_5,CPU_FREQUENCY_6,CPU_FREQUENCY_7,CPU_TEMP_0,CPU_TEMP_1,CPU_TEMP_2,CPU_TEMP_3,CPU_TEMP_4,CPU_TEMP_5,CPU_TEMP_6,CPU_TEMP_7,CPU_TEMP_8,CPU_TEMP_9,CPU_USAGE_0,CPU_USAGE_1,CPU_USAGE_2,CPU_USAGE_3,CPU_USAGE_4,CPU_USAGE_5,CPU_USAGE_6,CPU_USAGE_7,SYSTEM_POWER (Watts),TOTAL_MEMORY,TOTAL_SWAP,USED_MEMORY,USED_SWAP
0,1729537265016,3228,3228,3228,3228,3228,3228,3228,3228,64.51686096191406,60.952049255371094,66.38612365722656,67.64417266845703,67.014404296875,63.143882751464844,65.30809020996094,64.4576416015625,64.38871765136719,63.41327667236328,0,50,100,NaN,NaN,50,NaN,0,9.629961013793945,17179869184,20401094656,5464473600,19915210752
308,1729537265016,3228,3228,3228,3228,3228,3228,3228,3228,64.51686096191406,60.952049255371094,66.38612365722656,67.64417266845703,67.014404296875,63.143882751464844,65.30809020996094,64.4576416015625,64.38871765136719,63.41327667236328,50,0,100,50,0,NaN,0,0,9.629961013793945,17179869184,20401094656,5464473600,19915210752
11,1729537265325,3228,3228,3228,3228,3228,3228,3228,3228,64.51686096191406,60.952049255371094,66.38612365722656,67.64417266845703,67.014404296875,63.143882751464844,65.30809020996094,64.4576416015625,64.38871765136719,63.41327667236328,6.6666669845581055,9.67741870880127,19.35483741760254,23.33333396911621,9.67741870880127,6.25,0,0,9.629961013793945,17179869184,20401094656,5464473600,19915210752
