Delta,Time,CPU_FREQUENCY_0,CPU_FREQUENCY_1,CPU_FREQUENCY_2,CPU_FREQUENCY_3,CPU_FREQUENCY_4,CPU_FREQUENCY_5,CPU_FREQUENCY_6,CPU_FREQUENCY_7,CPU_TEMP_0,CPU_TEMP_1,CPU_TEMP_2,CPU_TEMP_3,CPU_TEMP_4,CPU_TEMP_5,CPU_TEMP_6,CPU_TEMP_7,CPU_TEMP_8,CPU_TEMP_9,CPU_USAGE_0,CPU_USAGE_1,CPU_USAGE_2,CPU_USAGE_3,CPU_USAGE_4,CPU_USAGE_5,CPU_USAGE_6,CPU_USAGE_7,SYSTEM_POWER (Watts),TOTAL_MEMORY,TOTAL_SWAP,USED_MEMORY,USED_SWAP
0,1729579221664,3228,3228,3228,3228,3228,3228,3228,3228,65.36054992675781,62.146846771240234,70.0199966430664,72.4640884399414,69.55479431152344,63.4790153503418,68.69419860839844,68.27871704101563,64.72161102294922,63.96211242675781,50,0,NaN,0,50,100,NaN,NaN,26.17127799987793,17179869184,22548578304,5902286848,21248278528
309,1729579221664,3228,3228,3228,3228,3228,3228,3228,3228,65.36054992675781,62.146846771240234,70.0199966430664,72.4640884399414,69.55479431152344,63.4790153503418,68.69419860839844,68.27871704101563,64.72161102294922,63.96211242675781,0,0,0,100,100,100,50,50,26.17127799987793,17179869184,22548578304,5902286848,21248278528
298,1729579221976,3228,3228,3228,3228,3228,3228,3228,3228,64.94783020019531,62.54318618774414,69.35274505615234,72.11161041259766,69.12743377685547,63.457462310791016,69.15082550048828,69.06555938720703,66.22845458984375,64.41217041015625,64.51612854003906,64.51612854003906,93.75,83.87096405029297,90.32257843017578,87.09677124023438,90.32257843017578,87.09677124023438,26.17127799987793,17179869184,22548578304,5902286848,21248278528
10,1729579222275,3228,3228,3228,3228,3228,3228,3228,3228,64.94783020019531,62.54318618774414,69.35274505615234,72.11161041259766,69.12743377685547,63.457462310791016,69.15082550048828,69.06555938720703,66.22845458984375,64.41217041015625,27.586206436157227,30.000001907348633,66.66667175292969,62.06896209716797,58.620689392089844,60.000003814697266,36.66666793823242,50,26.17127799987793,17179869184,22548578304,5943640064,21248278528
