Delta,Time,CPU_FREQUENCY_0,CPU_FREQUENCY_1,CPU_FREQUENCY_2,CPU_FREQUENCY_3,CPU_FREQUENCY_4,CPU_FREQUENCY_5,CPU_FREQUENCY_6,CPU_FREQUENCY_7,CPU_TEMP_0,CPU_TEMP_1,CPU_TEMP_2,CPU_TEMP_3,CPU_TEMP_4,CPU_TEMP_5,CPU_TEMP_6,CPU_TEMP_7,CPU_TEMP_8,CPU_TEMP_9,CPU_USAGE_0,CPU_USAGE_1,CPU_USAGE_2,CPU_USAGE_3,CPU_USAGE_4,CPU_USAGE_5,CPU_USAGE_6,CPU_USAGE_7,SYSTEM_POWER (Watts),TOTAL_MEMORY,TOTAL_SWAP,USED_MEMORY,USED_SWAP
0,1729595680371,3228,3228,3228,3228,3228,3228,3228,3228,72.07252502441406,67.44828796386719,77.26463317871094,78.87564086914063,74.85934448242188,69.24698638916016,76.48249816894531,77.53611755371094,70.49952697753906,68.55827331542969,0,50,0,100,100,50,50,100,22.818302154541016,17179869184,22548578304,5619630080,20968570880
302,1729595680371,3228,3228,3228,3228,3228,3228,3228,3228,72.07252502441406,67.44828796386719,77.26463317871094,78.87564086914063,74.85934448242188,69.24698638916016,76.48249816894531,77.53611755371094,70.49952697753906,68.55827331542969,50,50,100,0,100,NaN,NaN,100,22.818302154541016,17179869184,22548578304,5623693312,20968570880
9,1729595680674,3228,3228,3228,3228,3228,3228,3228,3228,72.07252502441406,67.44828796386719,77.26463317871094,78.87564086914063,74.85934448242188,69.24698638916016,76.48249816894531,77.53611755371094,70.49952697753906,68.55827331542969,51.72413635253906,50,93.33333587646484,90.32257843017578,87.09677124023438,87.09677124023438,74.19355010986328,76.66666412353516,22.818302154541016,17179869184,22548578304,5635391488,20968570880
