Delta,Time,CPU_FREQUENCY_0,CPU_FREQUENCY_1,CPU_FREQUENCY_2,CPU_FREQUENCY_3,CPU_FREQUENCY_4,CPU_FREQUENCY_5,CPU_FREQUENCY_6,CPU_FREQUENCY_7,CPU_TEMP_0,CPU_TEMP_1,CPU_TEMP_2,CPU_TEMP_3,CPU_TEMP_4,CPU_TEMP_5,CPU_TEMP_6,CPU_TEMP_7,CPU_TEMP_8,CPU_TEMP_9,CPU_USAGE_0,CPU_USAGE_1,CPU_USAGE_2,CPU_USAGE_3,CPU_USAGE_4,CPU_USAGE_5,CPU_USAGE_6,CPU_USAGE_7,SYSTEM_POWER (Watts),TOTAL_MEMORY,TOTAL_SWAP,USED_MEMORY,USED_SWAP
0,1729575925141,3228,3228,3228,3228,3228,3228,3228,3228,66.08613586425781,61.69789123535156,69.31856536865234,70.86801147460938,67.94366455078125,63.929176330566406,67.54550170898438,67.62457275390625,63.87328338623047,63.041969299316406,0,0,0,100,50,NaN,100,50,4.7276387214660645,17179869184,22548578304,4414816256,21248278528
309,1729575925141,3228,3228,3228,3228,3228,3228,3228,3228,66.08613586425781,61.69789123535156,69.31856536865234,70.86801147460938,67.94366455078125,63.929176330566406,67.54550170898438,67.62457275390625,63.87328338623047,63.041969299316406,0,NaN,100,50,NaN,100,100,NaN,4.7276387214660645,17179869184,22548578304,4414816256,21248278528
308,1729575925450,3228,3228,3228,3228,3228,3228,3228,3228,66.08613586425781,61.69789123535156,69.31856536865234,70.86801147460938,67.94366455078125,63.929176330566406,67.54550170898438,67.62457275390625,63.87328338623047,63.041969299316406,68.75,65.625,90.32257843017578,93.10344696044922,90.625,96.875,93.54838562011719,87.09677124023438,8.370625495910645,17179869184,22548578304,4414816256,21248278528
300,1729575925758,3228,3228,3228,3228,3228,3228,3228,3228,66.08613586425781,61.69789123535156,69.31856536865234,70.86801147460938,67.94366455078125,63.929176330566406,67.54550170898438,67.62457275390625,63.87328338623047,63.041969299316406,74.19355010986328,73.33333587646484,90,90.625,87.09677124023438,83.87096405029297,87.09677124023438,73.33333587646484,8.370625495910645,17179869184,22548578304,6990659584,21248278528
11,1729575926059,3228,3228,3228,3228,3228,3228,3228,3228,70.2579574584961,68.0348129272461,74.99723815917969,78.0206069946289,73.51008605957031,68.5506820678711,76.06840515136719,76.7938232421875,72.02303314208984,68.58354949951172,24.137929916381836,32.25806427001953,70,43.33333206176758,51.72413635253906,33.333335876464844,16.666667938232422,23.33333396911621,8.370625495910645,17179869184,22548578304,4423794688,21248278528
