Delta,Time,CPU_FREQUENCY_0,CPU_FREQUENCY_1,CPU_FREQUENCY_2,CPU_FREQUENCY_3,CPU_FREQUENCY_4,CPU_FREQUENCY_5,CPU_FREQUENCY_6,CPU_FREQUENCY_7,CPU_TEMP_0,CPU_TEMP_1,CPU_TEMP_2,CPU_TEMP_3,CPU_TEMP_4,CPU_TEMP_5,CPU_TEMP_6,CPU_TEMP_7,CPU_TEMP_8,CPU_TEMP_9,CPU_USAGE_0,CPU_USAGE_1,CPU_USAGE_2,CPU_USAGE_3,CPU_USAGE_4,CPU_USAGE_5,CPU_USAGE_6,CPU_USAGE_7,SYSTEM_POWER (Watts),TOTAL_MEMORY,TOTAL_SWAP,USED_MEMORY,USED_SWAP
0,1729540655834,3228,3228,3228,3228,3228,3228,3228,3228,62.84577560424805,59.51536560058594,66.68457794189453,68.43539428710938,66.99562072753906,61.033512115478516,66.81916046142578,66.93559265136719,63.1744270324707,61.438270568847656,0,0,100,100,0,100,0,NaN,12.250170707702637,17179869184,21474836480,6242320384,20369506304
307,1729540655834,3228,3228,3228,3228,3228,3228,3228,3228,62.84577560424805,59.51536560058594,66.68457794189453,68.43539428710938,66.99562072753906,61.033512115478516,66.81916046142578,66.93559265136719,63.1744270324707,61.438270568847656,0,0,100,NaN,100,100,100,100,12.250170707702637,17179869184,21474836480,6242320384,20369506304
10,1729540656142,3228,3228,3228,3228,3228,3228,3228,3228,64.77873229980469,63.076416015625,69.55239868164063,71.48949432373047,68.6616439819336,63.24238967895508,70.66517639160156,70.50129699707031,68.12841796875,64.6446533203125,16.666667938232422,19.35483741760254,65.625,63.33333206176758,60.000003814697266,51.61289978027344,41.935482025146484,20,12.250170707702637,17179869184,21474836480,6242320384,20369506304
