Delta,Time,CPU_FREQUENCY_0,CPU_FREQUENCY_1,CPU_FREQUENCY_2,CPU_FREQUENCY_3,CPU_FREQUENCY_4,CPU_FREQUENCY_5,CPU_FREQUENCY_6,CPU_FREQUENCY_7,CPU_TEMP_0,CPU_TEMP_1,CPU_TEMP_2,CPU_TEMP_3,CPU_TEMP_4,CPU_TEMP_5,CPU_TEMP_6,CPU_TEMP_7,CPU_TEMP_8,CPU_TEMP_9,CPU_USAGE_0,CPU_USAGE_1,CPU_USAGE_2,CPU_USAGE_3,CPU_USAGE_4,CPU_USAGE_5,CPU_USAGE_6,CPU_USAGE_7,SYSTEM_POWER (Watts),TOTAL_MEMORY,TOTAL_SWAP,USED_MEMORY,USED_SWAP
0,1729593521892,3228,3228,3228,3228,3228,3228,3228,3228,70.6083984375,66.47013854980469,73.01793670654297,74.60456085205078,71.43659973144531,67.94756317138672,68.10060119628906,68.93718719482422,68.56803894042969,67.98941040039063,0,0,50,0,0,0,0,0,21.669660568237305,17179869184,22548578304,5955371008,21060845568
303,1729593521892,3228,3228,3228,3228,3228,3228,3228,3228,70.6083984375,66.47013854980469,73.01793670654297,74.60456085205078,71.43659973144531,67.94756317138672,68.10060119628906,68.93718719482422,68.56803894042969,67.98941040039063,0,NaN,0,0,100,0,0,0,21.669660568237305,17179869184,22548578304,5956861952,21060845568
309,1729593522196,3228,3228,3228,3228,3228,3228,3228,3228,70.6083984375,66.47013854980469,73.01793670654297,74.60456085205078,71.43659973144531,67.94756317138672,68.10060119628906,68.93718719482422,68.56803894042969,67.98941040039063,86.66666412353516,83.87096405029297,93.33333587646484,96.66666412353516,90,87.09677124023438,90,90.32257843017578,21.669660568237305,17179869184,22548578304,6034456576,21060845568
309,1729593522506,3228,3228,3228,3228,3228,3228,3228,3228,68.30447387695313,65.89299774169922,69.07632446289063,71.16313934326172,69.42111206054688,66.17970275878906,68.02536010742188,68.73908996582031,68.65791320800781,67.71660614013672,18.75,12.90322494506836,29.032257080078125,54.83871078491211,58.06451416015625,6.6666669845581055,9.375,6.45161247253418,21.669660568237305,17179869184,22548578304,6063046656,21060845568
13,1729593522816,3228,3228,3228,3228,3228,3228,3228,3228,68.30447387695313,65.89299774169922,69.07632446289063,71.16313934326172,69.42111206054688,66.17970275878906,68.02536010742188,68.73908996582031,68.65791320800781,67.71660614013672,30.000001907348633,25.80644989013672,21.875,3.3333334922790527,6.45161247253418,0,0,0,12.628031730651855,17179869184,22548578304,6026510336,21060845568
