Delta,Time,CPU_FREQUENCY_0,CPU_FREQUENCY_1,CPU_FREQUENCY_2,CPU_FREQUENCY_3,CPU_FREQUENCY_4,CPU_FREQUENCY_5,CPU_FREQUENCY_6,CPU_FREQUENCY_7,CPU_TEMP_0,CPU_TEMP_1,CPU_TEMP_2,CPU_TEMP_3,CPU_TEMP_4,CPU_TEMP_5,CPU_TEMP_6,CPU_TEMP_7,CPU_TEMP_8,CPU_TEMP_9,CPU_USAGE_0,CPU_USAGE_1,CPU_USAGE_2,CPU_USAGE_3,CPU_USAGE_4,CPU_USAGE_5,CPU_USAGE_6,CPU_USAGE_7,SYSTEM_POWER (Watts),TOTAL_MEMORY,TOTAL_SWAP,USED_MEMORY,USED_SWAP
0,1729551650940,3228,3228,3228,3228,3228,3228,3228,3228,60.274085998535156,57.33140182495117,60.175079345703125,61.50986099243164,60.80768585205078,58.99885177612305,58.634010314941406,59.45341491699219,60.50895309448242,59.774932861328125,NaN,0,NaN,100,100,100,100,0,4.732757091522217,17179869184,21474836480,6866911232,20758528000
306,1729551650940,3228,3228,3228,3228,3228,3228,3228,3228,60.274085998535156,57.33140182495117,60.175079345703125,61.50986099243164,60.80768585205078,58.99885177612305,58.634010314941406,59.45341491699219,60.50895309448242,59.774932861328125,0,NaN,100,NaN,100,100,100,100,4.732757091522217,17179869184,21474836480,6870876160,20758528000
300,1729551651247,3228,3228,3228,3228,3228,3228,3228,3228,60.274085998535156,57.33140182495117,60.175079345703125,61.50986099243164,60.80768585205078,58.99885177612305,58.634010314941406,59.45341491699219,60.50895309448242,59.774932861328125,96.7741928100586,93.54838562011719,96.7741928100586,100,96.7741928100586,96.7741928100586,96.7741928100586,100,4.732757091522217,17179869184,21474836480,6870876160,20758528000
299,1729551651548,3228,3228,3228,3228,3228,3228,3228,3228,66.78750610351563,63.219024658203125,72.3074722290039,74.2055892944336,70.20004272460938,65.16336059570313,69.76150512695313,69.98484802246094,67.23176574707031,64.87835693359375,24.137929916381836,31.034481048583984,96.66666412353516,86.66666412353516,86.66666412353516,70,70,60.000003814697266,4.732757091522217,17179869184,21474836480,6948880384,20758528000
9,1729551651848,3228,3228,3228,3228,3228,3228,3228,3228,66.78750610351563,63.219024658203125,72.3074722290039,74.2055892944336,70.20004272460938,65.16336059570313,69.76150512695313,69.98484802246094,67.23176574707031,64.87835693359375,32.25806427001953,25.80644989013672,72.41378784179688,67.74193572998047,51.72413635253906,31.034481048583984,19.35483741760254,30.000001907348633,16.78378677368164,17179869184,21474836480,6935216128,20758528000
