Delta,Time,CPU_FREQUENCY_0,CPU_FREQUENCY_1,CPU_FREQUENCY_2,CPU_FREQUENCY_3,CPU_FREQUENCY_4,CPU_FREQUENCY_5,CPU_FREQUENCY_6,CPU_FREQUENCY_7,CPU_TEMP_0,CPU_TEMP_1,CPU_TEMP_2,CPU_TEMP_3,CPU_TEMP_4,CPU_TEMP_5,CPU_TEMP_6,CPU_TEMP_7,CPU_TEMP_8,CPU_TEMP_9,CPU_USAGE_0,CPU_USAGE_1,CPU_USAGE_2,CPU_USAGE_3,CPU_USAGE_4,CPU_USAGE_5,CPU_USAGE_6,CPU_USAGE_7,SYSTEM_POWER (Watts),TOTAL_MEMORY,TOTAL_SWAP,USED_MEMORY,USED_SWAP
0,1729535164383,3228,3228,3228,3228,3228,3228,3228,3228,66.0126724243164,62.451602935791016,65.06083679199219,66.13009643554688,66.85665130615234,63.60786437988281,64.41305541992188,64.176513671875,65.67772674560547,65.308349609375,75,75,100,75,50,33.333335876464844,0,0,15.746411323547363,17179869184,20401094656,7498563584,19948765184
308,1729535164383,3228,3228,3228,3228,3228,3228,3228,3228,66.0126724243164,62.451602935791016,65.06083679199219,66.13009643554688,66.85665130615234,63.60786437988281,64.41305541992188,64.176513671875,65.67772674560547,65.308349609375,NaN,NaN,100,0,NaN,100,0,0,15.746411323547363,17179869184,20401094656,7506067456,19948765184
304,1729535164692,3228,3228,3228,3228,3228,3228,3228,3228,66.0126724243164,62.451602935791016,65.06083679199219,66.13009643554688,66.85665130615234,63.60786437988281,64.41305541992188,64.176513671875,65.67772674560547,65.308349609375,58.06451416015625,54.83871078491211,61.29032516479492,77.41934967041016,68.75,51.61289978027344,45.16128921508789,36.66666793823242,15.746411323547363,17179869184,20401094656,7506067456,19948765184
309,1729535164996,3228,3228,3228,3228,3228,3228,3228,3228,67.77266693115234,64.74532318115234,69.19705963134766,71.1253433227539,69.93217468261719,65.62100982666016,69.0692138671875,68.88261413574219,68.74227905273438,66.80814361572266,56.66666793823242,44.82758712768555,70,75.86206817626953,65.51724243164063,66.66667175292969,53.333335876464844,54.83871078491211,15.746411323547363,17179869184,20401094656,9599533056,19948765184
7,1729535165306,3228,3228,3228,3228,3228,3228,3228,3228,67.77266693115234,64.74532318115234,69.19705963134766,71.1253433227539,69.93217468261719,65.62100982666016,69.0692138671875,68.88261413574219,68.74227905273438,66.80814361572266,64.51612854003906,59.375,80.6451644897461,54.83871078491211,29.032257080078125,16.129032135009766,9.67741870880127,0,15.746411323547363,17179869184,20401094656,7935639552,19948765184
