Delta,Time,CPU_FREQUENCY_0,CPU_FREQUENCY_1,CPU_FREQUENCY_2,CPU_FREQUENCY_3,CPU_FREQUENCY_4,CPU_FREQUENCY_5,CPU_FREQUENCY_6,CPU_FREQUENCY_7,CPU_TEMP_0,CPU_TEMP_1,CPU_TEMP_2,CPU_TEMP_3,CPU_TEMP_4,CPU_TEMP_5,CPU_TEMP_6,CPU_TEMP_7,CPU_TEMP_8,CPU_TEMP_9,CPU_USAGE_0,CPU_USAGE_1,CPU_USAGE_2,CPU_USAGE_3,CPU_USAGE_4,CPU_USAGE_5,CPU_USAGE_6,CPU_USAGE_7,SYSTEM_POWER (Watts),TOTAL_MEMORY,TOTAL_SWAP,USED_MEMORY,USED_SWAP
0,1729579414492,3228,3228,3228,3228,3228,3228,3228,3228,68.43515014648438,63.571693420410156,73.46922302246094,76.0791244506836,72.48070526123047,65.81436920166016,71.010498046875,69.94827270507813,66.49693298339844,65.14058685302734,0,50,100,50,0,0,0,0,27.496143341064453,17179869184,22548578304,5099880448,21248278528
307,1729579414492,3228,3228,3228,3228,3228,3228,3228,3228,68.43515014648438,63.571693420410156,73.46922302246094,76.0791244506836,72.48070526123047,65.81436920166016,71.010498046875,69.94827270507813,66.49693298339844,65.14058685302734,0,50,100,0,50,0,0,0,27.496143341064453,17179869184,22548578304,5099880448,21248278528
305,1729579414800,3228,3228,3228,3228,3228,3228,3228,3228,68.43515014648438,63.571693420410156,73.46922302246094,76.0791244506836,72.48070526123047,65.81436920166016,71.010498046875,69.94827270507813,66.49693298339844,65.14058685302734,70,62.06896209716797,90,96.7741928100586,83.87096405029297,86.66666412353516,80,80,27.496143341064453,17179869184,22548578304,5099880448,21248278528
9,1729579415106,3228,3228,3228,3228,3228,3228,3228,3228,66.95967102050781,63.562767028808594,70.66825103759766,73.14408874511719,70.0062026977539,64.38609313964844,68.03370666503906,68.42520141601563,67.99266052246094,65.44307708740234,32.25806427001953,30.000001907348633,53.125,53.333335876464844,33.333335876464844,29.032257080078125,23.33333396911621,25,27.496143341064453,17179869184,22548578304,5269405696,21248278528
