Delta,Time,CPU_FREQUENCY_0,CPU_FREQUENCY_1,CPU_FREQUENCY_2,CPU_FREQUENCY_3,CPU_FREQUENCY_4,CPU_FREQUENCY_5,CPU_FREQUENCY_6,CPU_FREQUENCY_7,CPU_TEMP_0,CPU_TEMP_1,CPU_TEMP_2,CPU_TEMP_3,CPU_TEMP_4,CPU_TEMP_5,CPU_TEMP_6,CPU_TEMP_7,CPU_TEMP_8,CPU_TEMP_9,CPU_USAGE_0,CPU_USAGE_1,CPU_USAGE_2,CPU_USAGE_3,CPU_USAGE_4,CPU_USAGE_5,CPU_USAGE_6,CPU_USAGE_7,SYSTEM_POWER (Watts),TOTAL_MEMORY,TOTAL_SWAP,USED_MEMORY,USED_SWAP
0,1729565772112,3228,3228,3228,3228,3228,3228,3228,3228,62.61673355102539,60.42164993286133,61.27459716796875,62.538360595703125,62.559112548828125,60.72328186035156,60.86195755004883,61.6275634765625,63.47827911376953,62.49390411376953,0,0,0,0,0,0,0,0,4.736221790313721,17179869184,22548578304,4679139328,21256667136
308,1729565772112,3228,3228,3228,3228,3228,3228,3228,3228,62.61673355102539,60.42164993286133,61.27459716796875,62.538360595703125,62.559112548828125,60.72328186035156,60.86195755004883,61.6275634765625,63.47827911376953,62.49390411376953,0,0,0,0,0,NaN,0,0,4.736221790313721,17179869184,22548578304,4681973760,21256667136
306,1729565772421,3228,3228,3228,3228,3228,3228,3228,3228,62.61673355102539,60.42164993286133,61.27459716796875,62.538360595703125,62.559112548828125,60.72328186035156,60.86195755004883,61.6275634765625,63.47827911376953,62.49390411376953,87.09677124023438,87.5,96.7741928100586,96.7741928100586,93.54838562011719,90,90,90,4.736221790313721,17179869184,22548578304,4757618688,21256667136
8,1729565772727,3228,3228,3228,3228,3228,3228,3228,3228,64.93632507324219,62.37049865722656,65.80596923828125,67.1380615234375,65.78546142578125,62.71226501464844,64.55661010742188,65.3200454711914,65.72665405273438,63.999717712402344,12.90322494506836,6.6666669845581055,46.66666793823242,40,16.129032135009766,15.625,12.90322494506836,3.22580623626709,4.736221790313721,17179869184,22548578304,4706746368,21256667136
