Delta,Time,CPU_FREQUENCY_0,CPU_FREQUENCY_1,CPU_FREQUENCY_2,CPU_FREQUENCY_3,CPU_FREQUENCY_4,CPU_FREQUENCY_5,CPU_FREQUENCY_6,CPU_FREQUENCY_7,CPU_TEMP_0,CPU_TEMP_1,CPU_TEMP_2,CPU_TEMP_3,CPU_TEMP_4,CPU_TEMP_5,CPU_TEMP_6,CPU_TEMP_7,CPU_TEMP_8,CPU_TEMP_9,CPU_USAGE_0,CPU_USAGE_1,CPU_USAGE_2,CPU_USAGE_3,CPU_USAGE_4,CPU_USAGE_5,CPU_USAGE_6,CPU_USAGE_7,SYSTEM_POWER (Watts),TOTAL_MEMORY,TOTAL_SWAP,USED_MEMORY,USED_SWAP
0,1729535712846,3228,3228,3228,3228,3228,3228,3228,3228,62.66081237792969,57.61832046508789,65.4180908203125,67.79740905761719,66.00011444091797,60.62647247314453,62.8900032043457,63.2829475402832,60.67732238769531,60.215972900390625,0,0,100,100,50,100,50,0,9.243819236755371,17179869184,20401094656,6268452864,19940376576
307,1729535712846,3228,3228,3228,3228,3228,3228,3228,3228,62.66081237792969,57.61832046508789,65.4180908203125,67.79740905761719,66.00011444091797,60.62647247314453,62.8900032043457,63.2829475402832,60.67732238769531,60.215972900390625,0,0,NaN,100,NaN,100,100,NaN,9.243819236755371,17179869184,20401094656,6271483904,19940376576
10,1729535713154,3228,3228,3228,3228,3228,3228,3228,3228,66.14004516601563,62.25177764892578,70.22711181640625,73.14958953857422,69.7406997680664,64.07991790771484,69.5382080078125,70.17642211914063,66.41423034667969,64.34345245361328,23.33333396911621,19.35483741760254,93.75,90,90.32257843017578,90.32257843017578,58.06451416015625,9.67741870880127,9.243819236755371,17179869184,20401094656,6266634240,19940376576
