Delta,Time,CPU_FREQUENCY_0,CPU_FREQUENCY_1,CPU_FREQUENCY_2,CPU_FREQUENCY_3,CPU_FREQUENCY_4,CPU_FREQUENCY_5,CPU_FREQUENCY_6,CPU_FREQUENCY_7,CPU_TEMP_0,CPU_TEMP_1,CPU_TEMP_2,CPU_TEMP_3,CPU_TEMP_4,CPU_TEMP_5,CPU_TEMP_6,CPU_TEMP_7,CPU_TEMP_8,CPU_TEMP_9,CPU_USAGE_0,CPU_USAGE_1,CPU_USAGE_2,CPU_USAGE_3,CPU_USAGE_4,CPU_USAGE_5,CPU_USAGE_6,CPU_USAGE_7,SYSTEM_POWER (Watts),TOTAL_MEMORY,TOTAL_SWAP,USED_MEMORY,USED_SWAP
0,1729567994613,3228,3228,3228,3228,3228,3228,3228,3228,67.90251159667969,63.99909591674805,73.87921142578125,76.18335723876953,71.24476623535156,65.95140838623047,72.8342514038086,73.18035888671875,67.18801879882813,65.96762084960938,0,50,50,50,100,50,100,NaN,21.38498306274414,17179869184,22548578304,3997188096,21248278528
309,1729567994613,3228,3228,3228,3228,3228,3228,3228,3228,67.90251159667969,63.99909591674805,73.87921142578125,76.18335723876953,71.24476623535156,65.95140838623047,72.8342514038086,73.18035888671875,67.18801879882813,65.96762084960938,NaN,0,100,NaN,100,NaN,NaN,100,21.38498306274414,17179869184,22548578304,4000268288,21248278528
301,1729567994923,3228,3228,3228,3228,3228,3228,3228,3228,66.598388671875,62.051753997802734,71.03205108642578,71.97052764892578,68.3738784790039,64.2564697265625,66.28565979003906,66.71107482910156,64.80735778808594,64.42107391357422,23.33333396911621,29.032257080078125,65.51724243164063,76.66666412353516,73.33333587646484,70.96774291992188,59.375,58.06451416015625,21.38498306274414,17179869184,22548578304,5235785728,21248278528
9,1729567995225,3228,3228,3228,3228,3228,3228,3228,3228,66.598388671875,62.051753997802734,71.03205108642578,71.97052764892578,68.3738784790039,64.2564697265625,66.28565979003906,66.71107482910156,64.80735778808594,64.42107391357422,23.33333396911621,13.793103218078613,56.66666793823242,60.000003814697266,38.70967483520508,36.66666793823242,30.000001907348633,26.666667938232422,26.241695404052734,17179869184,22548578304,4177838080,21248278528
