Delta,Time,CPU_FREQUENCY_0,CPU_FREQUENCY_1,CPU_FREQUENCY_2,CPU_FREQUENCY_3,CPU_FREQUENCY_4,CPU_FREQUENCY_5,CPU_FREQUENCY_6,CPU_FREQUENCY_7,CPU_TEMP_0,CPU_TEMP_1,CPU_TEMP_2,CPU_TEMP_3,CPU_TEMP_4,CPU_TEMP_5,CPU_TEMP_6,CPU_TEMP_7,CPU_TEMP_8,CPU_TEMP_9,CPU_USAGE_0,CPU_USAGE_1,CPU_USAGE_2,CPU_USAGE_3,CPU_USAGE_4,CPU_USAGE_5,CPU_USAGE_6,CPU_USAGE_7,SYSTEM_POWER (Watts),TOTAL_MEMORY,TOTAL_SWAP,USED_MEMORY,USED_SWAP
0,1729563321058,3228,3228,3228,3228,3228,3228,3228,3228,66.12915802001953,61.93846130371094,67.55049133300781,69.35904693603516,68.06167602539063,63.98044204711914,64.81010437011719,64.30393981933594,63.992637634277344,63.502655029296875,0,0,50,0,0,0,0,0,18.4151668548584,17179869184,22548578304,4548116480,21256667136
306,1729563321058,3228,3228,3228,3228,3228,3228,3228,3228,66.12915802001953,61.93846130371094,67.55049133300781,69.35904693603516,68.06167602539063,63.98044204711914,64.81010437011719,64.30393981933594,63.992637634277344,63.502655029296875,50,0,NaN,NaN,0,0,0,0,18.4151668548584,17179869184,22548578304,4551950336,21256667136
309,1729563321365,3228,3228,3228,3228,3228,3228,3228,3228,66.12915802001953,61.93846130371094,67.55049133300781,69.35904693603516,68.06167602539063,63.98044204711914,64.81010437011719,64.30393981933594,63.992637634277344,63.502655029296875,70,67.74193572998047,83.33332824707031,80.6451644897461,74.19355010986328,75,70.96774291992188,73.33333587646484,18.4151668548584,17179869184,22548578304,7062126592,21256667136
8,1729563321675,3228,3228,3228,3228,3228,3228,3228,3228,68.2294692993164,65.10115814208984,71.13709259033203,73.42021179199219,71.03070068359375,66.18693542480469,70.40115356445313,70.42385864257813,67.39654541015625,65.98479461669922,12.90322494506836,12.90322494506836,80.6451644897461,80.6451644897461,80.6451644897461,74.19355010986328,21.875,9.375,18.4151668548584,17179869184,22548578304,4560306176,21256667136
