Delta,Time,CPU_FREQUENCY_0,CPU_FREQUENCY_1,CPU_FREQUENCY_2,CPU_FREQUENCY_3,CPU_FREQUENCY_4,CPU_FREQUENCY_5,CPU_FREQUENCY_6,CPU_FREQUENCY_7,CPU_TEMP_0,CPU_TEMP_1,CPU_TEMP_2,CPU_TEMP_3,CPU_TEMP_4,CPU_TEMP_5,CPU_TEMP_6,CPU_TEMP_7,CPU_TEMP_8,CPU_TEMP_9,CPU_USAGE_0,CPU_USAGE_1,CPU_USAGE_2,CPU_USAGE_3,CPU_USAGE_4,CPU_USAGE_5,CPU_USAGE_6,CPU_USAGE_7,SYSTEM_POWER (Watts),TOTAL_MEMORY,TOTAL_SWAP,USED_MEMORY,USED_SWAP
0,1729536033844,3228,3228,3228,3228,3228,3228,3228,3228,66.56427001953125,61.72920608520508,70.9095458984375,71.57435607910156,68.97792053222656,64.16436004638672,66.3067855834961,66.02720642089844,64.64886474609375,63.68736267089844,50,0,0,0,0,0,0,0,24.495691299438477,17179869184,20401094656,6720929792,19923599360
309,1729536033844,3228,3228,3228,3228,3228,3228,3228,3228,66.56427001953125,61.72920608520508,70.9095458984375,71.57435607910156,68.97792053222656,64.16436004638672,66.3067855834961,66.02720642089844,64.64886474609375,63.68736267089844,NaN,100,100,NaN,0,0,0,0,24.495691299438477,17179869184,20401094656,6723682304,19923599360
309,1729536034154,3228,3228,3228,3228,3228,3228,3228,3228,62.59228515625,59.05391311645508,63.42998504638672,63.9536018371582,63.140907287597656,60.506591796875,60.424076080322266,60.64417266845703,61.915985107421875,61.15190124511719,90.625,93.33333587646484,93.33333587646484,90.625,93.54838562011719,93.54838562011719,87.09677124023438,87.09677124023438,24.495691299438477,17179869184,20401094656,6781583360,19923599360
10,1729536034464,3228,3228,3228,3228,3228,3228,3228,3228,62.59228515625,59.05391311645508,63.42998504638672,63.9536018371582,63.140907287597656,60.506591796875,60.424076080322266,60.64417266845703,61.915985107421875,61.15190124511719,9.67741870880127,9.67741870880127,35.48387145996094,34.482757568359375,25.80644989013672,18.75,3.22580623626709,3.22580623626709,15.658271789550781,17179869184,20401094656,6721126400,19923599360
