Delta,Time,CPU_FREQUENCY_0,CPU_FREQUENCY_1,CPU_FREQUENCY_2,CPU_FREQUENCY_3,CPU_FREQUENCY_4,CPU_FREQUENCY_5,CPU_FREQUENCY_6,CPU_FREQUENCY_7,CPU_TEMP_0,CPU_TEMP_1,CPU_TEMP_2,CPU_TEMP_3,CPU_TEMP_4,CPU_TEMP_5,CPU_TEMP_6,CPU_TEMP_7,CPU_TEMP_8,CPU_TEMP_9,CPU_USAGE_0,CPU_USAGE_1,CPU_USAGE_2,CPU_USAGE_3,CPU_USAGE_4,CPU_USAGE_5,CPU_USAGE_6,CPU_USAGE_7,SYSTEM_POWER (Watts),TOTAL_MEMORY,TOTAL_SWAP,USED_MEMORY,USED_SWAP
0,1729568599819,3228,3228,3228,3228,3228,3228,3228,3228,66.82098388671875,63.245113372802734,66.7733383178711,67.3984375,67.71221923828125,65.216064453125,64.05662536621094,65.25318908691406,66.88616943359375,65.97779846191406,50,0,0,0,0,0,0,0,14.443720817565918,17179869184,22548578304,4877058048,21248278528
309,1729568599819,3228,3228,3228,3228,3228,3228,3228,3228,66.82098388671875,63.245113372802734,66.7733383178711,67.3984375,67.71221923828125,65.216064453125,64.05662536621094,65.25318908691406,66.88616943359375,65.97779846191406,0,NaN,50,NaN,0,0,0,0,14.443720817565918,17179869184,22548578304,4877058048,21248278528
302,1729568600129,3228,3228,3228,3228,3228,3228,3228,3228,66.82098388671875,63.245113372802734,66.7733383178711,67.3984375,67.71221923828125,65.216064453125,64.05662536621094,65.25318908691406,66.88616943359375,65.97779846191406,73.33333587646484,68.75,83.87096405029297,74.19355010986328,81.25,74.19355010986328,74.19355010986328,70.96774291992188,15.363554000854492,17179869184,22548578304,4877058048,21248278528
9,1729568600432,3228,3228,3228,3228,3228,3228,3228,3228,66.82098388671875,63.245113372802734,66.7733383178711,67.3984375,67.71221923828125,65.216064453125,64.05662536621094,65.25318908691406,66.88616943359375,65.97779846191406,50,48.27585983276367,75.86206817626953,76.66666412353516,68.96551513671875,60.000003814697266,56.66666793823242,41.379310607910156,15.363554000854492,17179869184,22548578304,4898930688,21248278528
