Delta,Time,CPU_FREQUENCY_0,CPU_FREQUENCY_1,CPU_FREQUENCY_2,CPU_FREQUENCY_3,CPU_FREQUENCY_4,CPU_FREQUENCY_5,CPU_FREQUENCY_6,CPU_FREQUENCY_7,CPU_TEMP_0,CPU_TEMP_1,CPU_TEMP_2,CPU_TEMP_3,CPU_TEMP_4,CPU_TEMP_5,CPU_TEMP_6,CPU_TEMP_7,CPU_TEMP_8,CPU_TEMP_9,CPU_USAGE_0,CPU_USAGE_1,CPU_USAGE_2,CPU_USAGE_3,CPU_USAGE_4,CPU_USAGE_5,CPU_USAGE_6,CPU_USAGE_7,SYSTEM_POWER (Watts),TOTAL_MEMORY,TOTAL_SWAP,USED_MEMORY,USED_SWAP
0,1729566655834,3228,3228,3228,3228,3228,3228,3228,3228,59.31514358520508,56.713966369628906,59.54505920410156,60.49861145019531,60.01494598388672,57.81603240966797,57.049896240234375,57.801605224609375,59.200984954833984,59.07025909423828,50,0,0,0,0,0,0,0,24.646493911743164,17179869184,22548578304,4678615040,21248278528
311,1729566655834,3228,3228,3228,3228,3228,3228,3228,3228,59.31514358520508,56.713966369628906,59.54505920410156,60.49861145019531,60.01494598388672,57.81603240966797,57.049896240234375,57.801605224609375,59.200984954833984,59.07025909423828,0,100,50,100,0,0,0,0,24.646493911743164,17179869184,22548578304,4678615040,21248278528
309,1729566656146,3228,3228,3228,3228,3228,3228,3228,3228,59.31514358520508,56.713966369628906,59.54505920410156,60.49861145019531,60.01494598388672,57.81603240966797,57.049896240234375,57.801605224609375,59.200984954833984,59.07025909423828,70,70.96774291992188,87.09677124023438,77.41934967041016,70.96774291992188,67.74193572998047,65.625,67.74193572998047,15.585014343261719,17179869184,22548578304,4678615040,21248278528
13,1729566656456,3228,3228,3228,3228,3228,3228,3228,3228,59.31514358520508,56.713966369628906,59.54505920410156,60.49861145019531,60.01494598388672,57.81603240966797,57.049896240234375,57.801605224609375,59.200984954833984,59.07025909423828,28.125,25.80644989013672,26.666667938232422,12.90322494506836,6.45161247253418,6.45161247253418,0,0,15.585014343261719,17179869184,22548578304,4703797248,21248278528
