Delta,Time,CPU_FREQUENCY_0,CPU_FREQUENCY_1,CPU_FREQUENCY_2,CPU_FREQUENCY_3,CPU_FREQUENCY_4,CPU_FREQUENCY_5,CPU_FREQUENCY_6,CPU_FREQUENCY_7,CPU_TEMP_0,CPU_TEMP_1,CPU_TEMP_2,CPU_TEMP_3,CPU_TEMP_4,CPU_TEMP_5,CPU_TEMP_6,CPU_TEMP_7,CPU_TEMP_8,CPU_TEMP_9,CPU_USAGE_0,CPU_USAGE_1,CPU_USAGE_2,CPU_USAGE_3,CPU_USAGE_4,CPU_USAGE_5,CPU_USAGE_6,CPU_USAGE_7,SYSTEM_POWER (Watts),TOTAL_MEMORY,TOTAL_SWAP,USED_MEMORY,USED_SWAP
0,1729564174128,3228,3228,3228,3228,3228,3228,3228,3228,69.27015686035156,66.09083557128906,74.70905303955078,76.54068756103516,72.27181243896484,67.08000183105469,72.50709533691406,73.3056640625,68.38429260253906,66.66434478759766,0,0,100,50,0,0,0,0,16.675724029541016,17179869184,22548578304,4219092992,21256667136
308,1729564174129,3228,3228,3228,3228,3228,3228,3228,3228,69.27015686035156,66.09083557128906,74.70905303955078,76.54068756103516,72.27181243896484,67.08000183105469,72.50709533691406,73.3056640625,68.38429260253906,66.66434478759766,0,0,NaN,0,NaN,100,0,0,16.675724029541016,17179869184,22548578304,4219092992,21256667136
309,1729564174437,3228,3228,3228,3228,3228,3228,3228,3228,69.27015686035156,66.09083557128906,74.70905303955078,76.54068756103516,72.27181243896484,67.08000183105469,72.50709533691406,73.3056640625,68.38429260253906,66.66434478759766,61.29032516479492,53.333335876464844,81.25,83.87096405029297,80.6451644897461,74.19355010986328,70.96774291992188,63.33333206176758,16.675724029541016,17179869184,22548578304,4219092992,21256667136
308,1729564174747,3228,3228,3228,3228,3228,3228,3228,3228,69.28886413574219,67.20951843261719,73.4366455078125,75.21025085449219,72.14775085449219,67.22674560546875,72.62313842773438,73.39785766601563,70.32666015625,67.91117095947266,43.33333206176758,41.935482025146484,70.96774291992188,74.19355010986328,64.51612854003906,63.33333206176758,64.51612854003906,56.25,16.675724029541016,17179869184,22548578304,6254788608,21256667136
11,1729564175056,3228,3228,3228,3228,3228,3228,3228,3228,69.28886413574219,67.20951843261719,73.4366455078125,75.21025085449219,72.14775085449219,67.22674560546875,72.62313842773438,73.39785766601563,70.32666015625,67.91117095947266,32.25806427001953,29.032257080078125,22.580644607543945,10,3.3333334922790527,9.375,3.22580623626709,3.22580623626709,24.597049713134766,17179869184,22548578304,4475551744,21256667136
