Delta,Time,CPU_FREQUENCY_0,CPU_FREQUENCY_1,CPU_FREQUENCY_2,CPU_FREQUENCY_3,CPU_FREQUENCY_4,CPU_FREQUENCY_5,CPU_FREQUENCY_6,CPU_FREQUENCY_7,CPU_TEMP_0,CPU_TEMP_1,CPU_TEMP_2,CPU_TEMP_3,CPU_TEMP_4,CPU_TEMP_5,CPU_TEMP_6,CPU_TEMP_7,CPU_TEMP_8,CPU_TEMP_9,CPU_USAGE_0,CPU_USAGE_1,CPU_USAGE_2,CPU_USAGE_3,CPU_USAGE_4,CPU_USAGE_5,CPU_USAGE_6,CPU_USAGE_7,SYSTEM_POWER (Watts),TOTAL_MEMORY,TOTAL_SWAP,USED_MEMORY,USED_SWAP
0,1729554631006,3228,3228,3228,3228,3228,3228,3228,3228,62.140838623046875,59.02492141723633,62.517539978027344,63.75583267211914,63.883331298828125,60.968807220458984,61.34074783325195,61.59832763671875,62.6231575012207,61.015846252441406,50,0,0,33.333335876464844,0,0,0,0,12.218616485595703,17179869184,21474836480,4694310912,20798832640
309,1729554631006,3228,3228,3228,3228,3228,3228,3228,3228,62.140838623046875,59.02492141723633,62.517539978027344,63.75583267211914,63.883331298828125,60.968807220458984,61.34074783325195,61.59832763671875,62.6231575012207,61.015846252441406,0,0,100,50,0,0,0,0,12.218616485595703,17179869184,21474836480,4697473024,20798832640
309,1729554631316,3228,3228,3228,3228,3228,3228,3228,3228,62.140838623046875,59.02492141723633,62.517539978027344,63.75583267211914,63.883331298828125,60.968807220458984,61.34074783325195,61.59832763671875,62.6231575012207,61.015846252441406,87.09677124023438,87.09677124023438,93.75,93.33333587646484,93.54838562011719,90.32257843017578,87.09677124023438,87.5,12.218616485595703,17179869184,21474836480,4772184064,20798832640
306,1729554631626,3228,3228,3228,3228,3228,3228,3228,3228,63.45136642456055,60.73565673828125,65.68365478515625,66.55406188964844,65.88883972167969,62.378299713134766,65.31193542480469,65.16070556640625,64.60354614257813,62.503326416015625,12.90322494506836,18.75,76.66666412353516,32.25806427001953,16.129032135009766,6.45161247253418,6.25,0,12.218616485595703,17179869184,21474836480,4781981696,20798832640
11,1729554631934,3228,3228,3228,3228,3228,3228,3228,3228,63.45136642456055,60.73565673828125,65.68365478515625,66.55406188964844,65.88883972167969,62.378299713134766,65.31193542480469,65.16070556640625,64.60354614257813,62.503326416015625,33.333335876464844,30.000001907348633,16.129032135009766,3.3333334922790527,3.22580623626709,3.22580623626709,0,0,10.31741714477539,17179869184,21474836480,4719345664,20798832640
