Delta,Time,CPU_FREQUENCY_0,CPU_FREQUENCY_1,CPU_FREQUENCY_2,CPU_FREQUENCY_3,CPU_FREQUENCY_4,CPU_FREQUENCY_5,CPU_FREQUENCY_6,CPU_FREQUENCY_7,CPU_TEMP_0,CPU_TEMP_1,CPU_TEMP_2,CPU_TEMP_3,CPU_TEMP_4,CPU_TEMP_5,CPU_TEMP_6,CPU_TEMP_7,CPU_TEMP_8,CPU_TEMP_9,CPU_USAGE_0,CPU_USAGE_1,CPU_USAGE_2,CPU_USAGE_3,CPU_USAGE_4,CPU_USAGE_5,CPU_USAGE_6,CPU_USAGE_7,SYSTEM_POWER (Watts),TOTAL_MEMORY,TOTAL_SWAP,USED_MEMORY,USED_SWAP
0,1729538945065,3228,3228,3228,3228,3228,3228,3228,3228,59.74663543701172,58.201507568359375,59.394386291503906,59.97073745727539,60.84800720214844,58.6788444519043,58.382713317871094,58.71187973022461,61.52360534667969,60.017669677734375,100,0,0,0,0,0,0,0,4.79929780960083,17179869184,21474836480,5311594496,20377894912
309,1729538945065,3228,3228,3228,3228,3228,3228,3228,3228,59.74663543701172,58.201507568359375,59.394386291503906,59.97073745727539,60.84800720214844,58.6788444519043,58.382713317871094,58.71187973022461,61.52360534667969,60.017669677734375,0,NaN,0,100,0,0,0,0,4.79929780960083,17179869184,21474836480,5314379776,20377894912
309,1729538945375,3228,3228,3228,3228,3228,3228,3228,3228,59.74663543701172,58.201507568359375,59.394386291503906,59.97073745727539,60.84800720214844,58.6788444519043,58.382713317871094,58.71187973022461,61.52360534667969,60.017669677734375,22.580644607543945,21.875,51.61289978027344,66.66667175292969,43.33333206176758,48.3870964050293,45.16128921508789,46.66666793823242,4.79929780960083,17179869184,21474836480,6793084928,20377894912
12,1729538945685,3228,3228,3228,3228,3228,3228,3228,3228,59.74663543701172,58.201507568359375,59.394386291503906,59.97073745727539,60.84800720214844,58.6788444519043,58.382713317871094,58.71187973022461,61.52360534667969,60.017669677734375,26.666667938232422,13.793103218078613,43.75,61.29032516479492,29.032257080078125,32.25806427001953,31.25,29.032257080078125,4.691608428955078,17179869184,21474836480,5638488064,20377894912
