Delta,Time,CPU_FREQUENCY_0,CPU_FREQUENCY_1,CPU_FREQUENCY_2,CPU_FREQUENCY_3,CPU_FREQUENCY_4,CPU_FREQUENCY_5,CPU_FREQUENCY_6,CPU_FREQUENCY_7,CPU_TEMP_0,CPU_TEMP_1,CPU_TEMP_2,CPU_TEMP_3,CPU_TEMP_4,CPU_TEMP_5,CPU_TEMP_6,CPU_TEMP_7,CPU_TEMP_8,CPU_TEMP_9,CPU_USAGE_0,CPU_USAGE_1,CPU_USAGE_2,CPU_USAGE_3,CPU_USAGE_4,CPU_USAGE_5,CPU_USAGE_6,CPU_USAGE_7,SYSTEM_POWER (Watts),TOTAL_MEMORY,TOTAL_SWAP,USED_MEMORY,USED_SWAP
0,1729594104803,3228,3228,3228,3228,3228,3228,3228,3228,68.74091339111328,65.01789855957031,71.37944030761719,72.72731018066406,70.62663269042969,66.97297668457031,69.73446655273438,70.27873229980469,67.1434555053711,67.23316192626953,50,0,100,NaN,0,50,50,0,6.114675045013428,17179869184,22548578304,3911860224,20976959488
301,1729594104803,3228,3228,3228,3228,3228,3228,3228,3228,68.74091339111328,65.01789855957031,71.37944030761719,72.72731018066406,70.62663269042969,66.97297668457031,69.73446655273438,70.27873229980469,67.1434555053711,67.23316192626953,0,0,100,100,100,100,100,100,6.114675045013428,17179869184,22548578304,3915857920,20976959488
305,1729594105104,3228,3228,3228,3228,3228,3228,3228,3228,68.74091339111328,65.01789855957031,71.37944030761719,72.72731018066406,70.62663269042969,66.97297668457031,69.73446655273438,70.27873229980469,67.1434555053711,67.23316192626953,72.41378784179688,70,93.10344696044922,90,93.10344696044922,96.66666412353516,93.10344696044922,83.33332824707031,6.114675045013428,17179869184,22548578304,4700012544,20976959488
301,1729594105410,3228,3228,3228,3228,3228,3228,3228,3228,74.59123229980469,72.31985473632813,80.630859375,83.41738891601563,78.67806243896484,73.05823516845703,81.83230590820313,82.62620544433594,76.67935943603516,73.69209289550781,76.66666412353516,73.33333587646484,93.33333587646484,90.625,93.54838562011719,93.33333587646484,90.625,86.66666412353516,6.114675045013428,17179869184,22548578304,5896208384,20976959488
8,1729594105711,3228,3228,3228,3228,3228,3228,3228,3228,74.59123229980469,72.31985473632813,80.630859375,83.41738891601563,78.67806243896484,73.05823516845703,81.83230590820313,82.62620544433594,76.67935943603516,73.69209289550781,64.51612854003906,63.33333206176758,87.09677124023438,82.75862121582031,74.19355010986328,70.96774291992188,62.06896209716797,56.66666793823242,27.40790367126465,17179869184,22548578304,4147937280,20976959488
