Delta,Time,CPU_FREQUENCY_0,CPU_FREQUENCY_1,CPU_FREQUENCY_2,CPU_FREQUENCY_3,CPU_FREQUENCY_4,CPU_FREQUENCY_5,CPU_FREQUENCY_6,CPU_FREQUENCY_7,CPU_TEMP_0,CPU_TEMP_1,CPU_TEMP_2,CPU_TEMP_3,CPU_TEMP_4,CPU_TEMP_5,CPU_TEMP_6,CPU_TEMP_7,CPU_TEMP_8,CPU_TEMP_9,CPU_USAGE_0,CPU_USAGE_1,CPU_USAGE_2,CPU_USAGE_3,CPU_USAGE_4,CPU_USAGE_5,CPU_USAGE_6,CPU_USAGE_7,SYSTEM_POWER (Watts),TOTAL_MEMORY,TOTAL_SWAP,USED_MEMORY,USED_SWAP
0,1729566698785,3228,3228,3228,3228,3228,3228,3228,3228,63.53265380859375,58.54380416870117,66.46949768066406,67.9620132446289,66.16045379638672,61.74910354614258,62.090389251708984,61.74443054199219,61.6007194519043,61.43560791015625,100,100,100,100,100,100,NaN,0,18.1580810546875,17179869184,22548578304,5472862208,21248278528
309,1729566698785,3228,3228,3228,3228,3228,3228,3228,3228,63.53265380859375,58.54380416870117,66.46949768066406,67.9620132446289,66.16045379638672,61.74910354614258,62.090389251708984,61.74443054199219,61.6007194519043,61.43560791015625,0,0,100,100,100,NaN,50,50,18.1580810546875,17179869184,22548578304,5472862208,21248278528
309,1729566699095,3228,3228,3228,3228,3228,3228,3228,3228,63.53265380859375,58.54380416870117,66.46949768066406,67.9620132446289,66.16045379638672,61.74910354614258,62.090389251708984,61.74443054199219,61.6007194519043,61.43560791015625,96.7741928100586,93.75,96.875,100,100,100,100,100,20.993860244750977,17179869184,22548578304,5472862208,21248278528
10,1729566699405,3228,3228,3228,3228,3228,3228,3228,3228,63.53265380859375,58.54380416870117,66.46949768066406,67.9620132446289,66.16045379638672,61.74910354614258,62.090389251708984,61.74443054199219,61.6007194519043,61.43560791015625,26.666667938232422,17.241378784179688,100,93.33333587646484,90,90.32257843017578,80.6451644897461,24.137929916381836,20.993860244750977,17179869184,22548578304,5488967680,21248278528
