Delta,Time,CPU_FREQUENCY_0,CPU_FREQUENCY_1,CPU_FREQUENCY_2,CPU_FREQUENCY_3,CPU_FREQUENCY_4,CPU_FREQUENCY_5,CPU_FREQUENCY_6,CPU_FREQUENCY_7,CPU_TEMP_0,CPU_TEMP_1,CPU_TEMP_2,CPU_TEMP_3,CPU_TEMP_4,CPU_TEMP_5,CPU_TEMP_6,CPU_TEMP_7,CPU_TEMP_8,CPU_TEMP_9,CPU_USAGE_0,CPU_USAGE_1,CPU_USAGE_2,CPU_USAGE_3,CPU_USAGE_4,CPU_USAGE_5,CPU_USAGE_6,CPU_USAGE_7,SYSTEM_POWER (Watts),TOTAL_MEMORY,TOTAL_SWAP,USED_MEMORY,USED_SWAP
0,1729537747778,3228,3228,3228,3228,3228,3228,3228,3228,61.23042297363281,58.91200256347656,59.910194396972656,61.57473373413086,62.16987609863281,59.88493728637695,59.1649169921875,60.28665542602539,62.28294372558594,61.54137420654297,0,0,0,0,0,0,0,0,7.259159088134766,17179869184,20401094656,5146083328,19881656320
307,1729537747779,3228,3228,3228,3228,3228,3228,3228,3228,61.23042297363281,58.91200256347656,59.910194396972656,61.57473373413086,62.16987609863281,59.88493728637695,59.1649169921875,60.28665542602539,62.28294372558594,61.54137420654297,100,NaN,50,0,66.66667175292969,0,NaN,0,7.259159088134766,17179869184,20401094656,5148409856,19881656320
308,1729537748087,3228,3228,3228,3228,3228,3228,3228,3228,61.28158950805664,58.56403732299805,61.197845458984375,62.7848014831543,62.12548065185547,59.760841369628906,59.26059341430664,60.548095703125,62.20348358154297,61.35154724121094,61.29032516479492,61.29032516479492,77.41934967041016,74.19355010986328,50,51.61289978027344,51.51515197753906,50,7.259159088134766,17179869184,20401094656,5171838976,19881656320
309,1729537748396,3228,3228,3228,3228,3228,3228,3228,3228,61.28158950805664,58.56403732299805,61.197845458984375,62.7848014831543,62.12548065185547,59.760841369628906,59.26059341430664,60.548095703125,62.20348358154297,61.35154724121094,48.3870964050293,43.33333206176758,90,63.33333206176758,48.3870964050293,35.48387145996094,36.66666793823242,38.70967483520508,7.259159088134766,17179869184,20401094656,5180456960,19881656320
11,1729537748706,3228,3228,3228,3228,3228,3228,3228,3228,61.28158950805664,58.56403732299805,61.197845458984375,62.7848014831543,62.12548065185547,59.760841369628906,59.26059341430664,60.548095703125,62.20348358154297,61.35154724121094,20,21.875,83.87096405029297,0,10,0,0,0,5.588801383972168,17179869184,20401094656,5104812032,19881656320
