Delta,Time,CPU_FREQUENCY_0,CPU_FREQUENCY_1,CPU_FREQUENCY_2,CPU_FREQUENCY_3,CPU_FREQUENCY_4,CPU_FREQUENCY_5,CPU_FREQUENCY_6,CPU_FREQUENCY_7,CPU_TEMP_0,CPU_TEMP_1,CPU_TEMP_2,CPU_TEMP_3,CPU_TEMP_4,CPU_TEMP_5,CPU_TEMP_6,CPU_TEMP_7,CPU_TEMP_8,CPU_TEMP_9,CPU_USAGE_0,CPU_USAGE_1,CPU_USAGE_2,CPU_USAGE_3,CPU_USAGE_4,CPU_USAGE_5,CPU_USAGE_6,CPU_USAGE_7,SYSTEM_POWER (Watts),TOTAL_MEMORY,TOTAL_SWAP,USED_MEMORY,USED_SWAP
0,1729581566943,3228,3228,3228,3228,3228,3228,3228,3228,60.86804962158203,58.46787643432617,60.16565704345703,61.85797882080078,61.575477600097656,59.095638275146484,59.17815399169922,60.17888641357422,61.88270568847656,60.39611053466797,0,0,0,0,0,0,0,0,9.361482620239258,17179869184,22548578304,3470983168,21248278528
304,1729581566943,3228,3228,3228,3228,3228,3228,3228,3228,60.86804962158203,58.46787643432617,60.16565704345703,61.85797882080078,61.575477600097656,59.095638275146484,59.17815399169922,60.17888641357422,61.88270568847656,60.39611053466797,100,0,50,100,NaN,NaN,0,NaN,9.361482620239258,17179869184,22548578304,3473195008,21248278528
309,1729581567248,3228,3228,3228,3228,3228,3228,3228,3228,60.97530746459961,58.33162307739258,60.11060333251953,62.06659698486328,61.68982696533203,59.01850891113281,58.89273452758789,60.22245788574219,61.61284637451172,60.11103057861328,83.33332824707031,86.66666412353516,100,93.33333587646484,90.32257843017578,90.32257843017578,89.6551742553711,87.09677124023438,9.361482620239258,17179869184,22548578304,3473195008,21248278528
7,1729581567557,3228,3228,3228,3228,3228,3228,3228,3228,60.97530746459961,58.33162307739258,60.11060333251953,62.06659698486328,61.68982696533203,59.01850891113281,58.89273452758789,60.22245788574219,61.61284637451172,60.11103057861328,10,6.45161247253418,60.000003814697266,50,48.3870964050293,51.61289978027344,29.032257080078125,19.35483741760254,4.563361644744873,17179869184,22548578304,3601661952,21248278528
