Delta,Time,CPU_FREQUENCY_0,CPU_FREQUENCY_1,CPU_FREQUENCY_2,CPU_FREQUENCY_3,CPU_FREQUENCY_4,CPU_FREQUENCY_5,CPU_FREQUENCY_6,CPU_FREQUENCY_7,CPU_TEMP_0,CPU_TEMP_1,CPU_TEMP_2,CPU_TEMP_3,CPU_TEMP_4,CPU_TEMP_5,CPU_TEMP_6,CPU_TEMP_7,CPU_TEMP_8,CPU_TEMP_9,CPU_USAGE_0,CPU_USAGE_1,CPU_USAGE_2,CPU_USAGE_3,CPU_USAGE_4,CPU_USAGE_5,CPU_USAGE_6,CPU_USAGE_7,SYSTEM_POWER (Watts),TOTAL_MEMORY,TOTAL_SWAP,USED_MEMORY,USED_SWAP
0,1729540499458,3228,3228,3228,3228,3228,3228,3228,3228,64.50318145751953,59.82440185546875,69.1558837890625,70.04667663574219,67.15288543701172,61.92611312866211,66.00811767578125,65.55487060546875,62.41582107543945,61.71467590332031,0,0,0,100,50,100,50,50,4.771198749542236,17179869184,21474836480,6353338368,20369506304
309,1729540499458,3228,3228,3228,3228,3228,3228,3228,3228,64.50318145751953,59.82440185546875,69.1558837890625,70.04667663574219,67.15288543701172,61.92611312866211,66.00811767578125,65.55487060546875,62.41582107543945,61.71467590332031,0,0,100,100,NaN,100,100,NaN,4.771198749542236,17179869184,21474836480,6353338368,20369506304
306,1729540499768,3228,3228,3228,3228,3228,3228,3228,3228,64.50318145751953,59.82440185546875,69.1558837890625,70.04667663574219,67.15288543701172,61.92611312866211,66.00811767578125,65.55487060546875,62.41582107543945,61.71467590332031,90,87.09677124023438,100,96.7741928100586,96.875,96.875,93.54838562011719,90.90909576416016,13.76771354675293,17179869184,21474836480,6353338368,20369506304
309,1729540500074,3228,3228,3228,3228,3228,3228,3228,3228,65.2545394897461,62.46923065185547,68.83092498779297,70.37259674072266,67.95819854736328,62.8267936706543,67.51202392578125,67.72431945800781,66.01228332519531,63.63703918457031,18.75,16.129032135009766,64.51612854003906,60.000003814697266,67.74193572998047,27.586206436157227,19.35483741760254,3.4482758045196533,13.76771354675293,17179869184,21474836480,6371622912,20369506304
10,1729540500384,3228,3228,3228,3228,3228,3228,3228,3228,65.2545394897461,62.46923065185547,68.83092498779297,70.37259674072266,67.95819854736328,62.8267936706543,67.51202392578125,67.72431945800781,66.01228332519531,63.63703918457031,13.333333969116211,19.35483741760254,54.83871078491211,35.48387145996094,16.666667938232422,18.75,3.3333334922790527,3.125,13.76771354675293,17179869184,21474836480,6336102400,20369506304
