Delta,Time,CPU_FREQUENCY_0,CPU_FREQUENCY_1,CPU_FREQUENCY_2,CPU_FREQUENCY_3,CPU_FREQUENCY_4,CPU_FREQUENCY_5,CPU_FREQUENCY_6,CPU_FREQUENCY_7,CPU_TEMP_0,CPU_TEMP_1,CPU_TEMP_2,CPU_TEMP_3,CPU_TEMP_4,CPU_TEMP_5,CPU_TEMP_6,CPU_TEMP_7,CPU_TEMP_8,CPU_TEMP_9,CPU_USAGE_0,CPU_USAGE_1,CPU_USAGE_2,CPU_USAGE_3,CPU_USAGE_4,CPU_USAGE_5,CPU_USAGE_6,CPU_USAGE_7,SYSTEM_POWER (Watts),TOTAL_MEMORY,TOTAL_SWAP,USED_MEMORY,USED_SWAP
0,1729556797357,3228,3228,3228,3228,3228,3228,3228,3228,62.652198791503906,59.71006774902344,62.79975891113281,64.21468353271484,63.90019989013672,61.19472122192383,61.51883316040039,61.88878631591797,62.45889663696289,61.57129669189453,0,0,100,100,50,100,100,50,4.754539966583252,17179869184,22548578304,4795678720,21357330432
309,1729556797357,3228,3228,3228,3228,3228,3228,3228,3228,62.652198791503906,59.71006774902344,62.79975891113281,64.21468353271484,63.90019989013672,61.19472122192383,61.51883316040039,61.88878631591797,62.45889663696289,61.57129669189453,NaN,0,100,100,100,100,100,NaN,4.754539966583252,17179869184,22548578304,4799840256,21357330432
308,1729556797667,3228,3228,3228,3228,3228,3228,3228,3228,69.03300476074219,65.8777084350586,73.99897003173828,76.31304931640625,72.5394515991211,67.18546295166016,73.70968627929688,73.3880615234375,69.36474609375,66.88629913330078,93.54838562011719,93.54838562011719,100,100,100,96.7741928100586,100,100,4.754539966583252,17179869184,22548578304,4837261312,21357330432
309,1729556797975,3228,3228,3228,3228,3228,3228,3228,3228,69.03300476074219,65.8777084350586,73.99897003173828,76.31304931640625,72.5394515991211,67.18546295166016,73.70968627929688,73.3880615234375,69.36474609375,66.88629913330078,51.61289978027344,43.33333206176758,96.7741928100586,96.7741928100586,96.7741928100586,100,96.7741928100586,96.875,17.77734375,17179869184,22548578304,4881039360,21357330432
9,1729556798285,3228,3228,3228,3228,3228,3228,3228,3228,69.03300476074219,65.8777084350586,73.99897003173828,76.31304931640625,72.5394515991211,67.18546295166016,73.70968627929688,73.3880615234375,69.36474609375,66.88629913330078,23.33333396911621,26.666667938232422,96.7741928100586,93.54838562011719,93.33333587646484,93.75,45.16128921508789,36.66666793823242,17.77734375,17179869184,22548578304,4837621760,21357330432
