Delta,Time,CPU_FREQUENCY_0,CPU_FREQUENCY_1,CPU_FREQUENCY_2,CPU_FREQUENCY_3,CPU_FREQUENCY_4,CPU_FREQUENCY_5,CPU_FREQUENCY_6,CPU_FREQUENCY_7,CPU_TEMP_0,CPU_TEMP_1,CPU_TEMP_2,CPU_TEMP_3,CPU_TEMP_4,CPU_TEMP_5,CPU_TEMP_6,CPU_TEMP_7,CPU_TEMP_8,CPU_TEMP_9,CPU_USAGE_0,CPU_USAGE_1,CPU_USAGE_2,CPU_USAGE_3,CPU_USAGE_4,CPU_USAGE_5,CPU_USAGE_6,CPU_USAGE_7,SYSTEM_POWER (Watts),TOTAL_MEMORY,TOTAL_SWAP,USED_MEMORY,USED_SWAP
0,1729579693785,3228,3228,3228,3228,3228,3228,3228,3228,69.66485595703125,66.00849151611328,74.5316390991211,75.44857025146484,71.94938659667969,67.39156341552734,69.46141052246094,70.24540710449219,68.19853210449219,66.93812561035156,0,0,NaN,0,0,100,0,0,10.164017677307129,17179869184,22548578304,5300076544,21248278528
305,1729579693785,3228,3228,3228,3228,3228,3228,3228,3228,69.66485595703125,66.00849151611328,74.5316390991211,75.44857025146484,71.94938659667969,67.39156341552734,69.46141052246094,70.24540710449219,68.19853210449219,66.93812561035156,0,50,50,0,100,0,0,100,10.164017677307129,17179869184,22548578304,5303631872,21248278528
11,1729579694090,3228,3228,3228,3228,3228,3228,3228,3228,71.0172119140625,68.00089263916016,75.3890380859375,76.32974243164063,73.24176025390625,68.95491790771484,72.90679931640625,73.05862426757813,70.21259307861328,68.76020812988281,20,13.793103218078613,63.33333206176758,43.75,45.16128921508789,32.25806427001953,16.129032135009766,9.67741870880127,10.164017677307129,17179869184,22548578304,5307236352,21248278528
