Delta,Time,CPU_FREQUENCY_0,CPU_FREQUENCY_1,CPU_FREQUENCY_2,CPU_FREQUENCY_3,CPU_FREQUENCY_4,CPU_FREQUENCY_5,CPU_FREQUENCY_6,CPU_FREQUENCY_7,CPU_TEMP_0,CPU_TEMP_1,CPU_TEMP_2,CPU_TEMP_3,CPU_TEMP_4,CPU_TEMP_5,CPU_TEMP_6,CPU_TEMP_7,CPU_TEMP_8,CPU_TEMP_9,CPU_USAGE_0,CPU_USAGE_1,CPU_USAGE_2,CPU_USAGE_3,CPU_USAGE_4,CPU_USAGE_5,CPU_USAGE_6,CPU_USAGE_7,SYSTEM_POWER (Watts),TOTAL_MEMORY,TOTAL_SWAP,USED_MEMORY,USED_SWAP
0,1729541510116,3228,3228,3228,3228,3228,3228,3228,3228,61.0750732421875,57.296791076660156,62.077003479003906,63.611412048339844,62.54338073730469,59.6441535949707,60.4337158203125,60.290443420410156,61.41861343383789,60.23249053955078,0,0,100,50,100,50,50,0,4.750124454498291,17179869184,21474836480,5680431104,20369506304
309,1729541510116,3228,3228,3228,3228,3228,3228,3228,3228,61.0750732421875,57.296791076660156,62.077003479003906,63.611412048339844,62.54338073730469,59.6441535949707,60.4337158203125,60.290443420410156,61.41861343383789,60.23249053955078,100,0,0,100,100,100,0,0,4.750124454498291,17179869184,21474836480,5684985856,20369506304
306,1729541510426,3228,3228,3228,3228,3228,3228,3228,3228,61.0750732421875,57.296791076660156,62.077003479003906,63.611412048339844,62.54338073730469,59.6441535949707,60.4337158203125,60.290443420410156,61.41861343383789,60.23249053955078,96.7741928100586,100,100,100,96.7741928100586,100,100,96.7741928100586,4.750124454498291,17179869184,21474836480,5729812480,20369506304
306,1729541510732,3228,3228,3228,3228,3228,3228,3228,3228,61.0750732421875,57.296791076660156,62.077003479003906,63.611412048339844,62.54338073730469,59.6441535949707,60.4337158203125,60.290443420410156,61.41861343383789,60.23249053955078,43.33333206176758,41.935482025146484,93.33333587646484,93.33333587646484,83.87096405029297,74.19355010986328,68.75,58.06451416015625,4.717382431030273,17179869184,21474836480,5766545408,20369506304
7,1729541511039,3228,3228,3228,3228,3228,3228,3228,3228,61.0750732421875,57.296791076660156,62.077003479003906,63.611412048339844,62.54338073730469,59.6441535949707,60.4337158203125,60.290443420410156,61.41861343383789,60.23249053955078,22.580644607543945,26.666667938232422,87.5,80.6451644897461,72.41378784179688,53.333335876464844,26.666667938232422,22.580644607543945,4.717382431030273,17179869184,21474836480,5758926848,20369506304
