Delta,Time,CPU_FREQUENCY_0,CPU_FREQUENCY_1,CPU_FREQUENCY_2,CPU_FREQUENCY_3,CPU_FREQUENCY_4,CPU_FREQUENCY_5,CPU_FREQUENCY_6,CPU_FREQUENCY_7,CPU_TEMP_0,CPU_TEMP_1,CPU_TEMP_2,CPU_TEMP_3,CPU_TEMP_4,CPU_TEMP_5,CPU_TEMP_6,CPU_TEMP_7,CPU_TEMP_8,CPU_TEMP_9,CPU_USAGE_0,CPU_USAGE_1,CPU_USAGE_2,CPU_USAGE_3,CPU_USAGE_4,CPU_USAGE_5,CPU_USAGE_6,CPU_USAGE_7,SYSTEM_POWER (Watts),TOTAL_MEMORY,TOTAL_SWAP,USED_MEMORY,USED_SWAP
0,1729564469762,3228,3228,3228,3228,3228,3228,3228,3228,67.77344512939453,65.80109405517578,67.14335632324219,67.98641967773438,68.49964904785156,66.00237274169922,66.59075164794922,66.77519226074219,68.66197204589844,67.90765380859375,50,0,0,0,0,0,0,0,5.305788516998291,17179869184,22548578304,4710694912,21256667136
307,1729564469763,3228,3228,3228,3228,3228,3228,3228,3228,67.77344512939453,65.80109405517578,67.14335632324219,67.98641967773438,68.49964904785156,66.00237274169922,66.59075164794922,66.77519226074219,68.66197204589844,67.90765380859375,0,0,50,0,NaN,0,0,0,5.305788516998291,17179869184,22548578304,4713381888,21256667136
309,1729564470070,3228,3228,3228,3228,3228,3228,3228,3228,67.77344512939453,65.80109405517578,67.14335632324219,67.98641967773438,68.49964904785156,66.00237274169922,66.59075164794922,66.77519226074219,68.66197204589844,67.90765380859375,90,90,96.66666412353516,90.32257843017578,93.54838562011719,90,87.5,90.625,4.975342273712158,17179869184,22548578304,4774281216,21256667136
9,1729564470380,3228,3228,3228,3228,3228,3228,3228,3228,67.77344512939453,65.80109405517578,67.14335632324219,67.98641967773438,68.49964904785156,66.00237274169922,66.59075164794922,66.77519226074219,68.66197204589844,67.90765380859375,16.129032135009766,19.35483741760254,38.70967483520508,51.61289978027344,18.75,15.625,3.3333334922790527,3.3333334922790527,4.975342273712158,17179869184,22548578304,4737613824,21256667136
