Delta,Time,CPU_FREQUENCY_0,CPU_FREQUENCY_1,CPU_FREQUENCY_2,CPU_FREQUENCY_3,CPU_FREQUENCY_4,CPU_FREQUENCY_5,CPU_FREQUENCY_6,CPU_FREQUENCY_7,CPU_TEMP_0,CPU_TEMP_1,CPU_TEMP_2,CPU_TEMP_3,CPU_TEMP_4,CPU_TEMP_5,CPU_TEMP_6,CPU_TEMP_7,CPU_TEMP_8,CPU_TEMP_9,CPU_USAGE_0,CPU_USAGE_1,CPU_USAGE_2,CPU_USAGE_3,CPU_USAGE_4,CPU_USAGE_5,CPU_USAGE_6,CPU_USAGE_7,SYSTEM_POWER (Watts),TOTAL_MEMORY,TOTAL_SWAP,USED_MEMORY,USED_SWAP
0,1729596922997,3228,3228,3228,3228,3228,3228,3228,3228,70.52921295166016,66.29534912109375,76.37377166748047,77.77862548828125,74.04064178466797,68.35655212402344,74.0582275390625,74.94451904296875,69.49625396728516,67.38069152832031,0,100,NaN,0,NaN,0,0,0,20.179914474487305,17179869184,22548578304,4198301696,20968570880
306,1729596922997,3228,3228,3228,3228,3228,3228,3228,3228,70.52921295166016,66.29534912109375,76.37377166748047,77.77862548828125,74.04064178466797,68.35655212402344,74.0582275390625,74.94451904296875,69.49625396728516,67.38069152832031,0,0,50,50,100,0,0,0,20.179914474487305,17179869184,22548578304,4201037824,20968570880
309,1729596923304,3228,3228,3228,3228,3228,3228,3228,3228,70.52921295166016,66.29534912109375,76.37377166748047,77.77862548828125,74.04064178466797,68.35655212402344,74.0582275390625,74.94451904296875,69.49625396728516,67.38069152832031,58.06451416015625,54.83871078491211,80,86.66666412353516,84.375,74.19355010986328,64.51612854003906,66.66667175292969,20.179914474487305,17179869184,22548578304,5314379776,20968570880
13,1729596923614,3228,3228,3228,3228,3228,3228,3228,3228,69.29890441894531,66.06095886230469,74.38720703125,74.75054168701172,72.09730529785156,67.4471664428711,71.34759521484375,71.92074584960938,69.21123504638672,67.06198120117188,19.35483741760254,16.666667938232422,58.06451416015625,51.61289978027344,36.66666793823242,35.48387145996094,38.70967483520508,34.375,20.179914474487305,17179869184,22548578304,4396138496,20968570880
