Delta,Time,CPU_FREQUENCY_0,CPU_FREQUENCY_1,CPU_FREQUENCY_2,CPU_FREQUENCY_3,CPU_FREQUENCY_4,CPU_FREQUENCY_5,CPU_FREQUENCY_6,CPU_FREQUENCY_7,CPU_TEMP_0,CPU_TEMP_1,CPU_TEMP_2,CPU_TEMP_3,CPU_TEMP_4,CPU_TEMP_5,CPU_TEMP_6,CPU_TEMP_7,CPU_TEMP_8,CPU_TEMP_9,CPU_USAGE_0,CPU_USAGE_1,CPU_USAGE_2,CPU_USAGE_3,CPU_USAGE_4,CPU_USAGE_5,CPU_USAGE_6,CPU_USAGE_7,SYSTEM_POWER (Watts),TOTAL_MEMORY,TOTAL_SWAP,USED_MEMORY,USED_SWAP
0,1729568037212,3228,3228,3228,3228,3228,3228,3228,3228,63.28966522216797,59.05290222167969,66.26551818847656,67.68820190429688,64.75865173339844,60.60386276245117,64.39273834228516,64.21210479736328,62.14763641357422,61.780853271484375,0,50,50,0,0,0,0,0,24.24639892578125,17179869184,22548578304,4578754560,21248278528
308,1729568037212,3228,3228,3228,3228,3228,3228,3228,3228,63.28966522216797,59.05290222167969,66.26551818847656,67.68820190429688,64.75865173339844,60.60386276245117,64.39273834228516,64.21210479736328,62.14763641357422,61.780853271484375,NaN,NaN,NaN,100,0,0,0,0,24.24639892578125,17179869184,22548578304,4581441536,21248278528
309,1729568037521,3228,3228,3228,3228,3228,3228,3228,3228,63.28966522216797,59.05290222167969,66.26551818847656,67.68820190429688,64.75865173339844,60.60386276245117,64.39273834228516,64.21210479736328,62.14763641357422,61.780853271484375,90.32257843017578,87.09677124023438,96.7741928100586,93.33333587646484,93.54838562011719,93.54838562011719,90,90.32257843017578,24.24639892578125,17179869184,22548578304,4601282560,21248278528
8,1729568037831,3228,3228,3228,3228,3228,3228,3228,3228,60.379005432128906,56.96787643432617,60.79241943359375,61.8575325012207,61.23588562011719,57.605621337890625,59.15964889526367,59.7941780090332,60.59113693237305,60.04534912109375,22.580644607543945,22.580644607543945,38.70967483520508,40.625,38.70967483520508,9.67741870880127,6.45161247253418,3.22580623626709,24.24639892578125,17179869184,22548578304,4582703104,21248278528
