Delta,Time,CPU_FREQUENCY_0,CPU_FREQUENCY_1,CPU_FREQUENCY_2,CPU_FREQUENCY_3,CPU_FREQUENCY_4,CPU_FREQUENCY_5,CPU_FREQUENCY_6,CPU_FREQUENCY_7,CPU_TEMP_0,CPU_TEMP_1,CPU_TEMP_2,CPU_TEMP_3,CPU_TEMP_4,CPU_TEMP_5,CPU_TEMP_6,CPU_TEMP_7,CPU_TEMP_8,CPU_TEMP_9,CPU_USAGE_0,CPU_USAGE_1,CPU_USAGE_2,CPU_USAGE_3,CPU_USAGE_4,CPU_USAGE_5,CPU_USAGE_6,CPU_USAGE_7,SYSTEM_POWER (Watts),TOTAL_MEMORY,TOTAL_SWAP,USED_MEMORY,USED_SWAP
0,1729595167600,3228,3228,3228,3228,3228,3228,3228,3228,71.34390258789063,68.51275634765625,75.4585189819336,77.07283782958984,73.36167907714844,69.03179168701172,73.81831359863281,74.01612854003906,70.18435668945313,69.00363159179688,50,50,0,100,0,0,0,0,5.707186698913574,17179869184,22548578304,5998673920,20968570880
309,1729595167600,3228,3228,3228,3228,3228,3228,3228,3228,71.34390258789063,68.51275634765625,75.4585189819336,77.07283782958984,73.36167907714844,69.03179168701172,73.81831359863281,74.01612854003906,70.18435668945313,69.00363159179688,0,0,NaN,0,50,0,0,0,5.707186698913574,17179869184,22548578304,5999476736,20968570880
307,1729595167910,3228,3228,3228,3228,3228,3228,3228,3228,71.34390258789063,68.51275634765625,75.4585189819336,77.07283782958984,73.36167907714844,69.03179168701172,73.81831359863281,74.01612854003906,70.18435668945313,69.00363159179688,93.54838562011719,90.32257843017578,96.7741928100586,96.875,100,93.54838562011719,96.7741928100586,90.32257843017578,21.06182098388672,17179869184,22548578304,6033752064,20968570880
301,1729595168217,3228,3228,3228,3228,3228,3228,3228,3228,71.34390258789063,68.51275634765625,75.4585189819336,77.07283782958984,73.36167907714844,69.03179168701172,73.81831359863281,74.01612854003906,70.18435668945313,69.00363159179688,13.333333969116211,16.129032135009766,83.87096405029297,58.06451416015625,43.33333206176758,51.61289978027344,16.129032135009766,10,21.06182098388672,17179869184,22548578304,6041206784,20968570880
10,1729595168519,3228,3228,3228,3228,3228,3228,3228,3228,70.5146713256836,67.73519897460938,72.4928970336914,73.86643981933594,71.66859436035156,67.99559020996094,70.80430603027344,71.43377685546875,69.99497985839844,68.56939697265625,13.333333969116211,13.333333969116211,48.3870964050293,50,16.129032135009766,10.344827651977539,0,0,21.06182098388672,17179869184,22548578304,5986435072,20968570880
