Delta,Time,CPU_FREQUENCY_0,CPU_FREQUENCY_1,CPU_FREQUENCY_2,CPU_FREQUENCY_3,CPU_FREQUENCY_4,CPU_FREQUENCY_5,CPU_FREQUENCY_6,CPU_FREQUENCY_7,CPU_TEMP_0,CPU_TEMP_1,CPU_TEMP_2,CPU_TEMP_3,CPU_TEMP_4,CPU_TEMP_5,CPU_TEMP_6,CPU_TEMP_7,CPU_TEMP_8,CPU_TEMP_9,CPU_USAGE_0,CPU_USAGE_1,CPU_USAGE_2,CPU_USAGE_3,CPU_USAGE_4,CPU_USAGE_5,CPU_USAGE_6,CPU_USAGE_7,SYSTEM_POWER (Watts),TOTAL_MEMORY,TOTAL_SWAP,USED_MEMORY,USED_SWAP
0,1729569528377,3228,3228,3228,3228,3228,3228,3228,3228,64.91804504394531,60.12009811401367,69.91565704345703,70.26557159423828,67.24047088623047,63.21937561035156,63.720794677734375,63.915283203125,62.780609130859375,62.64845275878906,NaN,0,50,0,0,0,0,0,25.30512237548828,17179869184,22548578304,5189582848,21248278528
309,1729569528377,3228,3228,3228,3228,3228,3228,3228,3228,64.91804504394531,60.12009811401367,69.91565704345703,70.26557159423828,67.24047088623047,63.21937561035156,63.720794677734375,63.915283203125,62.780609130859375,62.64845275878906,0,50,0,0,50,0,0,0,25.30512237548828,17179869184,22548578304,5192597504,21248278528
7,1729569528687,3228,3228,3228,3228,3228,3228,3228,3228,64.91804504394531,60.12009811401367,69.91565704345703,70.26557159423828,67.24047088623047,63.21937561035156,63.720794677734375,63.915283203125,62.780609130859375,62.64845275878906,22.580644607543945,16.129032135009766,35.48387145996094,45.16128921508789,21.875,9.67741870880127,6.45161247253418,3.125,25.30512237548828,17179869184,22548578304,5235900416,21248278528
