Delta,Time,CPU_FREQUENCY_0,CPU_FREQUENCY_1,CPU_FREQUENCY_2,CPU_FREQUENCY_3,CPU_FREQUENCY_4,CPU_FREQUENCY_5,CPU_FREQUENCY_6,CPU_FREQUENCY_7,CPU_TEMP_0,CPU_TEMP_1,CPU_TEMP_2,CPU_TEMP_3,CPU_TEMP_4,CPU_TEMP_5,CPU_TEMP_6,CPU_TEMP_7,CPU_TEMP_8,CPU_TEMP_9,CPU_USAGE_0,CPU_USAGE_1,CPU_USAGE_2,CPU_USAGE_3,CPU_USAGE_4,CPU_USAGE_5,CPU_USAGE_6,CPU_USAGE_7,SYSTEM_POWER (Watts),TOTAL_MEMORY,TOTAL_SWAP,USED_MEMORY,USED_SWAP
0,1729573623833,3228,3228,3228,3228,3228,3228,3228,3228,68.50109100341797,64.0379867553711,71.72456359863281,74.10407257080078,69.07447052001953,65.50823211669922,66.974609375,67.9940185546875,65.74702453613281,65.90301513671875,NaN,NaN,100,100,50,50,NaN,NaN,23.587373733520508,17179869184,22548578304,3456532480,21248278528
309,1729573623833,3228,3228,3228,3228,3228,3228,3228,3228,68.50109100341797,64.0379867553711,71.72456359863281,74.10407257080078,69.07447052001953,65.50823211669922,66.974609375,67.9940185546875,65.74702453613281,65.90301513671875,0,50,0,0,NaN,NaN,100,50,23.587373733520508,17179869184,22548578304,3462643712,21248278528
308,1729573624143,3228,3228,3228,3228,3228,3228,3228,3228,68.50109100341797,64.0379867553711,71.72456359863281,74.10407257080078,69.07447052001953,65.50823211669922,66.974609375,67.9940185546875,65.74702453613281,65.90301513671875,93.54838562011719,93.54838562011719,100,100,96.7741928100586,100,100,100,23.587373733520508,17179869184,22548578304,3556933632,21248278528
308,1729573624451,3228,3228,3228,3228,3228,3228,3228,3228,68.50109100341797,64.0379867553711,71.72456359863281,74.10407257080078,69.07447052001953,65.50823211669922,66.974609375,67.9940185546875,65.74702453613281,65.90301513671875,43.33333206176758,38.70967483520508,96.7741928100586,93.75,93.75,83.87096405029297,83.87096405029297,86.66666412353516,18.959632873535156,17179869184,22548578304,3621683200,21248278528
7,1729573624760,3228,3228,3228,3228,3228,3228,3228,3228,68.50109100341797,64.0379867553711,71.72456359863281,74.10407257080078,69.07447052001953,65.50823211669922,66.974609375,67.9940185546875,65.74702453613281,65.90301513671875,22.580644607543945,26.666667938232422,90.32257843017578,83.33332824707031,90,77.41934967041016,74.19355010986328,54.83871078491211,18.959632873535156,17179869184,22548578304,3618848768,21248278528
