Delta,Time,CPU_FREQUENCY_0,CPU_FREQUENCY_1,CPU_FREQUENCY_2,CPU_FREQUENCY_3,CPU_FREQUENCY_4,CPU_FREQUENCY_5,CPU_FREQUENCY_6,CPU_FREQUENCY_7,CPU_TEMP_0,CPU_TEMP_1,CPU_TEMP_2,CPU_TEMP_3,CPU_TEMP_4,CPU_TEMP_5,CPU_TEMP_6,CPU_TEMP_7,CPU_TEMP_8,CPU_TEMP_9,CPU_USAGE_0,CPU_USAGE_1,CPU_USAGE_2,CPU_USAGE_3,CPU_USAGE_4,CPU_USAGE_5,CPU_USAGE_6,CPU_USAGE_7,SYSTEM_POWER (Watts),TOTAL_MEMORY,TOTAL_SWAP,USED_MEMORY,USED_SWAP
0,1729532187622,3228,3228,3228,3228,3228,3228,3228,3228,61.86273193359375,57.256080627441406,62.91759490966797,62.99342346191406,63.227455139160156,59.78705978393555,61.63421630859375,60.62630844116211,60.96109390258789,60.22931671142578,NaN,50,100,100,100,100,100,0,4.56195068359375,17179869184,19327352832,6567591936,18699911168
302,1729532187622,3228,3228,3228,3228,3228,3228,3228,3228,61.86273193359375,57.256080627441406,62.91759490966797,62.99342346191406,63.227455139160156,59.78705978393555,61.63421630859375,60.62630844116211,60.96109390258789,60.22931671142578,0,0,100,NaN,NaN,50,100,100,4.56195068359375,17179869184,19327352832,6572359680,18699911168
7,1729532187925,3228,3228,3228,3228,3228,3228,3228,3228,67.44947052001953,63.97947311401367,72.21748352050781,73.76021575927734,70.64483642578125,65.3812484741211,73.25100708007813,72.26361083984375,69.33081817626953,66.0865249633789,27.586206436157227,20.689655303955078,93.54838562011719,93.33333587646484,93.10344696044922,96.55171966552734,93.10344696044922,73.33333587646484,4.56195068359375,17179869184,19327352832,6594969600,18699911168
