Delta,Time,CPU_FREQUENCY_0,CPU_FREQUENCY_1,CPU_FREQUENCY_2,CPU_FREQUENCY_3,CPU_FREQUENCY_4,CPU_FREQUENCY_5,CPU_FREQUENCY_6,CPU_FREQUENCY_7,CPU_TEMP_0,CPU_TEMP_1,CPU_TEMP_2,CPU_TEMP_3,CPU_TEMP_4,CPU_TEMP_5,CPU_TEMP_6,CPU_TEMP_7,CPU_TEMP_8,CPU_TEMP_9,CPU_USAGE_0,CPU_USAGE_1,CPU_USAGE_2,CPU_USAGE_3,CPU_USAGE_4,CPU_USAGE_5,CPU_USAGE_6,CPU_USAGE_7,SYSTEM_POWER (Watts),TOTAL_MEMORY,TOTAL_SWAP,USED_MEMORY,USED_SWAP
0,1729564842184,3228,3228,3228,3228,3228,3228,3228,3228,66.93060302734375,63.696678161621094,70.48109436035156,70.24026489257813,68.05142974853516,65.55256652832031,66.0575180053711,66.67940521240234,65.72566223144531,65.3927230834961,100,50,0,0,0,0,0,0,20.912439346313477,17179869184,22548578304,5667454976,21256667136
309,1729564842184,3228,3228,3228,3228,3228,3228,3228,3228,66.93060302734375,63.696678161621094,70.48109436035156,70.24026489257813,68.05142974853516,65.55256652832031,66.0575180053711,66.67940521240234,65.72566223144531,65.3927230834961,50,100,100,NaN,0,0,0,0,20.912439346313477,17179869184,22548578304,5667454976,21256667136
309,1729564842494,3228,3228,3228,3228,3228,3228,3228,3228,66.93060302734375,63.696678161621094,70.48109436035156,70.24026489257813,68.05142974853516,65.55256652832031,66.0575180053711,66.67940521240234,65.72566223144531,65.3927230834961,70,63.33333206176758,77.41934967041016,68.75,93.33333587646484,68.75,67.74193572998047,66.66667175292969,20.912439346313477,17179869184,22548578304,5667454976,21256667136
13,1729564842804,3228,3228,3228,3228,3228,3228,3228,3228,65.48870849609375,63.4366569519043,66.70288848876953,67.62818908691406,67.49983215332031,64.76774597167969,65.22527313232422,66.66593933105469,66.74858093261719,65.40652465820313,20,20,34.375,16.129032135009766,10,3.22580623626709,3.22580623626709,0,20.912439346313477,17179869184,22548578304,5679824896,21256667136
