Delta,Time,CPU_FREQUENCY_0,CPU_FREQUENCY_1,CPU_FREQUENCY_2,CPU_FREQUENCY_3,CPU_FREQUENCY_4,CPU_FREQUENCY_5,CPU_FREQUENCY_6,CPU_FREQUENCY_7,CPU_TEMP_0,CPU_TEMP_1,CPU_TEMP_2,CPU_TEMP_3,CPU_TEMP_4,CPU_TEMP_5,CPU_TEMP_6,CPU_TEMP_7,CPU_TEMP_8,CPU_TEMP_9,CPU_USAGE_0,CPU_USAGE_1,CPU_USAGE_2,CPU_USAGE_3,CPU_USAGE_4,CPU_USAGE_5,CPU_USAGE_6,CPU_USAGE_7,SYSTEM_POWER (Watts),TOTAL_MEMORY,TOTAL_SWAP,USED_MEMORY,USED_SWAP
0,1729598889685,3228,3228,3228,3228,3228,3228,3228,3228,69.67451477050781,66.70753479003906,76.68189239501953,78.77531433105469,73.9654541015625,68.67791748046875,75.32815551757813,75.30398559570313,70.70149230957031,68.43170166015625,0,50,100,0,0,NaN,50,50,4.712539196014404,17179869184,22548578304,4088250368,20968570880
300,1729598889685,3228,3228,3228,3228,3228,3228,3228,3228,69.67451477050781,66.70753479003906,76.68189239501953,78.77531433105469,73.9654541015625,68.67791748046875,75.32815551757813,75.30398559570313,70.70149230957031,68.43170166015625,0,0,100,100,50,50,100,0,4.712539196014404,17179869184,22548578304,4088250368,20968570880
10,1729598889985,3228,3228,3228,3228,3228,3228,3228,3228,69.67451477050781,66.70753479003906,76.68189239501953,78.77531433105469,73.9654541015625,68.67791748046875,75.32815551757813,75.30398559570313,70.70149230957031,68.43170166015625,33.333335876464844,33.333335876464844,65.51724243164063,66.66667175292969,65.51724243164063,51.72413635253906,27.586206436157227,20,21.101221084594727,17179869184,22548578304,4088250368,20968570880
