Delta,Time,CPU_FREQUENCY_0,CPU_FREQUENCY_1,CPU_FREQUENCY_2,CPU_FREQUENCY_3,CPU_FREQUENCY_4,CPU_FREQUENCY_5,CPU_FREQUENCY_6,CPU_FREQUENCY_7,CPU_TEMP_0,CPU_TEMP_1,CPU_TEMP_2,CPU_TEMP_3,CPU_TEMP_4,CPU_TEMP_5,CPU_TEMP_6,CPU_TEMP_7,CPU_TEMP_8,CPU_TEMP_9,CPU_USAGE_0,CPU_USAGE_1,CPU_USAGE_2,CPU_USAGE_3,CPU_USAGE_4,CPU_USAGE_5,CPU_USAGE_6,CPU_USAGE_7,SYSTEM_POWER (Watts),TOTAL_MEMORY,TOTAL_SWAP,USED_MEMORY,USED_SWAP
0,1729535542071,3228,3228,3228,3228,3228,3228,3228,3228,61.3104362487793,58.634117126464844,60.161773681640625,61.120609283447266,61.655982971191406,59.19792556762695,60.092124938964844,59.89908218383789,61.666282653808594,61.07141876220703,0,66.66667175292969,0,0,0,0,0,0,5.011058330535889,17179869184,20401094656,7056474112,19940376576
309,1729535542072,3228,3228,3228,3228,3228,3228,3228,3228,61.3104362487793,58.634117126464844,60.161773681640625,61.120609283447266,61.655982971191406,59.19792556762695,60.092124938964844,59.89908218383789,61.666282653808594,61.07141876220703,0,0,0,100,0,0,0,0,5.011058330535889,17179869184,20401094656,7056474112,19940376576
12,1729535542382,3228,3228,3228,3228,3228,3228,3228,3228,61.3104362487793,58.634117126464844,60.161773681640625,61.120609283447266,61.655982971191406,59.19792556762695,60.092124938964844,59.89908218383789,61.666282653808594,61.07141876220703,12.90322494506836,9.67741870880127,25,19.35483741760254,16.129032135009766,9.67741870880127,6.45161247253418,3.3333334922790527,4.882919788360596,17179869184,20401094656,7056474112,19940376576
