Delta,Time,CPU_FREQUENCY_0,CPU_FREQUENCY_1,CPU_FREQUENCY_2,CPU_FREQUENCY_3,CPU_FREQUENCY_4,CPU_FREQUENCY_5,CPU_FREQUENCY_6,CPU_FREQUENCY_7,CPU_TEMP_0,CPU_TEMP_1,CPU_TEMP_2,CPU_TEMP_3,CPU_TEMP_4,CPU_TEMP_5,CPU_TEMP_6,CPU_TEMP_7,CPU_TEMP_8,CPU_TEMP_9,CPU_USAGE_0,CPU_USAGE_1,CPU_USAGE_2,CPU_USAGE_3,CPU_USAGE_4,CPU_USAGE_5,CPU_USAGE_6,CPU_USAGE_7,SYSTEM_POWER (Watts),TOTAL_MEMORY,TOTAL_SWAP,USED_MEMORY,USED_SWAP
0,1729562938085,3228,3228,3228,3228,3228,3228,3228,3228,60.43366622924805,57.96626663208008,59.937110900878906,61.35830307006836,60.822906494140625,59.14334487915039,59.416748046875,59.82836151123047,60.66032791137695,60.17396545410156,50,0,100,66.66667175292969,50,100,100,0,13.555312156677246,17179869184,22548578304,5749161984,21256667136
304,1729562938085,3228,3228,3228,3228,3228,3228,3228,3228,60.43366622924805,57.96626663208008,59.937110900878906,61.35830307006836,60.822906494140625,59.14334487915039,59.416748046875,59.82836151123047,60.66032791137695,60.17396545410156,0,50,100,100,NaN,100,100,0,13.555312156677246,17179869184,22548578304,5748506624,21256667136
309,1729562938390,3228,3228,3228,3228,3228,3228,3228,3228,60.43366622924805,57.96626663208008,59.937110900878906,61.35830307006836,60.822906494140625,59.14334487915039,59.416748046875,59.82836151123047,60.66032791137695,60.17396545410156,63.33333206176758,60.000003814697266,96.7741928100586,96.66666412353516,96.66666412353516,96.66666412353516,90,67.74193572998047,13.555312156677246,17179869184,22548578304,6680625152,21256667136
8,1729562938700,3228,3228,3228,3228,3228,3228,3228,3228,62.10525131225586,60.175350189208984,63.19245910644531,65.66558074951172,64.44892120361328,61.059444427490234,63.368465423583984,64.25068664550781,64.17765045166016,61.96318054199219,54.83871078491211,53.333335876464844,100,96.66666412353516,93.54838562011719,96.7741928100586,90.32257843017578,74.19355010986328,13.555312156677246,17179869184,22548578304,5961121792,21256667136
