Delta,Time,CPU_FREQUENCY_0,CPU_FREQUENCY_1,CPU_FREQUENCY_2,CPU_FREQUENCY_3,CPU_FREQUENCY_4,CPU_FREQUENCY_5,CPU_FREQUENCY_6,CPU_FREQUENCY_7,CPU_TEMP_0,CPU_TEMP_1,CPU_TEMP_2,CPU_TEMP_3,CPU_TEMP_4,CPU_TEMP_5,CPU_TEMP_6,CPU_TEMP_7,CPU_TEMP_8,CPU_TEMP_9,CPU_USAGE_0,CPU_USAGE_1,CPU_USAGE_2,CPU_USAGE_3,CPU_USAGE_4,CPU_USAGE_5,CPU_USAGE_6,CPU_USAGE_7,SYSTEM_POWER (Watts),TOTAL_MEMORY,TOTAL_SWAP,USED_MEMORY,USED_SWAP
0,1729577042424,3228,3228,3228,3228,3228,3228,3228,3228,67.67283630371094,64.14704132080078,72.98213958740234,75.23971557617188,70.55149841308594,65.95935821533203,72.76708984375,73.28471374511719,68.57386016845703,65.67506408691406,0,0,50,50,50,50,0,50,26.458892822265625,17179869184,22548578304,4480860160,21248278528
307,1729577042424,3228,3228,3228,3228,3228,3228,3228,3228,67.67283630371094,64.14704132080078,72.98213958740234,75.23971557617188,70.55149841308594,65.95935821533203,72.76708984375,73.28471374511719,68.57386016845703,65.67506408691406,0,0,NaN,100,100,100,100,NaN,26.458892822265625,17179869184,22548578304,4480860160,21248278528
299,1729577042732,3228,3228,3228,3228,3228,3228,3228,3228,67.67283630371094,64.14704132080078,72.98213958740234,75.23971557617188,70.55149841308594,65.95935821533203,72.76708984375,73.28471374511719,68.57386016845703,65.67506408691406,90.32257843017578,87.09677124023438,100,96.7741928100586,96.7741928100586,96.66666412353516,100,93.54838562011719,26.458892822265625,17179869184,22548578304,4480860160,21248278528
10,1729577043032,3228,3228,3228,3228,3228,3228,3228,3228,65.39016723632813,62.02565383911133,69.12329864501953,70.03268432617188,66.62456512451172,63.533653259277344,67.11573791503906,67.09229278564453,65.58951568603516,63.704856872558594,13.333333969116211,10,54.83871078491211,43.33333206176758,34.482757568359375,32.25806427001953,19.35483741760254,19.35483741760254,26.458892822265625,17179869184,22548578304,4506959872,21248278528
