Delta,Time,CPU_FREQUENCY_0,CPU_FREQUENCY_1,CPU_FREQUENCY_2,CPU_FREQUENCY_3,CPU_FREQUENCY_4,CPU_FREQUENCY_5,CPU_FREQUENCY_6,CPU_FREQUENCY_7,CPU_TEMP_0,CPU_TEMP_1,CPU_TEMP_2,CPU_TEMP_3,CPU_TEMP_4,CPU_TEMP_5,CPU_TEMP_6,CPU_TEMP_7,CPU_TEMP_8,CPU_TEMP_9,CPU_USAGE_0,CPU_USAGE_1,CPU_USAGE_2,CPU_USAGE_3,CPU_USAGE_4,CPU_USAGE_5,CPU_USAGE_6,CPU_USAGE_7,SYSTEM_POWER (Watts),TOTAL_MEMORY,TOTAL_SWAP,USED_MEMORY,USED_SWAP
0,1729555867639,3228,3228,3228,3228,3228,3228,3228,3228,67.16374969482422,62.54207229614258,72.1608657836914,73.63037872314453,70.2716293334961,65.12174224853516,68.63003540039063,68.68087768554688,65.39258575439453,64.06342315673828,NaN,0,0,0,0,0,0,0,8.429518699645996,17179869184,22548578304,3418488832,21357330432
309,1729555867639,3228,3228,3228,3228,3228,3228,3228,3228,67.16374969482422,62.54207229614258,72.1608657836914,73.63037872314453,70.2716293334961,65.12174224853516,68.63003540039063,68.68087768554688,65.39258575439453,64.06342315673828,0,50,NaN,100,0,0,NaN,NaN,8.429518699645996,17179869184,22548578304,3418488832,21357330432
309,1729555867949,3228,3228,3228,3228,3228,3228,3228,3228,67.16374969482422,62.54207229614258,72.1608657836914,73.63037872314453,70.2716293334961,65.12174224853516,68.63003540039063,68.68087768554688,65.39258575439453,64.06342315673828,87.09677124023438,83.87096405029297,93.75,93.54838562011719,93.75,90.32257843017578,87.5,87.09677124023438,25.348892211914063,17179869184,22548578304,3418488832,21357330432
306,1729555868259,3228,3228,3228,3228,3228,3228,3228,3228,67.16374969482422,62.54207229614258,72.1608657836914,73.63037872314453,70.2716293334961,65.12174224853516,68.63003540039063,68.68087768554688,65.39258575439453,64.06342315673828,25,16.666667938232422,38.70967483520508,74.19355010986328,26.666667938232422,16.666667938232422,10,3.22580623626709,25.348892211914063,17179869184,22548578304,3522592768,21357330432
9,1729555868566,3228,3228,3228,3228,3228,3228,3228,3228,65.09381103515625,61.5672607421875,68.20831298828125,70.35992431640625,67.0791015625,63.27387619018555,65.38969421386719,65.90785217285156,65.2089614868164,63.11274719238281,13.793103218078613,20,93.33333587646484,93.33333587646484,90,93.33333587646484,25.80644989013672,3.3333334922790527,25.348892211914063,17179869184,22548578304,3462414336,21357330432
