Delta,Time,CPU_FREQUENCY_0,CPU_FREQUENCY_1,CPU_FREQUENCY_2,CPU_FREQUENCY_3,CPU_FREQUENCY_4,CPU_FREQUENCY_5,CPU_FREQUENCY_6,CPU_FREQUENCY_7,CPU_TEMP_0,CPU_TEMP_1,CPU_TEMP_2,CPU_TEMP_3,CPU_TEMP_4,CPU_TEMP_5,CPU_TEMP_6,CPU_TEMP_7,CPU_TEMP_8,CPU_TEMP_9,CPU_USAGE_0,CPU_USAGE_1,CPU_USAGE_2,CPU_USAGE_3,CPU_USAGE_4,CPU_USAGE_5,CPU_USAGE_6,CPU_USAGE_7,SYSTEM_POWER (Watts),TOTAL_MEMORY,TOTAL_SWAP,USED_MEMORY,USED_SWAP
0,1729595028939,3228,3228,3228,3228,3228,3228,3228,3228,64.94288635253906,61.72503662109375,64.88652801513672,66.72404479980469,66.39175415039063,63.688133239746094,62.630069732666016,64.15132141113281,64.38310241699219,64.32270050048828,0,0,50,100,50,66.66667175292969,0,0,16.256698608398438,17179869184,22548578304,4887904256,20968570880
310,1729595028939,3228,3228,3228,3228,3228,3228,3228,3228,64.94288635253906,61.72503662109375,64.88652801513672,66.72404479980469,66.39175415039063,63.688133239746094,62.630069732666016,64.15132141113281,64.38310241699219,64.32270050048828,0,0,NaN,0,100,NaN,100,0,16.256698608398438,17179869184,22548578304,4887904256,20968570880
306,1729595029250,3228,3228,3228,3228,3228,3228,3228,3228,64.94288635253906,61.72503662109375,64.88652801513672,66.72404479980469,66.39175415039063,63.688133239746094,62.630069732666016,64.15132141113281,64.38310241699219,64.32270050048828,100,96.875,100,100,100,100,100,100,16.256698608398438,17179869184,22548578304,4887904256,20968570880
308,1729595029557,3228,3228,3228,3228,3228,3228,3228,3228,68.35028839111328,66.017578125,72.02046203613281,74.78887176513672,71.17323303222656,66.53776550292969,72.271240234375,73.09135437011719,69.31298828125,67.51432800292969,25.80644989013672,29.032257080078125,87.09677124023438,86.66666412353516,84.375,83.33332824707031,74.19355010986328,77.41934967041016,16.256698608398438,17179869184,22548578304,4960387072,20968570880
8,1729595029865,3228,3228,3228,3228,3228,3228,3228,3228,68.35028839111328,66.017578125,72.02046203613281,74.78887176513672,71.17323303222656,66.53776550292969,72.271240234375,73.09135437011719,69.31298828125,67.51432800292969,20,20,87.09677124023438,87.09677124023438,76.66666412353516,74.19355010986328,64.51612854003906,53.125,9.850889205932617,17179869184,22548578304,4899536896,20968570880
