Delta,Time,CPU_FREQUENCY_0,CPU_FREQUENCY_1,CPU_FREQUENCY_2,CPU_FREQUENCY_3,CPU_FREQUENCY_4,CPU_FREQUENCY_5,CPU_FREQUENCY_6,CPU_FREQUENCY_7,CPU_TEMP_0,CPU_TEMP_1,CPU_TEMP_2,CPU_TEMP_3,CPU_TEMP_4,CPU_TEMP_5,CPU_TEMP_6,CPU_TEMP_7,CPU_TEMP_8,CPU_TEMP_9,CPU_USAGE_0,CPU_USAGE_1,CPU_USAGE_2,CPU_USAGE_3,CPU_USAGE_4,CPU_USAGE_5,CPU_USAGE_6,CPU_USAGE_7,SYSTEM_POWER (Watts),TOTAL_MEMORY,TOTAL_SWAP,USED_MEMORY,USED_SWAP
0,1729533413718,3228,3228,3228,3228,3228,3228,3228,3228,64.06471252441406,60.44470977783203,63.73686981201172,64.3351821899414,64.48513793945313,61.76131820678711,62.089683532714844,62.50459289550781,63.8896369934082,63.03205871582031,100,100,0,100,0,0,0,0,14.187317848205566,17179869184,19327352832,7739457536,18683133952
309,1729533413718,3228,3228,3228,3228,3228,3228,3228,3228,64.06471252441406,60.44470977783203,63.73686981201172,64.3351821899414,64.48513793945313,61.76131820678711,62.089683532714844,62.50459289550781,63.8896369934082,63.03205871582031,NaN,100,NaN,50,0,50,100,0,14.187317848205566,17179869184,19327352832,7746502656,18683133952
306,1729533414028,3228,3228,3228,3228,3228,3228,3228,3228,63.220497131347656,60.661277770996094,62.56793212890625,63.41181182861328,64.10387420654297,61.42329025268555,62.463218688964844,62.85425567626953,64.37689208984375,62.76637268066406,100,100,84.375,70.96774291992188,71.875,77.41934967041016,70.96774291992188,70,14.187317848205566,17179869184,19327352832,10250141696,18683133952
9,1729533414334,3228,3228,3228,3228,3228,3228,3228,3228,63.220497131347656,60.661277770996094,62.56793212890625,63.41181182861328,64.10387420654297,61.42329025268555,62.463218688964844,62.85425567626953,64.37689208984375,62.76637268066406,100,100,50,13.333333969116211,10,12.90322494506836,3.125,0,7.29491662979126,17179869184,19327352832,7787626496,18683133952
