Delta,Time,CPU_FREQUENCY_0,CPU_FREQUENCY_1,CPU_FREQUENCY_2,CPU_FREQUENCY_3,CPU_FREQUENCY_4,CPU_FREQUENCY_5,CPU_FREQUENCY_6,CPU_FREQUENCY_7,CPU_TEMP_0,CPU_TEMP_1,CPU_TEMP_2,CPU_TEMP_3,CPU_TEMP_4,CPU_TEMP_5,CPU_TEMP_6,CPU_TEMP_7,CPU_TEMP_8,CPU_TEMP_9,CPU_USAGE_0,CPU_USAGE_1,CPU_USAGE_2,CPU_USAGE_3,CPU_USAGE_4,CPU_USAGE_5,CPU_USAGE_6,CPU_USAGE_7,SYSTEM_POWER (Watts),TOTAL_MEMORY,TOTAL_SWAP,USED_MEMORY,USED_SWAP
0,1729563650367,3228,3228,3228,3228,3228,3228,3228,3228,59.176841735839844,57.984432220458984,58.33935546875,59.933143615722656,60.635780334472656,58.63650131225586,57.88948440551758,59.29043960571289,59.934844970703125,59.67548370361328,NaN,50,50,0,0,0,0,0,4.917402267456055,17179869184,22548578304,4679712768,21256667136
302,1729563650368,3228,3228,3228,3228,3228,3228,3228,3228,59.176841735839844,57.984432220458984,58.33935546875,59.933143615722656,60.635780334472656,58.63650131225586,57.88948440551758,59.29043960571289,59.934844970703125,59.67548370361328,50,100,NaN,100,0,0,0,0,4.917402267456055,17179869184,22548578304,4682350592,21256667136
307,1729563650670,3228,3228,3228,3228,3228,3228,3228,3228,59.730262756347656,58.268524169921875,59.875038146972656,61.50939178466797,61.52349853515625,59.06336975097656,58.817649841308594,60.57880783081055,60.58469772338867,60.087493896484375,90,89.6551742553711,96.7741928100586,90,93.33333587646484,90,90.32257843017578,90,4.917402267456055,17179869184,22548578304,4761206784,21256667136
9,1729563650978,3228,3228,3228,3228,3228,3228,3228,3228,59.730262756347656,58.268524169921875,59.875038146972656,61.50939178466797,61.52349853515625,59.06336975097656,58.817649841308594,60.57880783081055,60.58469772338867,60.087493896484375,53.333335876464844,46.875,35.48387145996094,21.875,65.625,9.67741870880127,6.6666669845581055,0,4.917402267456055,17179869184,22548578304,4710776832,21256667136
