Delta,Time,CPU_FREQUENCY_0,CPU_FREQUENCY_1,CPU_FREQUENCY_2,CPU_FREQUENCY_3,CPU_FREQUENCY_4,CPU_FREQUENCY_5,CPU_FREQUENCY_6,CPU_FREQUENCY_7,CPU_TEMP_0,CPU_TEMP_1,CPU_TEMP_2,CPU_TEMP_3,CPU_TEMP_4,CPU_TEMP_5,CPU_TEMP_6,CPU_TEMP_7,CPU_TEMP_8,CPU_TEMP_9,CPU_USAGE_0,CPU_USAGE_1,CPU_USAGE_2,CPU_USAGE_3,CPU_USAGE_4,CPU_USAGE_5,CPU_USAGE_6,CPU_USAGE_7,SYSTEM_POWER (Watts),TOTAL_MEMORY,TOTAL_SWAP,USED_MEMORY,USED_SWAP
0,1729582638743,3228,3228,3228,3228,3228,3228,3228,3228,69.32227325439453,68.04872131347656,68.48316192626953,69.96109008789063,70.0263900756836,68.55440521240234,68.24645233154297,69.08134460449219,70.80099487304688,70.19564819335938,0,0,NaN,0,0,0,0,0,6.732508182525635,17179869184,22548578304,3833200640,21153120256
307,1729582638743,3228,3228,3228,3228,3228,3228,3228,3228,69.32227325439453,68.04872131347656,68.48316192626953,69.96109008789063,70.0263900756836,68.55440521240234,68.24645233154297,69.08134460449219,70.80099487304688,70.19564819335938,0,50,50,0,0,0,0,0,6.732508182525635,17179869184,22548578304,3835232256,21153120256
309,1729582639050,3228,3228,3228,3228,3228,3228,3228,3228,71.04914093017578,69.03873443603516,71.67450714111328,73.72223663330078,72.21955871582031,69.7685546875,70.61912536621094,71.20133972167969,72.1429443359375,70.87378692626953,87.09677124023438,83.33332824707031,90.32257843017578,96.7741928100586,90.32257843017578,87.09677124023438,87.09677124023438,86.66666412353516,6.732508182525635,17179869184,22548578304,3920347136,21153120256
306,1729582639360,3228,3228,3228,3228,3228,3228,3228,3228,71.04914093017578,69.03873443603516,71.67450714111328,73.72223663330078,72.21955871582031,69.7685546875,70.61912536621094,71.20133972167969,72.1429443359375,70.87378692626953,9.67741870880127,16.129032135009766,48.3870964050293,63.33333206176758,30.000001907348633,38.70967483520508,23.33333396911621,3.22580623626709,6.732508182525635,17179869184,22548578304,3957358592,21153120256
9,1729582639667,3228,3228,3228,3228,3228,3228,3228,3228,71.04914093017578,69.03873443603516,71.67450714111328,73.72223663330078,72.21955871582031,69.7685546875,70.61912536621094,71.20133972167969,72.1429443359375,70.87378692626953,26.666667938232422,23.33333396911621,43.33333206176758,21.875,29.032257080078125,6.6666669845581055,6.6666669845581055,6.45161247253418,7.469539165496826,17179869184,22548578304,3909206016,21153120256
