Delta,Time,CPU_FREQUENCY_0,CPU_FREQUENCY_1,CPU_FREQUENCY_2,CPU_FREQUENCY_3,CPU_FREQUENCY_4,CPU_FREQUENCY_5,CPU_FREQUENCY_6,CPU_FREQUENCY_7,CPU_TEMP_0,CPU_TEMP_1,CPU_TEMP_2,CPU_TEMP_3,CPU_TEMP_4,CPU_TEMP_5,CPU_TEMP_6,CPU_TEMP_7,CPU_TEMP_8,CPU_TEMP_9,CPU_USAGE_0,CPU_USAGE_1,CPU_USAGE_2,CPU_USAGE_3,CPU_USAGE_4,CPU_USAGE_5,CPU_USAGE_6,CPU_USAGE_7,SYSTEM_POWER (Watts),TOTAL_MEMORY,TOTAL_SWAP,USED_MEMORY,USED_SWAP
0,1729569989458,3228,3228,3228,3228,3228,3228,3228,3228,56.02082824707031,53.215641021728516,55.16710662841797,55.81964111328125,56.50300598144531,54.61333084106445,54.229530334472656,54.34693908691406,56.58049011230469,56.12413787841797,0,50,100,NaN,100,100,NaN,50,4.68874454498291,17179869184,22548578304,3899965440,21248278528
300,1729569989458,3228,3228,3228,3228,3228,3228,3228,3228,56.02082824707031,53.215641021728516,55.16710662841797,55.81964111328125,56.50300598144531,54.61333084106445,54.229530334472656,54.34693908691406,56.58049011230469,56.12413787841797,50,0,100,100,100,100,100,100,4.68874454498291,17179869184,22548578304,3899965440,21248278528
9,1729569989759,3228,3228,3228,3228,3228,3228,3228,3228,60.11484146118164,57.06815719604492,62.71509552001953,64.33406066894531,62.38837432861328,58.333946228027344,61.90618133544922,61.52468490600586,61.77972412109375,59.50633239746094,42.85714340209961,40,93.10344696044922,93.33333587646484,93.33333587646484,93.33333587646484,93.33333587646484,93.10344696044922,4.68874454498291,17179869184,22548578304,3899965440,21248278528
