Delta,Time,CPU_FREQUENCY_0,CPU_FREQUENCY_1,CPU_FREQUENCY_2,CPU_FREQUENCY_3,CPU_FREQUENCY_4,CPU_FREQUENCY_5,CPU_FREQUENCY_6,CPU_FREQUENCY_7,CPU_TEMP_0,CPU_TEMP_1,CPU_TEMP_2,CPU_TEMP_3,CPU_TEMP_4,CPU_TEMP_5,CPU_TEMP_6,CPU_TEMP_7,CPU_TEMP_8,CPU_TEMP_9,CPU_USAGE_0,CPU_USAGE_1,CPU_USAGE_2,CPU_USAGE_3,CPU_USAGE_4,CPU_USAGE_5,CPU_USAGE_6,CPU_USAGE_7,SYSTEM_POWER (Watts),TOTAL_MEMORY,TOTAL_SWAP,USED_MEMORY,USED_SWAP
0,1729575412989,3228,3228,3228,3228,3228,3228,3228,3228,65.2999038696289,62.495758056640625,64.0483627319336,65.69109344482422,65.10418701171875,63.686344146728516,63.65918731689453,64.88579559326172,65.04887390136719,64.47936248779297,50,0,0,0,0,0,0,0,19.36787223815918,17179869184,22548578304,4328112128,21248278528
309,1729575412989,3228,3228,3228,3228,3228,3228,3228,3228,65.2999038696289,62.495758056640625,64.0483627319336,65.69109344482422,65.10418701171875,63.686344146728516,63.65918731689453,64.88579559326172,65.04887390136719,64.47936248779297,0,0,100,0,0,0,0,0,19.36787223815918,17179869184,22548578304,4328112128,21248278528
309,1729575413299,3228,3228,3228,3228,3228,3228,3228,3228,65.2999038696289,62.495758056640625,64.0483627319336,65.69109344482422,65.10418701171875,63.686344146728516,63.65918731689453,64.88579559326172,65.04887390136719,64.47936248779297,86.66666412353516,90.32257843017578,93.75,90.32257843017578,90.32257843017578,90.625,90.32257843017578,93.33333587646484,7.370431423187256,17179869184,22548578304,4328112128,21248278528
10,1729575413609,3228,3228,3228,3228,3228,3228,3228,3228,65.2999038696289,62.495758056640625,64.0483627319336,65.69109344482422,65.10418701171875,63.686344146728516,63.65918731689453,64.88579559326172,65.04887390136719,64.47936248779297,12.121212005615234,6.6666669845581055,45.16128921508789,29.032257080078125,16.129032135009766,23.33333396911621,12.90322494506836,6.45161247253418,7.370431423187256,17179869184,22548578304,4326703104,21248278528
