Delta,Time,CPU_FREQUENCY_0,CPU_FREQUENCY_1,CPU_FREQUENCY_2,CPU_FREQUENCY_3,CPU_FREQUENCY_4,CPU_FREQUENCY_5,CPU_FREQUENCY_6,CPU_FREQUENCY_7,CPU_TEMP_0,CPU_TEMP_1,CPU_TEMP_2,CPU_TEMP_3,CPU_TEMP_4,CPU_TEMP_5,CPU_TEMP_6,CPU_TEMP_7,CPU_TEMP_8,CPU_TEMP_9,CPU_USAGE_0,CPU_USAGE_1,CPU_USAGE_2,CPU_USAGE_3,CPU_USAGE_4,CPU_USAGE_5,CPU_USAGE_6,CPU_USAGE_7,SYSTEM_POWER (Watts),TOTAL_MEMORY,TOTAL_SWAP,USED_MEMORY,USED_SWAP
0,1729551607699,3228,3228,3228,3228,3228,3228,3228,3228,68.2261962890625,62.91800308227539,72.10408782958984,74.3291015625,72.06060791015625,66.46263122558594,69.25723266601563,67.24992370605469,65.71104431152344,64.61996459960938,50,50,66.66667175292969,50,0,50,0,100,21.611604690551758,17179869184,21474836480,6391070720,20758528000
309,1729551607699,3228,3228,3228,3228,3228,3228,3228,3228,68.2261962890625,62.91800308227539,72.10408782958984,74.3291015625,72.06060791015625,66.46263122558594,69.25723266601563,67.24992370605469,65.71104431152344,64.61996459960938,0,0,100,100,NaN,100,100,0,21.611604690551758,17179869184,21474836480,6393135104,20758528000
309,1729551608009,3228,3228,3228,3228,3228,3228,3228,3228,68.2261962890625,62.91800308227539,72.10408782958984,74.3291015625,72.06060791015625,66.46263122558594,69.25723266601563,67.24992370605469,65.71104431152344,64.61996459960938,93.54838562011719,93.33333587646484,96.7741928100586,100,96.96969604492188,100,100,96.875,16.54355239868164,17179869184,21474836480,6447316992,20758528000
309,1729551608319,3228,3228,3228,3228,3228,3228,3228,3228,69.476318359375,67.42285919189453,74.04511260986328,77.20840454101563,72.70999145507813,67.98539733886719,75.04295349121094,75.6607666015625,72.93329620361328,68.78924560546875,20.689655303955078,16.129032135009766,90,87.09677124023438,86.20689392089844,90.32257843017578,84.375,83.33332824707031,16.54355239868164,17179869184,21474836480,6451560448,20758528000
9,1729551608629,3228,3228,3228,3228,3228,3228,3228,3228,69.476318359375,67.42285919189453,74.04511260986328,77.20840454101563,72.70999145507813,67.98539733886719,75.04295349121094,75.6607666015625,72.93329620361328,68.78924560546875,25.80644989013672,23.33333396911621,90.32257843017578,83.33332824707031,84.375,76.66666412353516,66.66667175292969,51.61289978027344,16.54355239868164,17179869184,21474836480,6387417088,20758528000
