Delta,Time,CPU_FREQUENCY_0,CPU_FREQUENCY_1,CPU_FREQUENCY_2,CPU_FREQUENCY_3,CPU_FREQUENCY_4,CPU_FREQUENCY_5,CPU_FREQUENCY_6,CPU_FREQUENCY_7,CPU_TEMP_0,CPU_TEMP_1,CPU_TEMP_2,CPU_TEMP_3,CPU_TEMP_4,CPU_TEMP_5,CPU_TEMP_6,CPU_TEMP_7,CPU_TEMP_8,CPU_TEMP_9,CPU_USAGE_0,CPU_USAGE_1,CPU_USAGE_2,CPU_USAGE_3,CPU_USAGE_4,CPU_USAGE_5,CPU_USAGE_6,CPU_USAGE_7,SYSTEM_POWER (Watts),TOTAL_MEMORY,TOTAL_SWAP,USED_MEMORY,USED_SWAP
0,1729539353599,3228,3228,3228,3228,3228,3228,3228,3228,64.83277893066406,62.69551086425781,63.969993591308594,65.0992202758789,65.76235961914063,63.7641716003418,63.47074890136719,63.4452018737793,66.47671508789063,65.08340454101563,50,0,0,0,0,0,0,0,4.718324661254883,17179869184,21474836480,5711233024,20377894912
309,1729539353599,3228,3228,3228,3228,3228,3228,3228,3228,64.83277893066406,62.69551086425781,63.969993591308594,65.0992202758789,65.76235961914063,63.7641716003418,63.47074890136719,63.4452018737793,66.47671508789063,65.08340454101563,0,0,100,100,0,0,0,0,4.718324661254883,17179869184,21474836480,5712855040,20377894912
10,1729539353909,3228,3228,3228,3228,3228,3228,3228,3228,64.83277893066406,62.69551086425781,63.969993591308594,65.0992202758789,65.76235961914063,63.7641716003418,63.47074890136719,63.4452018737793,66.47671508789063,65.08340454101563,6.45161247253418,6.25,68.75,56.66666793823242,54.83871078491211,60.000003814697266,41.935482025146484,13.333333969116211,4.718324661254883,17179869184,21474836480,5730615296,20377894912
