Delta,Time,CPU_FREQUENCY_0,CPU_FREQUENCY_1,CPU_FREQUENCY_2,CPU_FREQUENCY_3,CPU_FREQUENCY_4,CPU_FREQUENCY_5,CPU_FREQUENCY_6,CPU_FREQUENCY_7,CPU_TEMP_0,CPU_TEMP_1,CPU_TEMP_2,CPU_TEMP_3,CPU_TEMP_4,CPU_TEMP_5,CPU_TEMP_6,CPU_TEMP_7,CPU_TEMP_8,CPU_TEMP_9,CPU_USAGE_0,CPU_USAGE_1,CPU_USAGE_2,CPU_USAGE_3,CPU_USAGE_4,CPU_USAGE_5,CPU_USAGE_6,CPU_USAGE_7,SYSTEM_POWER (Watts),TOTAL_MEMORY,TOTAL_SWAP,USED_MEMORY,USED_SWAP
0,1729582681380,3228,3228,3228,3228,3228,3228,3228,3228,62.62227249145508,60.42877197265625,61.47015380859375,63.55263137817383,63.5357666015625,61.698123931884766,60.615989685058594,62.444007873535156,63.45128631591797,63.01213073730469,NaN,0,50,0,0,0,0,0,5.934366226196289,17179869184,22548578304,4806066176,21153120256
309,1729582681380,3228,3228,3228,3228,3228,3228,3228,3228,62.62227249145508,60.42877197265625,61.47015380859375,63.55263137817383,63.5357666015625,61.698123931884766,60.615989685058594,62.444007873535156,63.45128631591797,63.01213073730469,0,NaN,0,NaN,NaN,50,0,0,5.934366226196289,17179869184,22548578304,4808294400,21153120256
9,1729582681690,3228,3228,3228,3228,3228,3228,3228,3228,62.62227249145508,60.42877197265625,61.47015380859375,63.55263137817383,63.5357666015625,61.698123931884766,60.615989685058594,62.444007873535156,63.45128631591797,63.01213073730469,20,21.875,33.333335876464844,43.75,28.125,10,3.22580623626709,3.22580623626709,5.030831813812256,17179869184,22548578304,4855726080,21153120256
