Delta,Time,CPU_FREQUENCY_0,CPU_FREQUENCY_1,CPU_FREQUENCY_2,CPU_FREQUENCY_3,CPU_FREQUENCY_4,CPU_FREQUENCY_5,CPU_FREQUENCY_6,CPU_FREQUENCY_7,CPU_TEMP_0,CPU_TEMP_1,CPU_TEMP_2,CPU_TEMP_3,CPU_TEMP_4,CPU_TEMP_5,CPU_TEMP_6,CPU_TEMP_7,CPU_TEMP_8,CPU_TEMP_9,CPU_USAGE_0,CPU_USAGE_1,CPU_USAGE_2,CPU_USAGE_3,CPU_USAGE_4,CPU_USAGE_5,CPU_USAGE_6,CPU_USAGE_7,SYSTEM_POWER (Watts),TOTAL_MEMORY,TOTAL_SWAP,USED_MEMORY,USED_SWAP
0,1729577369492,3228,3228,3228,3228,3228,3228,3228,3228,61.925907135009766,59.210296630859375,60.155487060546875,62.01527404785156,61.55357360839844,60.39305877685547,60.15337371826172,60.4604606628418,61.91132354736328,61.84638977050781,50,50,0,0,0,0,0,0,4.663283824920654,17179869184,22548578304,5120311296,21248278528
306,1729577369492,3228,3228,3228,3228,3228,3228,3228,3228,61.925907135009766,59.210296630859375,60.155487060546875,62.01527404785156,61.55357360839844,60.39305877685547,60.15337371826172,60.4604606628418,61.91132354736328,61.84638977050781,0,0,0,100,0,0,NaN,0,4.663283824920654,17179869184,22548578304,5120311296,21248278528
309,1729577369799,3228,3228,3228,3228,3228,3228,3228,3228,61.925907135009766,59.210296630859375,60.155487060546875,62.01527404785156,61.55357360839844,60.39305877685547,60.15337371826172,60.4604606628418,61.91132354736328,61.84638977050781,73.33333587646484,67.74193572998047,87.09677124023438,80,76.66666412353516,76.66666412353516,71.875,70,4.663283824920654,17179869184,22548578304,5120311296,21248278528
13,1729577370109,3228,3228,3228,3228,3228,3228,3228,3228,63.870487213134766,61.162635803222656,64.17857360839844,66.06655883789063,64.47400665283203,61.83989715576172,63.85612487792969,63.87554168701172,64.15909576416016,63.455589294433594,19.35483741760254,20,38.70967483520508,18.75,12.5,9.375,0,0,4.663283824920654,17179869184,22548578304,5130387456,21248278528
