Delta,Time,CPU_FREQUENCY_0,CPU_FREQUENCY_1,CPU_FREQUENCY_2,CPU_FREQUENCY_3,CPU_FREQUENCY_4,CPU_FREQUENCY_5,CPU_FREQUENCY_6,CPU_FREQUENCY_7,CPU_TEMP_0,CPU_TEMP_1,CPU_TEMP_2,CPU_TEMP_3,CPU_TEMP_4,CPU_TEMP_5,CPU_TEMP_6,CPU_TEMP_7,CPU_TEMP_8,CPU_TEMP_9,CPU_USAGE_0,CPU_USAGE_1,CPU_USAGE_2,CPU_USAGE_3,CPU_USAGE_4,CPU_USAGE_5,CPU_USAGE_6,CPU_USAGE_7,SYSTEM_POWER (Watts),TOTAL_MEMORY,TOTAL_SWAP,USED_MEMORY,USED_SWAP
0,1729538769251,3228,3228,3228,3228,3228,3228,3228,3228,59.15115737915039,56.49155044555664,58.359718322753906,59.1010856628418,60.31230926513672,57.29776382446289,57.362762451171875,57.72543716430664,60.73777389526367,58.892539978027344,50,0,0,0,0,0,0,0,22.658105850219727,17179869184,21474836480,5388075008,20377894912
309,1729538769251,3228,3228,3228,3228,3228,3228,3228,3228,59.15115737915039,56.49155044555664,58.359718322753906,59.1010856628418,60.31230926513672,57.29776382446289,57.362762451171875,57.72543716430664,60.73777389526367,58.892539978027344,0,0,NaN,0,NaN,0,0,0,22.658105850219727,17179869184,21474836480,5391007744,20377894912
9,1729538769561,3228,3228,3228,3228,3228,3228,3228,3228,59.15115737915039,56.49155044555664,58.359718322753906,59.1010856628418,60.31230926513672,57.29776382446289,57.362762451171875,57.72543716430664,60.73777389526367,58.892539978027344,12.90322494506836,9.67741870880127,46.875,58.06451416015625,40.625,31.25,9.67741870880127,3.22580623626709,8.800950050354004,17179869184,21474836480,5391007744,20377894912
