Delta,Time,CPU_FREQUENCY_0,CPU_FREQUENCY_1,CPU_FREQUENCY_2,CPU_FREQUENCY_3,CPU_FREQUENCY_4,CPU_FREQUENCY_5,CPU_FREQUENCY_6,CPU_FREQUENCY_7,CPU_TEMP_0,CPU_TEMP_1,CPU_TEMP_2,CPU_TEMP_3,CPU_TEMP_4,CPU_TEMP_5,CPU_TEMP_6,CPU_TEMP_7,CPU_TEMP_8,CPU_TEMP_9,CPU_USAGE_0,CPU_USAGE_1,CPU_USAGE_2,CPU_USAGE_3,CPU_USAGE_4,CPU_USAGE_5,CPU_USAGE_6,CPU_USAGE_7,SYSTEM_POWER (Watts),TOTAL_MEMORY,TOTAL_SWAP,USED_MEMORY,USED_SWAP
0,1729598523189,3228,3228,3228,3228,3228,3228,3228,3228,74.85579681396484,71.43572235107422,81.12122344970703,82.89106750488281,78.38306427001953,72.68990325927734,78.81501770019531,80.72090148925781,74.0665054321289,72.45909881591797,0,0,100,NaN,66.66667175292969,100,0,NaN,23.949026107788086,17179869184,22548578304,5484380160,20968570880
309,1729598523189,3228,3228,3228,3228,3228,3228,3228,3228,74.85579681396484,71.43572235107422,81.12122344970703,82.89106750488281,78.38306427001953,72.68990325927734,78.81501770019531,80.72090148925781,74.0665054321289,72.45909881591797,0,0,NaN,100,NaN,50,100,0,23.949026107788086,17179869184,22548578304,5487951872,20968570880
309,1729598523499,3228,3228,3228,3228,3228,3228,3228,3228,74.37783813476563,72.53083038330078,78.91984558105469,80.94962310791016,77.03326416015625,72.36990356445313,79.00895690917969,79.58627319335938,75.67109680175781,73.29405212402344,58.06451416015625,58.06451416015625,90.625,90,93.33333587646484,83.87096405029297,80,66.66667175292969,23.949026107788086,17179869184,22548578304,5487951872,20968570880
308,1729598523809,3228,3228,3228,3228,3228,3228,3228,3228,74.37783813476563,72.53083038330078,78.91984558105469,80.94962310791016,77.03326416015625,72.36990356445313,79.00895690917969,79.58627319335938,75.67109680175781,73.29405212402344,54.83871078491211,51.61289978027344,96.7741928100586,96.7741928100586,93.54838562011719,96.7741928100586,93.75,68.75,23.949026107788086,17179869184,22548578304,5904941056,20968570880
9,1729598524117,3228,3228,3228,3228,3228,3228,3228,3228,74.37783813476563,72.53083038330078,78.91984558105469,80.94962310791016,77.03326416015625,72.36990356445313,79.00895690917969,79.58627319335938,75.67109680175781,73.29405212402344,16.666667938232422,19.35483741760254,93.54838562011719,90,87.09677124023438,89.6551742553711,13.333333969116211,6.6666669845581055,26.907005310058594,17179869184,22548578304,5681037312,20968570880
