Delta,Time,CPU_FREQUENCY_0,CPU_FREQUENCY_1,CPU_FREQUENCY_2,CPU_FREQUENCY_3,CPU_FREQUENCY_4,CPU_FREQUENCY_5,CPU_FREQUENCY_6,CPU_FREQUENCY_7,CPU_TEMP_0,CPU_TEMP_1,CPU_TEMP_2,CPU_TEMP_3,CPU_TEMP_4,CPU_TEMP_5,CPU_TEMP_6,CPU_TEMP_7,CPU_TEMP_8,CPU_TEMP_9,CPU_USAGE_0,CPU_USAGE_1,CPU_USAGE_2,CPU_USAGE_3,CPU_USAGE_4,CPU_USAGE_5,CPU_USAGE_6,CPU_USAGE_7,SYSTEM_POWER (Watts),TOTAL_MEMORY,TOTAL_SWAP,USED_MEMORY,USED_SWAP
0,1729591870157,3228,3228,3228,3228,3228,3228,3228,3228,69.39704895019531,64.74116516113281,73.1082534790039,74.12963104248047,71.21501922607422,66.52803802490234,67.59187316894531,68.99151611328125,66.87925720214844,67.0130615234375,0,50,0,0,0,0,0,0,24.154523849487305,17179869184,22548578304,5777768448,21060845568
306,1729591870157,3228,3228,3228,3228,3228,3228,3228,3228,69.39704895019531,64.74116516113281,73.1082534790039,74.12963104248047,71.21501922607422,66.52803802490234,67.59187316894531,68.99151611328125,66.87925720214844,67.0130615234375,100,NaN,NaN,100,50,0,50,0,24.154523849487305,17179869184,22548578304,5779619840,21060845568
9,1729591870464,3228,3228,3228,3228,3228,3228,3228,3228,65.56443786621094,62.91400909423828,66.59738159179688,67.05069732666016,65.55106353759766,62.89417266845703,63.04247283935547,64.7886962890625,65.18403625488281,65.14566802978516,25.80644989013672,16.666667938232422,53.333335876464844,23.33333396911621,13.333333969116211,9.67741870880127,0,3.22580623626709,24.154523849487305,17179869184,22548578304,5793054720,21060845568
