Delta,Time,CPU_FREQUENCY_0,CPU_FREQUENCY_1,CPU_FREQUENCY_2,CPU_FREQUENCY_3,CPU_FREQUENCY_4,CPU_FREQUENCY_5,CPU_FREQUENCY_6,CPU_FREQUENCY_7,CPU_TEMP_0,CPU_TEMP_1,CPU_TEMP_2,CPU_TEMP_3,CPU_TEMP_4,CPU_TEMP_5,CPU_TEMP_6,CPU_TEMP_7,CPU_TEMP_8,CPU_TEMP_9,CPU_USAGE_0,CPU_USAGE_1,CPU_USAGE_2,CPU_USAGE_3,CPU_USAGE_4,CPU_USAGE_5,CPU_USAGE_6,CPU_USAGE_7,SYSTEM_POWER (Watts),TOTAL_MEMORY,TOTAL_SWAP,USED_MEMORY,USED_SWAP
0,1729589100694,3228,3228,3228,3228,3228,3228,3228,3228,61.68020248413086,59.040138244628906,60.20890808105469,61.19587707519531,61.360984802246094,60.13521957397461,58.85793685913086,60.444374084472656,61.000648498535156,60.93644714355469,0,0,100,NaN,0,100,50,0,4.608573913574219,17179869184,22548578304,4630806528,21069234176
308,1729589100694,3228,3228,3228,3228,3228,3228,3228,3228,61.68020248413086,59.040138244628906,60.20890808105469,61.19587707519531,61.360984802246094,60.13521957397461,58.85793685913086,60.444374084472656,61.000648498535156,60.93644714355469,0,0,100,100,100,100,NaN,0,4.608573913574219,17179869184,22548578304,4630806528,21069234176
300,1729589101003,3228,3228,3228,3228,3228,3228,3228,3228,61.68020248413086,59.040138244628906,60.20890808105469,61.19587707519531,61.360984802246094,60.13521957397461,58.85793685913086,60.444374084472656,61.000648498535156,60.93644714355469,80.6451644897461,77.41934967041016,93.75,93.54838562011719,93.54838562011719,90.625,87.09677124023438,90.32257843017578,4.608573913574219,17179869184,22548578304,4630806528,21069234176
9,1729589101303,3228,3228,3228,3228,3228,3228,3228,3228,65.96800994873047,63.29861831665039,68.61695098876953,70.45460510253906,67.4682846069336,63.9147834777832,67.05903625488281,68.21330261230469,66.1944580078125,64.11666870117188,36.66666793823242,38.70967483520508,100,96.66666412353516,93.10344696044922,96.55171966552734,86.66666412353516,80,4.608573913574219,17179869184,22548578304,4655464448,21069234176
