Delta,Time,CPU_FREQUENCY_0,CPU_FREQUENCY_1,CPU_FREQUENCY_2,CPU_FREQUENCY_3,CPU_FREQUENCY_4,CPU_FREQUENCY_5,CPU_FREQUENCY_6,CPU_FREQUENCY_7,CPU_TEMP_0,CPU_TEMP_1,CPU_TEMP_2,CPU_TEMP_3,CPU_TEMP_4,CPU_TEMP_5,CPU_TEMP_6,CPU_TEMP_7,CPU_TEMP_8,CPU_TEMP_9,CPU_USAGE_0,CPU_USAGE_1,CPU_USAGE_2,CPU_USAGE_3,CPU_USAGE_4,CPU_USAGE_5,CPU_USAGE_6,CPU_USAGE_7,SYSTEM_POWER (Watts),TOTAL_MEMORY,TOTAL_SWAP,USED_MEMORY,USED_SWAP
0,1729533948607,3228,3228,3228,3228,3228,3228,3228,3228,59.029605865478516,55.79869079589844,60.332435607910156,62.14950180053711,60.63404846191406,57.5357551574707,58.24087142944336,58.506710052490234,58.51974868774414,58.547821044921875,0,50,NaN,100,100,100,100,0,4.869509696960449,17179869184,19327352832,7480197120,18674745344
306,1729533948607,3228,3228,3228,3228,3228,3228,3228,3228,59.029605865478516,55.79869079589844,60.332435607910156,62.14950180053711,60.63404846191406,57.5357551574707,58.24087142944336,58.506710052490234,58.51974868774414,58.547821044921875,NaN,NaN,100,100,NaN,100,NaN,100,4.869509696960449,17179869184,19327352832,7480197120,18674745344
302,1729533948914,3228,3228,3228,3228,3228,3228,3228,3228,64.93096160888672,62.95432662963867,70.32733917236328,72.76470184326172,69.28986358642578,63.623600006103516,71.53031921386719,71.89832305908203,67.70878601074219,64.50746154785156,83.87096405029297,80,100,100,100,100,100,100,4.869509696960449,17179869184,19327352832,7480197120,18674745344
308,1729533949216,3228,3228,3228,3228,3228,3228,3228,3228,64.93096160888672,62.95432662963867,70.32733917236328,72.76470184326172,69.28986358642578,63.623600006103516,71.53031921386719,71.89832305908203,67.70878601074219,64.50746154785156,76.66666412353516,74.19355010986328,96.7741928100586,96.66666412353516,96.66666412353516,96.66666412353516,93.33333587646484,93.54838562011719,4.869509696960449,17179869184,19327352832,9389277184,18674745344
9,1729533949525,3228,3228,3228,3228,3228,3228,3228,3228,64.93096160888672,62.95432662963867,70.32733917236328,72.76470184326172,69.28986358642578,63.623600006103516,71.53031921386719,71.89832305908203,67.70878601074219,64.50746154785156,40,43.33333206176758,100,96.7741928100586,96.7741928100586,90.625,87.09677124023438,63.33333206176758,21.865522384643555,17179869184,19327352832,7625998336,18674745344
