Delta,Time,CPU_FREQUENCY_0,CPU_FREQUENCY_1,CPU_FREQUENCY_2,CPU_FREQUENCY_3,CPU_FREQUENCY_4,CPU_FREQUENCY_5,CPU_FREQUENCY_6,CPU_FREQUENCY_7,CPU_TEMP_0,CPU_TEMP_1,CPU_TEMP_2,CPU_TEMP_3,CPU_TEMP_4,CPU_TEMP_5,CPU_TEMP_6,CPU_TEMP_7,CPU_TEMP_8,CPU_TEMP_9,CPU_USAGE_0,CPU_USAGE_1,CPU_USAGE_2,CPU_USAGE_3,CPU_USAGE_4,CPU_USAGE_5,CPU_USAGE_6,CPU_USAGE_7,SYSTEM_POWER (Watts),TOTAL_MEMORY,TOTAL_SWAP,USED_MEMORY,USED_SWAP
0,1729547032287,3228,3228,3228,3228,3228,3228,3228,3228,69.56879425048828,66.24272918701172,74.46041107177734,75.85174560546875,72.08489227294922,67.3049545288086,73.5936279296875,73.14549255371094,69.86280059814453,67.71171569824219,0,0,100,0,0,0,0,0,6.026296615600586,17179869184,21474836480,5459771392,20235288576
308,1729547032287,3228,3228,3228,3228,3228,3228,3228,3228,69.56879425048828,66.24272918701172,74.46041107177734,75.85174560546875,72.08489227294922,67.3049545288086,73.5936279296875,73.14549255371094,69.86280059814453,67.71171569824219,0,0,100,100,NaN,0,0,50,6.026296615600586,17179869184,21474836480,5459771392,20235288576
309,1729547032596,3228,3228,3228,3228,3228,3228,3228,3228,69.56879425048828,66.24272918701172,74.46041107177734,75.85174560546875,72.08489227294922,67.3049545288086,73.5936279296875,73.14549255371094,69.86280059814453,67.71171569824219,93.54838562011719,93.54838562011719,100,96.7741928100586,96.7741928100586,96.7741928100586,96.66666412353516,90,6.026296615600586,17179869184,21474836480,5459771392,20235288576
9,1729547032906,3228,3228,3228,3228,3228,3228,3228,3228,69.56879425048828,66.24272918701172,74.46041107177734,75.85174560546875,72.08489227294922,67.3049545288086,73.5936279296875,73.14549255371094,69.86280059814453,67.71171569824219,6.6666669845581055,9.67741870880127,68.75,22.580644607543945,21.875,29.032257080078125,21.875,6.25,24.144567489624023,17179869184,21474836480,5469241344,20235288576
