Delta,Time,CPU_FREQUENCY_0,CPU_FREQUENCY_1,CPU_FREQUENCY_2,CPU_FREQUENCY_3,CPU_FREQUENCY_4,CPU_FREQUENCY_5,CPU_FREQUENCY_6,CPU_FREQUENCY_7,CPU_TEMP_0,CPU_TEMP_1,CPU_TEMP_2,CPU_TEMP_3,CPU_TEMP_4,CPU_TEMP_5,CPU_TEMP_6,CPU_TEMP_7,CPU_TEMP_8,CPU_TEMP_9,CPU_USAGE_0,CPU_USAGE_1,CPU_USAGE_2,CPU_USAGE_3,CPU_USAGE_4,CPU_USAGE_5,CPU_USAGE_6,CPU_USAGE_7,SYSTEM_POWER (Watts),TOTAL_MEMORY,TOTAL_SWAP,USED_MEMORY,USED_SWAP
0,1729537188004,3228,3228,3228,3228,3228,3228,3228,3228,65.97562408447266,63.20817565917969,70.821533203125,72.54232788085938,69.12995147705078,64.64018249511719,70.05567169189453,70.68405151367188,67.60907745361328,65.3363265991211,NaN,NaN,NaN,NaN,100,NaN,100,100,21.486982345581055,17179869184,20401094656,7208304640,19915210752
302,1729537188004,3228,3228,3228,3228,3228,3228,3228,3228,65.97562408447266,63.20817565917969,70.821533203125,72.54232788085938,69.12995147705078,64.64018249511719,70.05567169189453,70.68405151367188,67.60907745361328,65.3363265991211,50,0,100,100,NaN,100,NaN,100,21.486982345581055,17179869184,20401094656,7211466752,19915210752
7,1729537188306,3228,3228,3228,3228,3228,3228,3228,3228,65.97562408447266,63.20817565917969,70.821533203125,72.54232788085938,69.12995147705078,64.64018249511719,70.05567169189453,70.68405151367188,67.60907745361328,65.3363265991211,23.33333396911621,20,86.66666412353516,87.09677124023438,87.09677124023438,89.6551742553711,83.87096405029297,76.66666412353516,21.486982345581055,17179869184,20401094656,7227359232,19915210752
