Delta,Time,CPU_FREQUENCY_0,CPU_FREQUENCY_1,CPU_FREQUENCY_2,CPU_FREQUENCY_3,CPU_FREQUENCY_4,CPU_FREQUENCY_5,CPU_FREQUENCY_6,CPU_FREQUENCY_7,CPU_TEMP_0,CPU_TEMP_1,CPU_TEMP_2,CPU_TEMP_3,CPU_TEMP_4,CPU_TEMP_5,CPU_TEMP_6,CPU_TEMP_7,CPU_TEMP_8,CPU_TEMP_9,CPU_USAGE_0,CPU_USAGE_1,CPU_USAGE_2,CPU_USAGE_3,CPU_USAGE_4,CPU_USAGE_5,CPU_USAGE_6,CPU_USAGE_7,SYSTEM_POWER (Watts),TOTAL_MEMORY,TOTAL_SWAP,USED_MEMORY,USED_SWAP
0,1729578497921,3228,3228,3228,3228,3228,3228,3228,3228,61.622249603271484,59.084564208984375,59.986228942871094,61.64131546020508,61.95600128173828,59.50031280517578,59.27178192138672,60.01990509033203,61.81184387207031,61.13794708251953,NaN,50,50,0,0,0,0,0,24.61452865600586,17179869184,22548578304,4760633344,21248278528
308,1729578497922,3228,3228,3228,3228,3228,3228,3228,3228,61.622249603271484,59.084564208984375,59.986228942871094,61.64131546020508,61.95600128173828,59.50031280517578,59.27178192138672,60.01990509033203,61.81184387207031,61.13794708251953,0,0,NaN,NaN,0,0,0,0,24.61452865600586,17179869184,22548578304,4762714112,21248278528
309,1729578498231,3228,3228,3228,3228,3228,3228,3228,3228,61.622249603271484,59.084564208984375,59.986228942871094,61.64131546020508,61.95600128173828,59.50031280517578,59.27178192138672,60.01990509033203,61.81184387207031,61.13794708251953,87.5,90,93.75,93.54838562011719,93.33333587646484,90.32257843017578,90.32257843017578,87.09677124023438,24.61452865600586,17179869184,22548578304,4794122240,21248278528
10,1729578498541,3228,3228,3228,3228,3228,3228,3228,3228,61.622249603271484,59.084564208984375,59.986228942871094,61.64131546020508,61.95600128173828,59.50031280517578,59.27178192138672,60.01990509033203,61.81184387207031,61.13794708251953,13.333333969116211,12.90322494506836,50,23.33333396911621,29.032257080078125,25.80644989013672,13.333333969116211,0,10.673134803771973,17179869184,22548578304,4758274048,21248278528
