Delta,Time,CPU_FREQUENCY_0,CPU_FREQUENCY_1,CPU_FREQUENCY_2,CPU_FREQUENCY_3,CPU_FREQUENCY_4,CPU_FREQUENCY_5,CPU_FREQUENCY_6,CPU_FREQUENCY_7,CPU_TEMP_0,CPU_TEMP_1,CPU_TEMP_2,CPU_TEMP_3,CPU_TEMP_4,CPU_TEMP_5,CPU_TEMP_6,CPU_TEMP_7,CPU_TEMP_8,CPU_TEMP_9,CPU_USAGE_0,CPU_USAGE_1,CPU_USAGE_2,CPU_USAGE_3,CPU_USAGE_4,CPU_USAGE_5,CPU_USAGE_6,CPU_USAGE_7,SYSTEM_POWER (Watts),TOTAL_MEMORY,TOTAL_SWAP,USED_MEMORY,USED_SWAP
0,1729598674369,3228,3228,3228,3228,3228,3228,3228,3228,66.6801986694336,63.41209411621094,72.53286743164063,74.2535629272461,70.43827056884766,64.69194030761719,71.830078125,72.82759857177734,67.09904479980469,64.99539947509766,NaN,NaN,100,100,NaN,100,100,100,7.717105388641357,17179869184,22548578304,4673306624,20968570880
308,1729598674369,3228,3228,3228,3228,3228,3228,3228,3228,66.6801986694336,63.41209411621094,72.53286743164063,74.2535629272461,70.43827056884766,64.69194030761719,71.830078125,72.82759857177734,67.09904479980469,64.99539947509766,50,0,NaN,50,50,NaN,NaN,NaN,7.717105388641357,17179869184,22548578304,4673306624,20968570880
309,1729598674678,3228,3228,3228,3228,3228,3228,3228,3228,66.6801986694336,63.41209411621094,72.53286743164063,74.2535629272461,70.43827056884766,64.69194030761719,71.830078125,72.82759857177734,67.09904479980469,64.99539947509766,53.333335876464844,51.61289978027344,87.09677124023438,86.66666412353516,83.33332824707031,80.6451644897461,80.6451644897461,64.51612854003906,7.717105388641357,17179869184,22548578304,4673306624,20968570880
306,1729598674988,3228,3228,3228,3228,3228,3228,3228,3228,66.6801986694336,63.41209411621094,72.53286743164063,74.2535629272461,70.43827056884766,64.69194030761719,71.830078125,72.82759857177734,67.09904479980469,64.99539947509766,48.3870964050293,40,89.6551742553711,80,70.96774291992188,67.74193572998047,51.61289978027344,48.3870964050293,28.51327133178711,17179869184,22548578304,5931220992,20968570880
9,1729598675295,3228,3228,3228,3228,3228,3228,3228,3228,66.6801986694336,63.41209411621094,72.53286743164063,74.2535629272461,70.43827056884766,64.69194030761719,71.830078125,72.82759857177734,67.09904479980469,64.99539947509766,33.333335876464844,35.48387145996094,59.375,40.625,40,9.67741870880127,3.22580623626709,0,28.51327133178711,17179869184,22548578304,4874682368,20968570880
