Delta,Time,CPU_FREQUENCY_0,CPU_FREQUENCY_1,CPU_FREQUENCY_2,CPU_FREQUENCY_3,CPU_FREQUENCY_4,CPU_FREQUENCY_5,CPU_FREQUENCY_6,CPU_FREQUENCY_7,CPU_TEMP_0,CPU_TEMP_1,CPU_TEMP_2,CPU_TEMP_3,CPU_TEMP_4,CPU_TEMP_5,CPU_TEMP_6,CPU_TEMP_7,CPU_TEMP_8,CPU_TEMP_9,CPU_USAGE_0,CPU_USAGE_1,CPU_USAGE_2,CPU_USAGE_3,CPU_USAGE_4,CPU_USAGE_5,CPU_USAGE_6,CPU_USAGE_7,SYSTEM_POWER (Watts),TOTAL_MEMORY,TOTAL_SWAP,USED_MEMORY,USED_SWAP
0,1729557764468,3228,3228,3228,3228,3228,3228,3228,3228,65.347900390625,63.02384948730469,64.68932342529297,64.83732604980469,65.47703552246094,64.19819641113281,63.695743560791016,64.43605041503906,65.91999816894531,65.46695709228516,0,50,0,50,0,0,0,0,4.768398284912109,17179869184,22548578304,3829678080,21348941824
309,1729557764468,3228,3228,3228,3228,3228,3228,3228,3228,65.347900390625,63.02384948730469,64.68932342529297,64.83732604980469,65.47703552246094,64.19819641113281,63.695743560791016,64.43605041503906,65.91999816894531,65.46695709228516,NaN,0,NaN,0,0,0,0,0,4.768398284912109,17179869184,22548578304,3832020992,21348941824
9,1729557764778,3228,3228,3228,3228,3228,3228,3228,3228,65.347900390625,63.02384948730469,64.68932342529297,64.83732604980469,65.47703552246094,64.19819641113281,63.695743560791016,64.43605041503906,65.91999816894531,65.46695709228516,16.129032135009766,19.35483741760254,58.06451416015625,58.06451416015625,33.333335876464844,32.25806427001953,16.129032135009766,9.67741870880127,4.768398284912109,17179869184,22548578304,3879911424,21348941824
