Delta,Time,CPU_FREQUENCY_0,CPU_FREQUENCY_1,CPU_FREQUENCY_2,CPU_FREQUENCY_3,CPU_FREQUENCY_4,CPU_FREQUENCY_5,CPU_FREQUENCY_6,CPU_FREQUENCY_7,CPU_TEMP_0,CPU_TEMP_1,CPU_TEMP_2,CPU_TEMP_3,CPU_TEMP_4,CPU_TEMP_5,CPU_TEMP_6,CPU_TEMP_7,CPU_TEMP_8,CPU_TEMP_9,CPU_USAGE_0,CPU_USAGE_1,CPU_USAGE_2,CPU_USAGE_3,CPU_USAGE_4,CPU_USAGE_5,CPU_USAGE_6,CPU_USAGE_7,SYSTEM_POWER (Watts),TOTAL_MEMORY,TOTAL_SWAP,USED_MEMORY,USED_SWAP
0,1729572240703,3228,3228,3228,3228,3228,3228,3228,3228,64.89311218261719,61.43564987182617,66.9103012084961,67.6104507446289,66.01457214355469,62.9112434387207,64.45785522460938,64.1945571899414,63.36921691894531,63.071067810058594,0,NaN,0,0,0,0,0,0,20.901729583740234,17179869184,22548578304,4174217216,21248278528
309,1729572240703,3228,3228,3228,3228,3228,3228,3228,3228,64.89311218261719,61.43564987182617,66.9103012084961,67.6104507446289,66.01457214355469,62.9112434387207,64.45785522460938,64.1945571899414,63.36921691894531,63.071067810058594,100,0,100,50,0,0,0,0,20.901729583740234,17179869184,22548578304,4176494592,21248278528
9,1729572241013,3228,3228,3228,3228,3228,3228,3228,3228,64.09056854248047,60.414451599121094,65.67340087890625,66.26261901855469,65.36642456054688,62.35676193237305,62.243595123291016,62.179996490478516,62.12726593017578,62.25678253173828,23.33333396911621,20,96.66666412353516,90,89.6551742553711,86.66666412353516,63.33333206176758,28.125,20.901729583740234,17179869184,22548578304,4197711872,21248278528
