Delta,Time,CPU_FREQUENCY_0,CPU_FREQUENCY_1,CPU_FREQUENCY_2,CPU_FREQUENCY_3,CPU_FREQUENCY_4,CPU_FREQUENCY_5,CPU_FREQUENCY_6,CPU_FREQUENCY_7,CPU_TEMP_0,CPU_TEMP_1,CPU_TEMP_2,CPU_TEMP_3,CPU_TEMP_4,CPU_TEMP_5,CPU_TEMP_6,CPU_TEMP_7,CPU_TEMP_8,CPU_TEMP_9,CPU_USAGE_0,CPU_USAGE_1,CPU_USAGE_2,CPU_USAGE_3,CPU_USAGE_4,CPU_USAGE_5,CPU_USAGE_6,CPU_USAGE_7,SYSTEM_POWER (Watts),TOTAL_MEMORY,TOTAL_SWAP,USED_MEMORY,USED_SWAP
0,1729557404348,3228,3228,3228,3228,3228,3228,3228,3228,62.692569732666016,57.50081253051758,66.6911392211914,68.67637634277344,64.50524139404297,60.020477294921875,63.97450256347656,63.93532943725586,60.92216110229492,59.00386047363281,0,0,50,0,0,100,0,0,11.67687702178955,17179869184,22548578304,5529354240,21348941824
303,1729557404348,3228,3228,3228,3228,3228,3228,3228,3228,62.692569732666016,57.50081253051758,66.6911392211914,68.67637634277344,64.50524139404297,60.020477294921875,63.97450256347656,63.93532943725586,60.92216110229492,59.00386047363281,0,0,NaN,50,0,100,0,0,11.67687702178955,17179869184,22548578304,5529354240,21348941824
10,1729557404651,3228,3228,3228,3228,3228,3228,3228,3228,63.07362365722656,58.92045211791992,66.20941925048828,67.34021759033203,63.81950378417969,60.19459915161133,64.70127868652344,63.97785186767578,62.1008186340332,60.26719665527344,23.33333396911621,17.241378784179688,56.66666793823242,62.06896209716797,51.61289978027344,35.48387145996094,13.333333969116211,6.896551609039307,11.67687702178955,17179869184,22548578304,5529354240,21348941824
