Delta,Time,CPU_FREQUENCY_0,CPU_FREQUENCY_1,CPU_FREQUENCY_2,CPU_FREQUENCY_3,CPU_FREQUENCY_4,CPU_FREQUENCY_5,CPU_FREQUENCY_6,CPU_FREQUENCY_7,CPU_TEMP_0,CPU_TEMP_1,CPU_TEMP_2,CPU_TEMP_3,CPU_TEMP_4,CPU_TEMP_5,CPU_TEMP_6,CPU_TEMP_7,CPU_TEMP_8,CPU_TEMP_9,CPU_USAGE_0,CPU_USAGE_1,CPU_USAGE_2,CPU_USAGE_3,CPU_USAGE_4,CPU_USAGE_5,CPU_USAGE_6,CPU_USAGE_7,SYSTEM_POWER (Watts),TOTAL_MEMORY,TOTAL_SWAP,USED_MEMORY,USED_SWAP
0,1729585068584,3228,3228,3228,3228,3228,3228,3228,3228,68.47997283935547,64.60033416748047,71.93697357177734,73.4583969116211,69.7076416015625,66.16873168945313,68.86909484863281,68.61068725585938,66.90931701660156,65.39693450927734,0,0,0,0,0,0,0,0,24.789731979370117,17179869184,22548578304,4898226176,21102788608
307,1729585068584,3228,3228,3228,3228,3228,3228,3228,3228,68.47997283935547,64.60033416748047,71.93697357177734,73.4583969116211,69.7076416015625,66.16873168945313,68.86909484863281,68.61068725585938,66.90931701660156,65.39693450927734,100,50,NaN,50,0,0,0,0,24.789731979370117,17179869184,22548578304,4898226176,21102788608
9,1729585068892,3228,3228,3228,3228,3228,3228,3228,3228,68.47997283935547,64.60033416748047,71.93697357177734,73.4583969116211,69.7076416015625,66.16873168945313,68.86909484863281,68.61068725585938,66.90931701660156,65.39693450927734,20,13.793103218078613,34.375,40,34.375,9.67741870880127,6.45161247253418,3.22580623626709,24.789731979370117,17179869184,22548578304,4898226176,21102788608
