Delta,Time,CPU_FREQUENCY_0,CPU_FREQUENCY_1,CPU_FREQUENCY_2,CPU_FREQUENCY_3,CPU_FREQUENCY_4,CPU_FREQUENCY_5,CPU_FREQUENCY_6,CPU_FREQUENCY_7,CPU_TEMP_0,CPU_TEMP_1,CPU_TEMP_2,CPU_TEMP_3,CPU_TEMP_4,CPU_TEMP_5,CPU_TEMP_6,CPU_TEMP_7,CPU_TEMP_8,CPU_TEMP_9,CPU_USAGE_0,CPU_USAGE_1,CPU_USAGE_2,CPU_USAGE_3,CPU_USAGE_4,CPU_USAGE_5,CPU_USAGE_6,CPU_USAGE_7,SYSTEM_POWER (Watts),TOTAL_MEMORY,TOTAL_SWAP,USED_MEMORY,USED_SWAP
0,1729532113723,3228,3228,3228,3228,3228,3228,3228,3228,59.60129928588867,55.703128814697266,59.116676330566406,59.72406768798828,59.296783447265625,57.73149108886719,58.20174789428711,57.68544006347656,60.15789794921875,58.884483337402344,0,0,50,0,0,0,0,0,11.57875919342041,17179869184,19327352832,8024539136,18699911168
309,1729532113724,3228,3228,3228,3228,3228,3228,3228,3228,59.60129928588867,55.703128814697266,59.116676330566406,59.72406768798828,59.296783447265625,57.73149108886719,58.20174789428711,57.68544006347656,60.15789794921875,58.884483337402344,0,0,0,0,50,0,0,0,11.57875919342041,17179869184,19327352832,8026554368,18699911168
11,1729532114034,3228,3228,3228,3228,3228,3228,3228,3228,58.85340118408203,54.947696685791016,57.381935119628906,58.54650115966797,58.51294708251953,57.12841033935547,57.61634063720703,57.012149810791016,59.56715774536133,58.133941650390625,12.5,6.45161247253418,20,26.666667938232422,3.3333334922790527,3.125,0,0,11.57875919342041,17179869184,19327352832,8041283584,18699911168
