Delta,Time,CPU_FREQUENCY_0,CPU_FREQUENCY_1,CPU_FREQUENCY_2,CPU_FREQUENCY_3,CPU_FREQUENCY_4,CPU_FREQUENCY_5,CPU_FREQUENCY_6,CPU_FREQUENCY_7,CPU_TEMP_0,CPU_TEMP_1,CPU_TEMP_2,CPU_TEMP_3,CPU_TEMP_4,CPU_TEMP_5,CPU_TEMP_6,CPU_TEMP_7,CPU_TEMP_8,CPU_TEMP_9,CPU_USAGE_0,CPU_USAGE_1,CPU_USAGE_2,CPU_USAGE_3,CPU_USAGE_4,CPU_USAGE_5,CPU_USAGE_6,CPU_USAGE_7,SYSTEM_POWER (Watts),TOTAL_MEMORY,TOTAL_SWAP,USED_MEMORY,USED_SWAP
0,1729546684019,3228,3228,3228,3228,3228,3228,3228,3228,61.190399169921875,58.39202880859375,60.987518310546875,61.78901672363281,61.961448669433594,59.81564712524414,59.50005340576172,60.08442687988281,61.725337982177734,61.049339294433594,50,0,100,100,100,100,0,NaN,4.805637836456299,17179869184,21474836480,7178190848,20243677184
308,1729546684020,3228,3228,3228,3228,3228,3228,3228,3228,61.190399169921875,58.39202880859375,60.987518310546875,61.78901672363281,61.961448669433594,59.81564712524414,59.50005340576172,60.08442687988281,61.725337982177734,61.049339294433594,0,50,NaN,NaN,100,100,100,50,4.805637836456299,17179869184,21474836480,7178190848,20243677184
301,1729546684328,3228,3228,3228,3228,3228,3228,3228,3228,67.62710571289063,63.72468948364258,72.53107452392578,73.94668579101563,70.78085327148438,65.6927490234375,69.90473175048828,70.05781555175781,67.76446533203125,65.63270568847656,100,100,100,96.7741928100586,100,100,100,100,4.805637836456299,17179869184,21474836480,7178190848,20243677184
306,1729546684630,3228,3228,3228,3228,3228,3228,3228,3228,67.62710571289063,63.72468948364258,72.53107452392578,73.94668579101563,70.78085327148438,65.6927490234375,69.90473175048828,70.05781555175781,67.76446533203125,65.63270568847656,40,30.000001907348633,96.66666412353516,96.55171966552734,93.54838562011719,96.7741928100586,96.66666412353516,100,4.805637836456299,17179869184,21474836480,7240581120,20243677184
9,1729546684937,3228,3228,3228,3228,3228,3228,3228,3228,67.62710571289063,63.72468948364258,72.53107452392578,73.94668579101563,70.78085327148438,65.6927490234375,69.90473175048828,70.05781555175781,67.76446533203125,65.63270568847656,23.33333396911621,29.032257080078125,96.66666412353516,96.66666412353516,93.33333587646484,96.7741928100586,66.66667175292969,35.48387145996094,15.858752250671387,17179869184,21474836480,7208239104,20243677184
