Delta,Time,CPU_FREQUENCY_0,CPU_FREQUENCY_1,CPU_FREQUENCY_2,CPU_FREQUENCY_3,CPU_FREQUENCY_4,CPU_FREQUENCY_5,CPU_FREQUENCY_6,CPU_FREQUENCY_7,CPU_TEMP_0,CPU_TEMP_1,CPU_TEMP_2,CPU_TEMP_3,CPU_TEMP_4,CPU_TEMP_5,CPU_TEMP_6,CPU_TEMP_7,CPU_TEMP_8,CPU_TEMP_9,CPU_USAGE_0,CPU_USAGE_1,CPU_USAGE_2,CPU_USAGE_3,CPU_USAGE_4,CPU_USAGE_5,CPU_USAGE_6,CPU_USAGE_7,SYSTEM_POWER (Watts),TOTAL_MEMORY,TOTAL_SWAP,USED_MEMORY,USED_SWAP
0,1729571331315,3228,3228,3228,3228,3228,3228,3228,3228,68.98408508300781,64.60035705566406,73.44207763671875,73.53590393066406,70.85309600830078,66.84481048583984,67.84030151367188,68.13815307617188,66.80571746826172,66.59723663330078,0,0,100,0,0,100,0,0,22.653194427490234,17179869184,22548578304,5712723968,21248278528
309,1729571331316,3228,3228,3228,3228,3228,3228,3228,3228,68.98408508300781,64.60035705566406,73.44207763671875,73.53590393066406,70.85309600830078,66.84481048583984,67.84030151367188,68.13815307617188,66.80571746826172,66.59723663330078,0,0,66.66667175292969,NaN,0,100,NaN,0,22.653194427490234,17179869184,22548578304,5716787200,21248278528
9,1729571331626,3228,3228,3228,3228,3228,3228,3228,3228,68.98408508300781,64.60035705566406,73.44207763671875,73.53590393066406,70.85309600830078,66.84481048583984,67.84030151367188,68.13815307617188,66.80571746826172,66.59723663330078,26.666667938232422,31.25,61.29032516479492,56.25,41.935482025146484,19.35483741760254,15.15151596069336,12.90322494506836,22.653194427490234,17179869184,22548578304,5731647488,21248278528
