Delta,Time,CPU_FREQUENCY_0,CPU_FREQUENCY_1,CPU_FREQUENCY_2,CPU_FREQUENCY_3,CPU_FREQUENCY_4,CPU_FREQUENCY_5,CPU_FREQUENCY_6,CPU_FREQUENCY_7,CPU_TEMP_0,CPU_TEMP_1,CPU_TEMP_2,CPU_TEMP_3,CPU_TEMP_4,CPU_TEMP_5,CPU_TEMP_6,CPU_TEMP_7,CPU_TEMP_8,CPU_TEMP_9,CPU_USAGE_0,CPU_USAGE_1,CPU_USAGE_2,CPU_USAGE_3,CPU_USAGE_4,CPU_USAGE_5,CPU_USAGE_6,CPU_USAGE_7,SYSTEM_POWER (Watts),TOTAL_MEMORY,TOTAL_SWAP,USED_MEMORY,USED_SWAP
0,1729554796823,3228,3228,3228,3228,3228,3228,3228,3228,59.103702545166016,56.684146881103516,59.46144104003906,60.497703552246094,60.16404724121094,57.7479248046875,57.83456039428711,58.190467834472656,59.671844482421875,58.685142517089844,100,100,0,0,0,0,0,0,23.60639190673828,17179869184,21474836480,6056099840,20798832640
309,1729554796823,3228,3228,3228,3228,3228,3228,3228,3228,59.103702545166016,56.684146881103516,59.46144104003906,60.497703552246094,60.16404724121094,57.7479248046875,57.83456039428711,58.190467834472656,59.671844482421875,58.685142517089844,0,0,100,100,0,0,0,0,13.112669944763184,17179869184,21474836480,6058868736,20798832640
309,1729554797133,3228,3228,3228,3228,3228,3228,3228,3228,59.103702545166016,56.684146881103516,59.46144104003906,60.497703552246094,60.16404724121094,57.7479248046875,57.83456039428711,58.190467834472656,59.671844482421875,58.685142517089844,87.09677124023438,86.66666412353516,93.75,93.75,90.32257843017578,90,90,87.09677124023438,13.112669944763184,17179869184,21474836480,6110199808,20798832640
11,1729554797443,3228,3228,3228,3228,3228,3228,3228,3228,60.40110397338867,57.934593200683594,61.543548583984375,63.37668991088867,62.077659606933594,58.87528991699219,60.37018585205078,60.80245590209961,61.544395446777344,59.606056213378906,12.90322494506836,12.5,43.33333206176758,38.70967483520508,12.90322494506836,16.666667938232422,6.25,0,13.112669944763184,17179869184,21474836480,6072844288,20798832640
