Delta,Time,CPU_FREQUENCY_0,CPU_FREQUENCY_1,CPU_FREQUENCY_2,CPU_FREQUENCY_3,CPU_FREQUENCY_4,CPU_FREQUENCY_5,CPU_FREQUENCY_6,CPU_FREQUENCY_7,CPU_TEMP_0,CPU_TEMP_1,CPU_TEMP_2,CPU_TEMP_3,CPU_TEMP_4,CPU_TEMP_5,CPU_TEMP_6,CPU_TEMP_7,CPU_TEMP_8,CPU_TEMP_9,CPU_USAGE_0,CPU_USAGE_1,CPU_USAGE_2,CPU_USAGE_3,CPU_USAGE_4,CPU_USAGE_5,CPU_USAGE_6,CPU_USAGE_7,SYSTEM_POWER (Watts),TOTAL_MEMORY,TOTAL_SWAP,USED_MEMORY,USED_SWAP
0,1729530902392,3228,3228,3228,3228,3228,3228,3228,3228,64.90754699707031,59.87971878051758,67.4307632446289,69.15985107421875,68.12992095947266,63.10017013549805,63.77335739135742,62.827762603759766,62.492515563964844,61.85835266113281,NaN,NaN,100,100,50,NaN,100,NaN,18.63043975830078,17179869184,18253611008,9465151488,17569939456
301,1729530902392,3228,3228,3228,3228,3228,3228,3228,3228,64.90754699707031,59.87971878051758,67.4307632446289,69.15985107421875,68.12992095947266,63.10017013549805,63.77335739135742,62.827762603759766,62.492515563964844,61.85835266113281,100,0,NaN,100,100,100,100,0,18.63043975830078,17179869184,18253611008,9465151488,17569939456
5,1729530902694,3228,3228,3228,3228,3228,3228,3228,3228,64.90754699707031,59.87971878051758,67.4307632446289,69.15985107421875,68.12992095947266,63.10017013549805,63.77335739135742,62.827762603759766,62.492515563964844,61.85835266113281,67.74193572998047,70.96774291992188,90.32257843017578,90,83.33332824707031,82.75862121582031,80,51.61289978027344,18.63043975830078,17179869184,18253611008,9465151488,17569939456
