Delta,Time,CPU_FREQUENCY_0,CPU_FREQUENCY_1,CPU_FREQUENCY_2,CPU_FREQUENCY_3,CPU_FREQUENCY_4,CPU_FREQUENCY_5,CPU_FREQUENCY_6,CPU_FREQUENCY_7,CPU_TEMP_0,CPU_TEMP_1,CPU_TEMP_2,CPU_TEMP_3,CPU_TEMP_4,CPU_TEMP_5,CPU_TEMP_6,CPU_TEMP_7,CPU_TEMP_8,CPU_TEMP_9,CPU_USAGE_0,CPU_USAGE_1,CPU_USAGE_2,CPU_USAGE_3,CPU_USAGE_4,CPU_USAGE_5,CPU_USAGE_6,CPU_USAGE_7,SYSTEM_POWER (Watts),TOTAL_MEMORY,TOTAL_SWAP,USED_MEMORY,USED_SWAP
0,1729595383112,3228,3228,3228,3228,3228,3228,3228,3228,64.0814208984375,60.83102035522461,61.93168640136719,62.95591354370117,63.828224182128906,61.58525085449219,61.67452621459961,63.095035552978516,64.22163391113281,63.70234680175781,50,0,0,0,0,0,0,0,10.114397048950195,17179869184,22548578304,5984092160,20968570880
307,1729595383112,3228,3228,3228,3228,3228,3228,3228,3228,64.0814208984375,60.83102035522461,61.93168640136719,62.95591354370117,63.828224182128906,61.58525085449219,61.67452621459961,63.095035552978516,64.22163391113281,63.70234680175781,0,0,NaN,50,0,0,0,0,10.114397048950195,17179869184,22548578304,5985894400,20968570880
305,1729595383420,3228,3228,3228,3228,3228,3228,3228,3228,63.86475372314453,60.948856353759766,63.05287170410156,64.26150512695313,64.52847290039063,61.59046173095703,62.65254592895508,63.792388916015625,64.83299255371094,63.28593444824219,73.33333587646484,70.96774291992188,84.8484878540039,80.6451644897461,73.33333587646484,77.41934967041016,77.41934967041016,73.33333587646484,10.114397048950195,17179869184,22548578304,8461271040,20968570880
10,1729595383726,3228,3228,3228,3228,3228,3228,3228,3228,63.86475372314453,60.948856353759766,63.05287170410156,64.26150512695313,64.52847290039063,61.59046173095703,62.65254592895508,63.792388916015625,64.83299255371094,63.28593444824219,19.35483741760254,19.35483741760254,20.689655303955078,10,22.580644607543945,6.6666669845581055,3.22580623626709,0,10.114397048950195,17179869184,22548578304,5993021440,20968570880
