Delta,Time,CPU_FREQUENCY_0,CPU_FREQUENCY_1,CPU_FREQUENCY_2,CPU_FREQUENCY_3,CPU_FREQUENCY_4,CPU_FREQUENCY_5,CPU_FREQUENCY_6,CPU_FREQUENCY_7,CPU_TEMP_0,CPU_TEMP_1,CPU_TEMP_2,CPU_TEMP_3,CPU_TEMP_4,CPU_TEMP_5,CPU_TEMP_6,CPU_TEMP_7,CPU_TEMP_8,CPU_TEMP_9,CPU_USAGE_0,CPU_USAGE_1,CPU_USAGE_2,CPU_USAGE_3,CPU_USAGE_4,CPU_USAGE_5,CPU_USAGE_6,CPU_USAGE_7,SYSTEM_POWER (Watts),TOTAL_MEMORY,TOTAL_SWAP,USED_MEMORY,USED_SWAP
0,1729548710406,3228,3228,3228,3228,3228,3228,3228,3228,61.742496490478516,58.08073425292969,63.56853485107422,65.17937469482422,63.3487548828125,59.95124435424805,64.54360961914063,62.10892105102539,61.05509948730469,60.367881774902344,0,0,0,66.66667175292969,100,100,0,66.66667175292969,13.888311386108398,17179869184,21474836480,3767730176,20766916608
307,1729548710407,3228,3228,3228,3228,3228,3228,3228,3228,61.742496490478516,58.08073425292969,63.56853485107422,65.17937469482422,63.3487548828125,59.95124435424805,64.54360961914063,62.10892105102539,61.05509948730469,60.367881774902344,NaN,0,100,100,100,100,100,NaN,13.888311386108398,17179869184,21474836480,3771514880,20766916608
307,1729548710715,3228,3228,3228,3228,3228,3228,3228,3228,61.742496490478516,58.08073425292969,63.56853485107422,65.17937469482422,63.3487548828125,59.95124435424805,64.54360961914063,62.10892105102539,61.05509948730469,60.367881774902344,96.7741928100586,96.66666412353516,100,100,96.7741928100586,100,100,100,22.294710159301758,17179869184,21474836480,3866345472,20766916608
309,1729548711023,3228,3228,3228,3228,3228,3228,3228,3228,61.742496490478516,58.08073425292969,63.56853485107422,65.17937469482422,63.3487548828125,59.95124435424805,64.54360961914063,62.10892105102539,61.05509948730469,60.367881774902344,40.625,36.66666793823242,93.54838562011719,96.66666412353516,90,90,90.625,87.09677124023438,22.294710159301758,17179869184,21474836480,3935518720,20766916608
8,1729548711333,3228,3228,3228,3228,3228,3228,3228,3228,65.72246551513672,62.79627990722656,70.74069213867188,73.53665161132813,69.28607940673828,64.06157684326172,71.30838012695313,71.0352783203125,68.73828125,65.28436279296875,17.241378784179688,25,90,87.09677124023438,86.66666412353516,87.5,77.41934967041016,56.66666793823242,22.294710159301758,17179869184,21474836480,3931258880,20766916608
