Delta,Time,CPU_FREQUENCY_0,CPU_FREQUENCY_1,CPU_FREQUENCY_2,CPU_FREQUENCY_3,CPU_FREQUENCY_4,CPU_FREQUENCY_5,CPU_FREQUENCY_6,CPU_FREQUENCY_7,CPU_TEMP_0,CPU_TEMP_1,CPU_TEMP_2,CPU_TEMP_3,CPU_TEMP_4,CPU_TEMP_5,CPU_TEMP_6,CPU_TEMP_7,CPU_TEMP_8,CPU_TEMP_9,CPU_USAGE_0,CPU_USAGE_1,CPU_USAGE_2,CPU_USAGE_3,CPU_USAGE_4,CPU_USAGE_5,CPU_USAGE_6,CPU_USAGE_7,SYSTEM_POWER (Watts),TOTAL_MEMORY,TOTAL_SWAP,USED_MEMORY,USED_SWAP
0,1729585849948,3228,3228,3228,3228,3228,3228,3228,3228,64.31298065185547,61.558921813964844,68.59001922607422,71.27742004394531,66.62039184570313,62.101531982421875,67.97625732421875,68.46905517578125,65.145751953125,63.219459533691406,0,0,50,0,0,0,0,0,28.137462615966797,17179869184,22548578304,4564336640,21094400000
304,1729585849948,3228,3228,3228,3228,3228,3228,3228,3228,64.31298065185547,61.558921813964844,68.59001922607422,71.27742004394531,66.62039184570313,62.101531982421875,67.97625732421875,68.46905517578125,65.145751953125,63.219459533691406,NaN,0,0,50,0,50,0,0,28.137462615966797,17179869184,22548578304,4567105536,21094400000
8,1729585850253,3228,3228,3228,3228,3228,3228,3228,3228,60.60173416137695,57.54574966430664,62.50517272949219,64.45185089111328,60.86665344238281,58.27092361450195,60.639732360839844,60.54229736328125,59.92264175415039,59.5982666015625,19.35483741760254,16.666667938232422,36.66666793823242,40,19.35483741760254,10,6.45161247253418,3.22580623626709,28.137462615966797,17179869184,22548578304,4590370816,21094400000
