Delta,Time,CPU_FREQUENCY_0,CPU_FREQUENCY_1,CPU_FREQUENCY_2,CPU_FREQUENCY_3,CPU_FREQUENCY_4,CPU_FREQUENCY_5,CPU_FREQUENCY_6,CPU_FREQUENCY_7,CPU_TEMP_0,CPU_TEMP_1,CPU_TEMP_2,CPU_TEMP_3,CPU_TEMP_4,CPU_TEMP_5,CPU_TEMP_6,CPU_TEMP_7,CPU_TEMP_8,CPU_TEMP_9,CPU_USAGE_0,CPU_USAGE_1,CPU_USAGE_2,CPU_USAGE_3,CPU_USAGE_4,CPU_USAGE_5,CPU_USAGE_6,CPU_USAGE_7,SYSTEM_POWER (Watts),TOTAL_MEMORY,TOTAL_SWAP,USED_MEMORY,USED_SWAP
0,1729585659301,3228,3228,3228,3228,3228,3228,3228,3228,60.204280853271484,57.983970642089844,59.197349548339844,60.47137451171875,59.887298583984375,58.90020751953125,58.43436813354492,59.09474182128906,60.15249252319336,59.845664978027344,50,0,0,0,0,0,0,0,21.660825729370117,17179869184,22548578304,5114626048,21094400000
309,1729585659301,3228,3228,3228,3228,3228,3228,3228,3228,60.204280853271484,57.983970642089844,59.197349548339844,60.47137451171875,59.887298583984375,58.90020751953125,58.43436813354492,59.09474182128906,60.15249252319336,59.845664978027344,0,0,100,50,0,0,0,0,21.660825729370117,17179869184,22548578304,5114626048,21094400000
309,1729585659611,3228,3228,3228,3228,3228,3228,3228,3228,60.204280853271484,57.983970642089844,59.197349548339844,60.47137451171875,59.887298583984375,58.90020751953125,58.43436813354492,59.09474182128906,60.15249252319336,59.845664978027344,87.09677124023438,81.25,93.75,93.54838562011719,87.09677124023438,87.5,90.32257843017578,93.33333587646484,10.436750411987305,17179869184,22548578304,5114626048,21094400000
310,1729585659921,3228,3228,3228,3228,3228,3228,3228,3228,60.204280853271484,57.983970642089844,59.197349548339844,60.47137451171875,59.887298583984375,58.90020751953125,58.43436813354492,59.09474182128906,60.15249252319336,59.845664978027344,16.129032135009766,16.129032135009766,70,22.580644607543945,34.375,9.67741870880127,0,6.25,10.436750411987305,17179869184,22548578304,5191090176,21094400000
11,1729585660232,3228,3228,3228,3228,3228,3228,3228,3228,63.2566032409668,60.19301223754883,65.22208404541016,66.24755859375,63.690223693847656,61.485599517822266,62.14613723754883,63.103458404541016,63.24351501464844,61.789146423339844,38.70967483520508,29.032257080078125,22.580644607543945,3.22580623626709,0,0,0,0,10.436750411987305,17179869184,22548578304,5148295168,21094400000
