Delta,Time,CPU_FREQUENCY_0,CPU_FREQUENCY_1,CPU_FREQUENCY_2,CPU_FREQUENCY_3,CPU_FREQUENCY_4,CPU_FREQUENCY_5,CPU_FREQUENCY_6,CPU_FREQUENCY_7,CPU_TEMP_0,CPU_TEMP_1,CPU_TEMP_2,CPU_TEMP_3,CPU_TEMP_4,CPU_TEMP_5,CPU_TEMP_6,CPU_TEMP_7,CPU_TEMP_8,CPU_TEMP_9,CPU_USAGE_0,CPU_USAGE_1,CPU_USAGE_2,CPU_USAGE_3,CPU_USAGE_4,CPU_USAGE_5,CPU_USAGE_6,CPU_USAGE_7,SYSTEM_POWER (Watts),TOTAL_MEMORY,TOTAL_SWAP,USED_MEMORY,USED_SWAP
0,1729595362244,3228,3228,3228,3228,3228,3228,3228,3228,65.78627014160156,62.99284744262695,64.80990600585938,66.1856689453125,66.02780151367188,63.706443786621094,63.583984375,65.46405029296875,66.17864990234375,65.2973861694336,NaN,0,0,0,0,0,0,0,12.564570426940918,17179869184,22548578304,5634850816,20968570880
309,1729595362245,3228,3228,3228,3228,3228,3228,3228,3228,65.78627014160156,62.99284744262695,64.80990600585938,66.1856689453125,66.02780151367188,63.706443786621094,63.583984375,65.46405029296875,66.17864990234375,65.2973861694336,0,0,100,0,0,0,0,NaN,12.564570426940918,17179869184,22548578304,5637406720,20968570880
9,1729595362554,3228,3228,3228,3228,3228,3228,3228,3228,65.09380340576172,62.30927276611328,64.04694366455078,65.08170318603516,65.40240478515625,62.97623825073242,62.623233795166016,64.52149963378906,65.39263916015625,64.46199035644531,34.375,30.000001907348633,26.666667938232422,45.16128921508789,16.129032135009766,9.67741870880127,3.125,0,12.564570426940918,17179869184,22548578304,5658755072,20968570880
