Delta,Time,CPU_FREQUENCY_0,CPU_FREQUENCY_1,CPU_FREQUENCY_2,CPU_FREQUENCY_3,CPU_FREQUENCY_4,CPU_FREQUENCY_5,CPU_FREQUENCY_6,CPU_FREQUENCY_7,CPU_TEMP_0,CPU_TEMP_1,CPU_TEMP_2,CPU_TEMP_3,CPU_TEMP_4,CPU_TEMP_5,CPU_TEMP_6,CPU_TEMP_7,CPU_TEMP_8,CPU_TEMP_9,CPU_USAGE_0,CPU_USAGE_1,CPU_USAGE_2,CPU_USAGE_3,CPU_USAGE_4,CPU_USAGE_5,CPU_USAGE_6,CPU_USAGE_7,SYSTEM_POWER (Watts),TOTAL_MEMORY,TOTAL_SWAP,USED_MEMORY,USED_SWAP
0,1729566026882,3228,3228,3228,3228,3228,3228,3228,3228,64.10269927978516,61.907833099365234,63.78968048095703,64.66549682617188,65.07673645019531,63.09747314453125,63.33853530883789,64.11080932617188,64.67726135253906,64.73316955566406,50,50,0,0,0,0,0,0,11.892668724060059,17179869184,22548578304,3986554880,21248278528
309,1729566026882,3228,3228,3228,3228,3228,3228,3228,3228,64.10269927978516,61.907833099365234,63.78968048095703,64.66549682617188,65.07673645019531,63.09747314453125,63.33853530883789,64.11080932617188,64.67726135253906,64.73316955566406,0,0,NaN,0,0,0,0,0,11.892668724060059,17179869184,22548578304,3989389312,21248278528
308,1729566027192,3228,3228,3228,3228,3228,3228,3228,3228,64.10269927978516,61.907833099365234,63.78968048095703,64.66549682617188,65.07673645019531,63.09747314453125,63.33853530883789,64.11080932617188,64.67726135253906,64.73316955566406,90.32257843017578,90,96.7741928100586,96.66666412353516,90,90.625,90.32257843017578,90,4.84052038192749,17179869184,22548578304,4029300736,21248278528
9,1729566027500,3228,3228,3228,3228,3228,3228,3228,3228,64.10269927978516,61.907833099365234,63.78968048095703,64.66549682617188,65.07673645019531,63.09747314453125,63.33853530883789,64.11080932617188,64.67726135253906,64.73316955566406,16.666667938232422,16.129032135009766,51.61289978027344,28.125,21.875,26.666667938232422,9.375,6.45161247253418,4.84052038192749,17179869184,22548578304,3985670144,21248278528
