Delta,Time,CPU_FREQUENCY_0,CPU_FREQUENCY_1,CPU_FREQUENCY_2,CPU_FREQUENCY_3,CPU_FREQUENCY_4,CPU_FREQUENCY_5,CPU_FREQUENCY_6,CPU_FREQUENCY_7,CPU_TEMP_0,CPU_TEMP_1,CPU_TEMP_2,CPU_TEMP_3,CPU_TEMP_4,CPU_TEMP_5,CPU_TEMP_6,CPU_TEMP_7,CPU_TEMP_8,CPU_TEMP_9,CPU_USAGE_0,CPU_USAGE_1,CPU_USAGE_2,CPU_USAGE_3,CPU_USAGE_4,CPU_USAGE_5,CPU_USAGE_6,CPU_USAGE_7,SYSTEM_POWER (Watts),TOTAL_MEMORY,TOTAL_SWAP,USED_MEMORY,USED_SWAP
0,1729600238792,3228,3228,3228,3228,3228,3228,3228,3228,67.04621887207031,62.88933181762695,71.19309997558594,72.35746002197266,70.13390350341797,65.08905792236328,69.86492156982422,68.58966064453125,65.28555297851563,64.09117889404297,0,50,50,0,0,NaN,0,0,25.49416732788086,17179869184,22548578304,6636896256,20918173696
301,1729600238792,3228,3228,3228,3228,3228,3228,3228,3228,67.04621887207031,62.88933181762695,71.19309997558594,72.35746002197266,70.13390350341797,65.08905792236328,69.86492156982422,68.58966064453125,65.28555297851563,64.09117889404297,0,0,100,0,0,50,0,0,25.49416732788086,17179869184,22548578304,6641696768,20918173696
309,1729600239093,3228,3228,3228,3228,3228,3228,3228,3228,67.04621887207031,62.88933181762695,71.19309997558594,72.35746002197266,70.13390350341797,65.08905792236328,69.86492156982422,68.58966064453125,65.28555297851563,64.09117889404297,80,76.66666412353516,87.09677124023438,89.6551742553711,93.10344696044922,93.33333587646484,77.41934967041016,80,25.35385513305664,17179869184,22548578304,9151594496,20918173696
9,1729600239403,3228,3228,3228,3228,3228,3228,3228,3228,65.75020599365234,63.20149612426758,69.05179595947266,70.63868713378906,67.818359375,64.18699645996094,68.08619689941406,67.8878402709961,66.13169860839844,64.47840881347656,22.580644607543945,23.33333396911621,51.72413635253906,65.625,45.45454788208008,19.35483741760254,0,6.45161247253418,25.35385513305664,17179869184,22548578304,6653116416,20918173696
