Delta,Time,CPU_FREQUENCY_0,CPU_FREQUENCY_1,CPU_FREQUENCY_2,CPU_FREQUENCY_3,CPU_FREQUENCY_4,CPU_FREQUENCY_5,CPU_FREQUENCY_6,CPU_FREQUENCY_7,CPU_TEMP_0,CPU_TEMP_1,CPU_TEMP_2,CPU_TEMP_3,CPU_TEMP_4,CPU_TEMP_5,CPU_TEMP_6,CPU_TEMP_7,CPU_TEMP_8,CPU_TEMP_9,CPU_USAGE_0,CPU_USAGE_1,CPU_USAGE_2,CPU_USAGE_3,CPU_USAGE_4,CPU_USAGE_5,CPU_USAGE_6,CPU_USAGE_7,SYSTEM_POWER (Watts),TOTAL_MEMORY,TOTAL_SWAP,USED_MEMORY,USED_SWAP
0,1729592117382,3228,3228,3228,3228,3228,3228,3228,3228,63.67089080810547,61.252532958984375,62.57905578613281,63.980384826660156,64.0500717163086,61.77763366699219,61.576812744140625,63.1215934753418,63.68971252441406,63.40312194824219,50,0,0,0,0,0,0,0,4.959217548370361,17179869184,22548578304,5273649152,21060845568
309,1729592117383,3228,3228,3228,3228,3228,3228,3228,3228,63.67089080810547,61.252532958984375,62.57905578613281,63.980384826660156,64.0500717163086,61.77763366699219,61.576812744140625,63.1215934753418,63.68971252441406,63.40312194824219,0,0,100,50,0,0,0,0,4.959217548370361,17179869184,22548578304,5273649152,21060845568
9,1729592117692,3228,3228,3228,3228,3228,3228,3228,3228,63.67089080810547,61.252532958984375,62.57905578613281,63.980384826660156,64.0500717163086,61.77763366699219,61.576812744140625,63.1215934753418,63.68971252441406,63.40312194824219,25.80644989013672,29.032257080078125,58.06451416015625,25.80644989013672,16.129032135009766,6.45161247253418,3.125,0,4.986909866333008,17179869184,22548578304,5273649152,21060845568
