Delta,Time,CPU_FREQUENCY_0,CPU_FREQUENCY_1,CPU_FREQUENCY_2,CPU_FREQUENCY_3,CPU_FREQUENCY_4,CPU_FREQUENCY_5,CPU_FREQUENCY_6,CPU_FREQUENCY_7,CPU_TEMP_0,CPU_TEMP_1,CPU_TEMP_2,CPU_TEMP_3,CPU_TEMP_4,CPU_TEMP_5,CPU_TEMP_6,CPU_TEMP_7,CPU_TEMP_8,CPU_TEMP_9,CPU_USAGE_0,CPU_USAGE_1,CPU_USAGE_2,CPU_USAGE_3,CPU_USAGE_4,CPU_USAGE_5,CPU_USAGE_6,CPU_USAGE_7,SYSTEM_POWER (Watts),TOTAL_MEMORY,TOTAL_SWAP,USED_MEMORY,USED_SWAP
0,1729580682078,3228,3228,3228,3228,3228,3228,3228,3228,66.88052368164063,62.564064025878906,71.29273223876953,73.39209747314453,70.16236114501953,64.81316375732422,69.16899871826172,67.70901489257813,64.75276184082031,63.762794494628906,100,NaN,NaN,100,0,100,100,0,19.41034698486328,17179869184,22548578304,5711675392,21248278528
300,1729580682078,3228,3228,3228,3228,3228,3228,3228,3228,66.88052368164063,62.564064025878906,71.29273223876953,73.39209747314453,70.16236114501953,64.81316375732422,69.16899871826172,67.70901489257813,64.75276184082031,63.762794494628906,0,0,50,100,NaN,100,100,50,19.41034698486328,17179869184,22548578304,5715525632,21248278528
307,1729580682379,3228,3228,3228,3228,3228,3228,3228,3228,66.88052368164063,62.564064025878906,71.29273223876953,73.39209747314453,70.16236114501953,64.81316375732422,69.16899871826172,67.70901489257813,64.75276184082031,63.762794494628906,79.31034851074219,78.125,96.55171966552734,96.66666412353516,96.7741928100586,96.7741928100586,96.875,100,19.41034698486328,17179869184,22548578304,6931005440,21248278528
10,1729580682687,3228,3228,3228,3228,3228,3228,3228,3228,66.88052368164063,62.564064025878906,71.29273223876953,73.39209747314453,70.16236114501953,64.81316375732422,69.16899871826172,67.70901489257813,64.75276184082031,63.762794494628906,54.83871078491211,53.333335876464844,96.7741928100586,96.7741928100586,93.33333587646484,87.09677124023438,86.66666412353516,80,21.37577247619629,17179869184,22548578304,5846040576,21248278528
