Delta,Time,CPU_FREQUENCY_0,CPU_FREQUENCY_1,CPU_FREQUENCY_2,CPU_FREQUENCY_3,CPU_FREQUENCY_4,CPU_FREQUENCY_5,CPU_FREQUENCY_6,CPU_FREQUENCY_7,CPU_TEMP_0,CPU_TEMP_1,CPU_TEMP_2,CPU_TEMP_3,CPU_TEMP_4,CPU_TEMP_5,CPU_TEMP_6,CPU_TEMP_7,CPU_TEMP_8,CPU_TEMP_9,CPU_USAGE_0,CPU_USAGE_1,CPU_USAGE_2,CPU_USAGE_3,CPU_USAGE_4,CPU_USAGE_5,CPU_USAGE_6,CPU_USAGE_7,SYSTEM_POWER (Watts),TOTAL_MEMORY,TOTAL_SWAP,USED_MEMORY,USED_SWAP
0,1729570398708,3228,3228,3228,3228,3228,3228,3228,3228,60.36181640625,57.77473068237305,59.28007507324219,59.38393783569336,60.74224853515625,58.485939025878906,58.29651641845703,58.97816848754883,60.116905212402344,60.25701141357422,0,0,NaN,NaN,100,0,100,0,4.983315944671631,17179869184,22548578304,5039833088,21248278528
316,1729570398708,3228,3228,3228,3228,3228,3228,3228,3228,60.36181640625,57.77473068237305,59.28007507324219,59.38393783569336,60.74224853515625,58.485939025878906,58.29651641845703,58.97816848754883,60.116905212402344,60.25701141357422,0,0,0,100,100,NaN,0,100,4.983315944671631,17179869184,22548578304,5039833088,21248278528
299,1729570399025,3228,3228,3228,3228,3228,3228,3228,3228,61.2509765625,58.42302703857422,62.188629150390625,62.53887939453125,61.980125427246094,59.023921966552734,60.61110305786133,60.59111022949219,60.75617599487305,60.701622009277344,70.96774291992188,71.875,93.75,87.5,84.375,87.8787841796875,87.5,78.125,4.983315944671631,17179869184,22548578304,5039833088,21248278528
10,1729570399325,3228,3228,3228,3228,3228,3228,3228,3228,61.2509765625,58.42302703857422,62.188629150390625,62.53887939453125,61.980125427246094,59.023921966552734,60.61110305786133,60.59111022949219,60.75617599487305,60.701622009277344,26.666667938232422,30.000001907348633,86.66666412353516,89.6551742553711,79.31034851074219,79.31034851074219,66.66667175292969,46.66666793823242,4.886981010437012,17179869184,22548578304,5082710016,21248278528
