Delta,Time,CPU_FREQUENCY_0,CPU_FREQUENCY_1,CPU_FREQUENCY_2,CPU_FREQUENCY_3,CPU_FREQUENCY_4,CPU_FREQUENCY_5,CPU_FREQUENCY_6,CPU_FREQUENCY_7,CPU_TEMP_0,CPU_TEMP_1,CPU_TEMP_2,CPU_TEMP_3,CPU_TEMP_4,CPU_TEMP_5,CPU_TEMP_6,CPU_TEMP_7,CPU_TEMP_8,CPU_TEMP_9,CPU_USAGE_0,CPU_USAGE_1,CPU_USAGE_2,CPU_USAGE_3,CPU_USAGE_4,CPU_USAGE_5,CPU_USAGE_6,CPU_USAGE_7,SYSTEM_POWER (Watts),TOTAL_MEMORY,TOTAL_SWAP,USED_MEMORY,USED_SWAP
0,1729592368607,3228,3228,3228,3228,3228,3228,3228,3228,57.688514709472656,54.64529037475586,55.845733642578125,57.39553451538086,57.07887268066406,55.471561431884766,54.71011734008789,56.21181869506836,57.268516540527344,56.74433898925781,NaN,100,0,0,0,0,0,0,14.742531776428223,17179869184,22548578304,5569478656,21060845568
309,1729592368607,3228,3228,3228,3228,3228,3228,3228,3228,57.688514709472656,54.64529037475586,55.845733642578125,57.39553451538086,57.07887268066406,55.471561431884766,54.71011734008789,56.21181869506836,57.268516540527344,56.74433898925781,50,0,0,100,0,0,0,0,14.742531776428223,17179869184,22548578304,5572395008,21060845568
305,1729592368917,3228,3228,3228,3228,3228,3228,3228,3228,57.688514709472656,54.64529037475586,55.845733642578125,57.39553451538086,57.07887268066406,55.471561431884766,54.71011734008789,56.21181869506836,57.268516540527344,56.74433898925781,74.19355010986328,70.96774291992188,93.54838562011719,80,74.19355010986328,67.74193572998047,66.66667175292969,67.74193572998047,5.441708564758301,17179869184,22548578304,8050147328,21060845568
5,1729592369222,3228,3228,3228,3228,3228,3228,3228,3228,60.085716247558594,56.844642639160156,61.021575927734375,62.608699798583984,60.425750732421875,57.72310256958008,58.82048797607422,60.176265716552734,60.388023376464844,58.766883850097656,20,20,45.16128921508789,16.666667938232422,9.67741870880127,9.67741870880127,3.22580623626709,9.67741870880127,5.441708564758301,17179869184,22548578304,5580685312,21060845568
