Delta,Time,CPU_FREQUENCY_0,CPU_FREQUENCY_1,CPU_FREQUENCY_2,CPU_FREQUENCY_3,CPU_FREQUENCY_4,CPU_FREQUENCY_5,CPU_FREQUENCY_6,CPU_FREQUENCY_7,CPU_TEMP_0,CPU_TEMP_1,CPU_TEMP_2,CPU_TEMP_3,CPU_TEMP_4,CPU_TEMP_5,CPU_TEMP_6,CPU_TEMP_7,CPU_TEMP_8,CPU_TEMP_9,CPU_USAGE_0,CPU_USAGE_1,CPU_USAGE_2,CPU_USAGE_3,CPU_USAGE_4,CPU_USAGE_5,CPU_USAGE_6,CPU_USAGE_7,SYSTEM_POWER (Watts),TOTAL_MEMORY,TOTAL_SWAP,USED_MEMORY,USED_SWAP
0,1729557934054,3228,3228,3228,3228,3228,3228,3228,3228,62.849998474121094,59.99943923950195,61.301902770996094,62.15287780761719,62.82298278808594,61.05849075317383,61.41757583618164,62.01935958862305,63.49079513549805,63.24531555175781,50,NaN,100,0,50,100,0,0,4.697885990142822,17179869184,22548578304,5395972096,21348941824
307,1729557934054,3228,3228,3228,3228,3228,3228,3228,3228,62.849998474121094,59.99943923950195,61.301902770996094,62.15287780761719,62.82298278808594,61.05849075317383,61.41757583618164,62.01935958862305,63.49079513549805,63.24531555175781,0,0,50,100,NaN,0,NaN,NaN,4.697885990142822,17179869184,22548578304,5395972096,21348941824
307,1729557934362,3228,3228,3228,3228,3228,3228,3228,3228,62.849998474121094,59.99943923950195,61.301902770996094,62.15287780761719,62.82298278808594,61.05849075317383,61.41757583618164,62.01935958862305,63.49079513549805,63.24531555175781,96.66666412353516,93.54838562011719,100,100,96.7741928100586,96.7741928100586,100,96.875,4.697885990142822,17179869184,22548578304,5395972096,21348941824
302,1729557934670,3228,3228,3228,3228,3228,3228,3228,3228,67.00785827636719,64.3271713256836,69.7119369506836,71.45368957519531,68.90930938720703,64.64907836914063,69.50730895996094,69.41493225097656,68.60479736328125,66.6508560180664,29.032257080078125,23.33333396911621,90.625,93.75,87.09677124023438,74.19355010986328,67.74193572998047,56.66666793823242,4.697885990142822,17179869184,22548578304,5465407488,21348941824
9,1729557934972,3228,3228,3228,3228,3228,3228,3228,3228,67.00785827636719,64.3271713256836,69.7119369506836,71.45368957519531,68.90930938720703,64.64907836914063,69.50730895996094,69.41493225097656,68.60479736328125,66.6508560180664,24.137929916381836,23.33333396911621,89.6551742553711,83.33332824707031,74.19355010986328,76.66666412353516,56.66666793823242,35.48387145996094,8.121376991271973,17179869184,22548578304,5438357504,21348941824
