Delta,Time,CPU_FREQUENCY_0,CPU_FREQUENCY_1,CPU_FREQUENCY_2,CPU_FREQUENCY_3,CPU_FREQUENCY_4,CPU_FREQUENCY_5,CPU_FREQUENCY_6,CPU_FREQUENCY_7,CPU_TEMP_0,CPU_TEMP_1,CPU_TEMP_2,CPU_TEMP_3,CPU_TEMP_4,CPU_TEMP_5,CPU_TEMP_6,CPU_TEMP_7,CPU_TEMP_8,CPU_TEMP_9,CPU_USAGE_0,CPU_USAGE_1,CPU_USAGE_2,CPU_USAGE_3,CPU_USAGE_4,CPU_USAGE_5,CPU_USAGE_6,CPU_USAGE_7,SYSTEM_POWER (Watts),TOTAL_MEMORY,TOTAL_SWAP,USED_MEMORY,USED_SWAP
0,1729532430246,3228,3228,3228,3228,3228,3228,3228,3228,67.80211639404297,64.28156280517578,72.35761260986328,73.11457824707031,70.97285461425781,66.10169219970703,70.78457641601563,70.43002319335938,67.74598693847656,65.61320495605469,0,NaN,100,50,0,100,100,100,4.6632866859436035,17179869184,19327352832,6278201344,18691522560
301,1729532430246,3228,3228,3228,3228,3228,3228,3228,3228,67.80211639404297,64.28156280517578,72.35761260986328,73.11457824707031,70.97285461425781,66.10169219970703,70.78457641601563,70.43002319335938,67.74598693847656,65.61320495605469,NaN,0,100,NaN,100,NaN,100,100,4.6632866859436035,17179869184,19327352832,6280577024,18691522560
9,1729532430547,3228,3228,3228,3228,3228,3228,3228,3228,67.80211639404297,64.28156280517578,72.35761260986328,73.11457824707031,70.97285461425781,66.10169219970703,70.78457641601563,70.43002319335938,67.74598693847656,65.61320495605469,23.33333396911621,20,79.31034851074219,83.33332824707031,80,76.66666412353516,85.71428680419922,67.74193572998047,9.839300155639648,17179869184,19327352832,6314590208,18691522560
