Delta,Time,CPU_FREQUENCY_0,CPU_FREQUENCY_1,CPU_FREQUENCY_2,CPU_FREQUENCY_3,CPU_FREQUENCY_4,CPU_FREQUENCY_5,CPU_FREQUENCY_6,CPU_FREQUENCY_7,CPU_TEMP_0,CPU_TEMP_1,CPU_TEMP_2,CPU_TEMP_3,CPU_TEMP_4,CPU_TEMP_5,CPU_TEMP_6,CPU_TEMP_7,CPU_TEMP_8,CPU_TEMP_9,CPU_USAGE_0,CPU_USAGE_1,CPU_USAGE_2,CPU_USAGE_3,CPU_USAGE_4,CPU_USAGE_5,CPU_USAGE_6,CPU_USAGE_7,SYSTEM_POWER (Watts),TOTAL_MEMORY,TOTAL_SWAP,USED_MEMORY,USED_SWAP
0,1729533295596,3228,3228,3228,3228,3228,3228,3228,3228,64.86502075195313,60.60919952392578,66.30520629882813,67.38363647460938,67.25479888916016,62.45242691040039,63.59165573120117,63.68922424316406,63.44316482543945,62.698204040527344,0,0,0,0,0,0,0,0,14.406786918640137,17179869184,19327352832,6452756480,18691522560
309,1729533295596,3228,3228,3228,3228,3228,3228,3228,3228,64.86502075195313,60.60919952392578,66.30520629882813,67.38363647460938,67.25479888916016,62.45242691040039,63.59165573120117,63.68922424316406,63.44316482543945,62.698204040527344,0,0,100,0,0,0,0,0,14.406786918640137,17179869184,19327352832,6456000512,18691522560
8,1729533295906,3228,3228,3228,3228,3228,3228,3228,3228,61.510345458984375,58.616722106933594,61.147430419921875,62.229331970214844,62.223602294921875,59.35654067993164,59.55439376831055,60.65761947631836,62.04384994506836,61.018699645996094,9.67741870880127,12.90322494506836,19.35483741760254,32.25806427001953,10,3.22580623626709,3.22580623626709,0,14.406786918640137,17179869184,19327352832,6456000512,18691522560
