Delta,Time,CPU_FREQUENCY_0,CPU_FREQUENCY_1,CPU_FREQUENCY_2,CPU_FREQUENCY_3,CPU_FREQUENCY_4,CPU_FREQUENCY_5,CPU_FREQUENCY_6,CPU_FREQUENCY_7,CPU_TEMP_0,CPU_TEMP_1,CPU_TEMP_2,CPU_TEMP_3,CPU_TEMP_4,CPU_TEMP_5,CPU_TEMP_6,CPU_TEMP_7,CPU_TEMP_8,CPU_TEMP_9,CPU_USAGE_0,CPU_USAGE_1,CPU_USAGE_2,CPU_USAGE_3,CPU_USAGE_4,CPU_USAGE_5,CPU_USAGE_6,CPU_USAGE_7,SYSTEM_POWER (Watts),TOTAL_MEMORY,TOTAL_SWAP,USED_MEMORY,USED_SWAP
0,1729582660213,3228,3228,3228,3228,3228,3228,3228,3228,65.19520568847656,62.441200256347656,63.7999267578125,65.79802703857422,65.31309509277344,63.66057586669922,63.218238830566406,64.54086303710938,65.63868713378906,65.13753509521484,66.66667175292969,NaN,0,0,0,0,0,0,5.120542526245117,17179869184,22548578304,4159356928,21153120256
309,1729582660213,3228,3228,3228,3228,3228,3228,3228,3228,65.19520568847656,62.441200256347656,63.7999267578125,65.79802703857422,65.31309509277344,63.66057586669922,63.218238830566406,64.54086303710938,65.63868713378906,65.13753509521484,NaN,66.66667175292969,0,100,0,0,0,0,5.120542526245117,17179869184,22548578304,4159356928,21153120256
303,1729582660523,3228,3228,3228,3228,3228,3228,3228,3228,65.19520568847656,62.441200256347656,63.7999267578125,65.79802703857422,65.31309509277344,63.66057586669922,63.218238830566406,64.54086303710938,65.63868713378906,65.13753509521484,87.5,87.09677124023438,100,90.32257843017578,90.32257843017578,90.32257843017578,90.625,90,4.912875652313232,17179869184,22548578304,4159356928,21153120256
8,1729582660827,3228,3228,3228,3228,3228,3228,3228,3228,65.19520568847656,62.441200256347656,63.7999267578125,65.79802703857422,65.31309509277344,63.66057586669922,63.218238830566406,64.54086303710938,65.63868713378906,65.13753509521484,6.896551609039307,13.333333969116211,48.3870964050293,27.586206436157227,6.6666669845581055,33.333335876464844,3.4482758045196533,12.90322494506836,4.912875652313232,17179869184,22548578304,4166418432,21153120256
