Delta,Time,CPU_FREQUENCY_0,CPU_FREQUENCY_1,CPU_FREQUENCY_2,CPU_FREQUENCY_3,CPU_FREQUENCY_4,CPU_FREQUENCY_5,CPU_FREQUENCY_6,CPU_FREQUENCY_7,CPU_TEMP_0,CPU_TEMP_1,CPU_TEMP_2,CPU_TEMP_3,CPU_TEMP_4,CPU_TEMP_5,CPU_TEMP_6,CPU_TEMP_7,CPU_TEMP_8,CPU_TEMP_9,CPU_USAGE_0,CPU_USAGE_1,CPU_USAGE_2,CPU_USAGE_3,CPU_USAGE_4,CPU_USAGE_5,CPU_USAGE_6,CPU_USAGE_7,SYSTEM_POWER (Watts),TOTAL_MEMORY,TOTAL_SWAP,USED_MEMORY,USED_SWAP
0,1729564863342,3228,3228,3228,3228,3228,3228,3228,3228,69.65459442138672,65.19735717773438,74.29181671142578,76.22966766357422,73.40171813964844,67.8673095703125,71.57684326171875,70.02525329589844,66.58634948730469,66.82894134521484,0,50,100,50,0,0,0,0,26.41795539855957,17179869184,22548578304,5875499008,21256667136
302,1729564863342,3228,3228,3228,3228,3228,3228,3228,3228,69.65459442138672,65.19735717773438,74.29181671142578,76.22966766357422,73.40171813964844,67.8673095703125,71.57684326171875,70.02525329589844,66.58634948730469,66.82894134521484,0,NaN,50,100,50,0,0,0,26.41795539855957,17179869184,22548578304,5877891072,21256667136
309,1729564863644,3228,3228,3228,3228,3228,3228,3228,3228,67.97895812988281,64.5979995727539,71.31230926513672,72.3760986328125,70.7048568725586,65.98918914794922,68.28257751464844,68.4710464477539,67.04570007324219,66.49412536621094,74.19355010986328,76.66666412353516,96.66666412353516,89.6551742553711,83.33332824707031,86.66666412353516,80,76.66666412353516,26.41795539855957,17179869184,22548578304,8380710912,21256667136
12,1729564863955,3228,3228,3228,3228,3228,3228,3228,3228,67.97895812988281,64.5979995727539,71.31230926513672,72.3760986328125,70.7048568725586,65.98918914794922,68.28257751464844,68.4710464477539,67.04570007324219,66.49412536621094,23.33333396911621,29.032257080078125,38.70967483520508,29.032257080078125,32.25806427001953,19.35483741760254,12.121212005615234,3.3333334922790527,26.41795539855957,17179869184,22548578304,5889605632,21256667136
