Delta,Time,CPU_FREQUENCY_0,CPU_FREQUENCY_1,CPU_FREQUENCY_2,CPU_FREQUENCY_3,CPU_FREQUENCY_4,CPU_FREQUENCY_5,CPU_FREQUENCY_6,CPU_FREQUENCY_7,CPU_TEMP_0,CPU_TEMP_1,CPU_TEMP_2,CPU_TEMP_3,CPU_TEMP_4,CPU_TEMP_5,CPU_TEMP_6,CPU_TEMP_7,CPU_TEMP_8,CPU_TEMP_9,CPU_USAGE_0,CPU_USAGE_1,CPU_USAGE_2,CPU_USAGE_3,CPU_USAGE_4,CPU_USAGE_5,CPU_USAGE_6,CPU_USAGE_7,SYSTEM_POWER (Watts),TOTAL_MEMORY,TOTAL_SWAP,USED_MEMORY,USED_SWAP
0,1729530672320,3228,3228,3228,3228,3228,3228,3228,3228,71.39838409423828,66.12067413330078,76.1980209350586,77.73538970947266,75.51248168945313,69.62406158447266,71.92958068847656,69.79618835449219,67.95516204833984,68.07201385498047,0,0,100,50,100,50,100,0,18.99592399597168,17179869184,16106127360,11248730112,15640952832
304,1729530672320,3228,3228,3228,3228,3228,3228,3228,3228,71.39838409423828,66.12067413330078,76.1980209350586,77.73538970947266,75.51248168945313,69.62406158447266,71.92958068847656,69.79618835449219,67.95516204833984,68.07201385498047,0,0,NaN,100,100,NaN,100,0,18.99592399597168,17179869184,16106127360,11248730112,15640952832
8,1729530672625,3228,3228,3228,3228,3228,3228,3228,3228,71.39838409423828,66.12067413330078,76.1980209350586,77.73538970947266,75.51248168945313,69.62406158447266,71.92958068847656,69.79618835449219,67.95516204833984,68.07201385498047,13.333333969116211,19.35483741760254,96.7741928100586,93.33333587646484,89.6551742553711,96.66666412353516,36.66666793823242,16.666667938232422,18.99592399597168,17179869184,16106127360,11248730112,15640952832
