Delta,Time,CPU_FREQUENCY_0,CPU_FREQUENCY_1,CPU_FREQUENCY_2,CPU_FREQUENCY_3,CPU_FREQUENCY_4,CPU_FREQUENCY_5,CPU_FREQUENCY_6,CPU_FREQUENCY_7,CPU_TEMP_0,CPU_TEMP_1,CPU_TEMP_2,CPU_TEMP_3,CPU_TEMP_4,CPU_TEMP_5,CPU_TEMP_6,CPU_TEMP_7,CPU_TEMP_8,CPU_TEMP_9,CPU_USAGE_0,CPU_USAGE_1,CPU_USAGE_2,CPU_USAGE_3,CPU_USAGE_4,CPU_USAGE_5,CPU_USAGE_6,CPU_USAGE_7,SYSTEM_POWER (Watts),TOTAL_MEMORY,TOTAL_SWAP,USED_MEMORY,USED_SWAP
0,1729571373360,3228,3228,3228,3228,3228,3228,3228,3228,67.11613464355469,63.587650299072266,70.62493133544922,70.24232482910156,68.83596801757813,65.10888671875,67.36741638183594,67.59629821777344,66.29946899414063,65.72065734863281,0,0,0,50,0,0,0,0,24.354700088500977,17179869184,22548578304,3995893760,21248278528
309,1729571373360,3228,3228,3228,3228,3228,3228,3228,3228,67.11613464355469,63.587650299072266,70.62493133544922,70.24232482910156,68.83596801757813,65.10888671875,67.36741638183594,67.59629821777344,66.29946899414063,65.72065734863281,0,50,0,NaN,0,0,0,0,24.354700088500977,17179869184,22548578304,3997777920,21248278528
309,1729571373670,3228,3228,3228,3228,3228,3228,3228,3228,67.11613464355469,63.587650299072266,70.62493133544922,70.24232482910156,68.83596801757813,65.10888671875,67.36741638183594,67.59629821777344,66.29946899414063,65.72065734863281,38.70967483520508,30.000001907348633,78.125,80.6451644897461,67.74193572998047,67.74193572998047,67.74193572998047,66.66667175292969,24.354700088500977,17179869184,22548578304,5528141824,21248278528
307,1729571373980,3228,3228,3228,3228,3228,3228,3228,3228,64.51864624023438,62.173423767089844,66.56930541992188,66.70526123046875,65.84757232666016,62.695030212402344,64.50142669677734,65.36027526855469,66.10836791992188,64.68952941894531,43.33333206176758,38.70967483520508,63.33333206176758,61.29032516479492,64.51612854003906,50,41.935482025146484,40.625,24.354700088500977,17179869184,22548578304,4443291648,21248278528
11,1729571374288,3228,3228,3228,3228,3228,3228,3228,3228,64.51864624023438,62.173423767089844,66.56930541992188,66.70526123046875,65.84757232666016,62.695030212402344,64.50142669677734,65.36027526855469,66.10836791992188,64.68952941894531,30.000001907348633,25.80644989013672,6.45161247253418,3.22580623626709,3.22580623626709,0,0,0,9.447903633117676,17179869184,22548578304,4162027520,21248278528
