Delta,Time,CPU_FREQUENCY_0,CPU_FREQUENCY_1,CPU_FREQUENCY_2,CPU_FREQUENCY_3,CPU_FREQUENCY_4,CPU_FREQUENCY_5,CPU_FREQUENCY_6,CPU_FREQUENCY_7,CPU_TEMP_0,CPU_TEMP_1,CPU_TEMP_2,CPU_TEMP_3,CPU_TEMP_4,CPU_TEMP_5,CPU_TEMP_6,CPU_TEMP_7,CPU_TEMP_8,CPU_TEMP_9,CPU_USAGE_0,CPU_USAGE_1,CPU_USAGE_2,CPU_USAGE_3,CPU_USAGE_4,CPU_USAGE_5,CPU_USAGE_6,CPU_USAGE_7,SYSTEM_POWER (Watts),TOTAL_MEMORY,TOTAL_SWAP,USED_MEMORY,USED_SWAP
0,1729558496406,3228,3228,3228,3228,3228,3228,3228,3228,58.69688415527344,56.40095901489258,57.39757537841797,58.57404708862305,59.026451110839844,56.99530029296875,57.192100524902344,57.506813049316406,59.694419860839844,58.49687194824219,0,0,NaN,100,100,50,NaN,NaN,6.191559791564941,17179869184,22548578304,5548179456,21348941824
302,1729558496406,3228,3228,3228,3228,3228,3228,3228,3228,58.69688415527344,56.40095901489258,57.39757537841797,58.57404708862305,59.026451110839844,56.99530029296875,57.192100524902344,57.506813049316406,59.694419860839844,58.49687194824219,0,0,100,100,NaN,NaN,0,0,6.191559791564941,17179869184,22548578304,5548179456,21348941824
305,1729558496710,3228,3228,3228,3228,3228,3228,3228,3228,63.12640380859375,59.346763610839844,65.63687133789063,67.27870178222656,65.83980560302734,60.87203598022461,63.60755920410156,63.3109245300293,62.5693473815918,60.93983459472656,93.54838562011719,93.33333587646484,96.7741928100586,96.7741928100586,96.875,100,96.66666412353516,96.66666412353516,6.191559791564941,17179869184,22548578304,5548179456,21348941824
308,1729558497015,3228,3228,3228,3228,3228,3228,3228,3228,63.12640380859375,59.346763610839844,65.63687133789063,67.27870178222656,65.83980560302734,60.87203598022461,63.60755920410156,63.3109245300293,62.5693473815918,60.93983459472656,30.000001907348633,30.000001907348633,90.32257843017578,90,89.6551742553711,76.66666412353516,64.51612854003906,67.74193572998047,8.611275672912598,17179869184,22548578304,5684543488,21348941824
11,1729558497324,3228,3228,3228,3228,3228,3228,3228,3228,63.12640380859375,59.346763610839844,65.63687133789063,67.27870178222656,65.83980560302734,60.87203598022461,63.60755920410156,63.3109245300293,62.5693473815918,60.93983459472656,33.333335876464844,37.5,80.6451644897461,80.6451644897461,74.19355010986328,43.33333206176758,38.70967483520508,16.666667938232422,8.611275672912598,17179869184,22548578304,5657214976,21348941824
