Delta,Time,CPU_FREQUENCY_0,CPU_FREQUENCY_1,CPU_FREQUENCY_2,CPU_FREQUENCY_3,CPU_FREQUENCY_4,CPU_FREQUENCY_5,CPU_FREQUENCY_6,CPU_FREQUENCY_7,CPU_TEMP_0,CPU_TEMP_1,CPU_TEMP_2,CPU_TEMP_3,CPU_TEMP_4,CPU_TEMP_5,CPU_TEMP_6,CPU_TEMP_7,CPU_TEMP_8,CPU_TEMP_9,CPU_USAGE_0,CPU_USAGE_1,CPU_USAGE_2,CPU_USAGE_3,CPU_USAGE_4,CPU_USAGE_5,CPU_USAGE_6,CPU_USAGE_7,SYSTEM_POWER (Watts),TOTAL_MEMORY,TOTAL_SWAP,USED_MEMORY,USED_SWAP
0,1729549903178,3228,3228,3228,3228,3228,3228,3228,3228,61.612693786621094,58.84749221801758,61.92927551269531,62.58235168457031,61.95502471923828,59.810787200927734,61.06364440917969,60.542659759521484,61.25840759277344,60.95714569091797,50,50,0,0,0,0,0,0,16.050254821777344,17179869184,21474836480,5728206848,20766916608
308,1729549903178,3228,3228,3228,3228,3228,3228,3228,3228,61.612693786621094,58.84749221801758,61.92927551269531,62.58235168457031,61.95502471923828,59.810787200927734,61.06364440917969,60.542659759521484,61.25840759277344,60.95714569091797,0,0,100,50,0,0,0,0,16.050254821777344,17179869184,21474836480,5730254848,20766916608
303,1729549903487,3228,3228,3228,3228,3228,3228,3228,3228,59.519222259521484,57.37366485595703,58.95161437988281,59.614356994628906,59.96623992919922,58.06077194213867,58.1224365234375,58.775604248046875,59.968345642089844,59.79827117919922,90.32257843017578,90.625,96.7741928100586,96.7741928100586,93.54838562011719,90.32257843017578,87.09677124023438,90,16.050254821777344,17179869184,21474836480,5784158208,20766916608
10,1729549903790,3228,3228,3228,3228,3228,3228,3228,3228,59.519222259521484,57.37366485595703,58.95161437988281,59.614356994628906,59.96623992919922,58.06077194213867,58.1224365234375,58.775604248046875,59.968345642089844,59.79827117919922,13.333333969116211,10,56.66666793823242,20,22.580644607543945,16.666667938232422,16.666667938232422,9.67741870880127,6.237701416015625,17179869184,21474836480,5731975168,20766916608
