Delta,Time,CPU_FREQUENCY_0,CPU_FREQUENCY_1,CPU_FREQUENCY_2,CPU_FREQUENCY_3,CPU_FREQUENCY_4,CPU_FREQUENCY_5,CPU_FREQUENCY_6,CPU_FREQUENCY_7,CPU_TEMP_0,CPU_TEMP_1,CPU_TEMP_2,CPU_TEMP_3,CPU_TEMP_4,CPU_TEMP_5,CPU_TEMP_6,CPU_TEMP_7,CPU_TEMP_8,CPU_TEMP_9,CPU_USAGE_0,CPU_USAGE_1,CPU_USAGE_2,CPU_USAGE_3,CPU_USAGE_4,CPU_USAGE_5,CPU_USAGE_6,CPU_USAGE_7,SYSTEM_POWER (Watts),TOTAL_MEMORY,TOTAL_SWAP,USED_MEMORY,USED_SWAP
0,1729590949126,3228,3228,3228,3228,3228,3228,3228,3228,63.718170166015625,59.70787811279297,66.61392974853516,68.24451446533203,65.30500030517578,61.06296157836914,64.84638977050781,63.9022102355957,62.08782958984375,61.663734436035156,0,0,0,0,33.333335876464844,0,0,0,23.501787185668945,17179869184,22548578304,4843569152,21069234176
305,1729590949126,3228,3228,3228,3228,3228,3228,3228,3228,63.718170166015625,59.70787811279297,66.61392974853516,68.24451446533203,65.30500030517578,61.06296157836914,64.84638977050781,63.9022102355957,62.08782958984375,61.663734436035156,NaN,0,0,100,0,0,0,0,23.501787185668945,17179869184,22548578304,4846305280,21069234176
9,1729590949432,3228,3228,3228,3228,3228,3228,3228,3228,59.93622589111328,56.6861572265625,59.56182861328125,61.24458312988281,60.25303649902344,57.60048294067383,58.639408111572266,58.94822692871094,59.57809829711914,59.27307891845703,19.35483741760254,20,48.3870964050293,34.482757568359375,16.666667938232422,13.333333969116211,0,0,23.501787185668945,17179869184,22548578304,4864049152,21069234176
