Delta,Time,CPU_FREQUENCY_0,CPU_FREQUENCY_1,CPU_FREQUENCY_2,CPU_FREQUENCY_3,CPU_FREQUENCY_4,CPU_FREQUENCY_5,CPU_FREQUENCY_6,CPU_FREQUENCY_7,CPU_TEMP_0,CPU_TEMP_1,CPU_TEMP_2,CPU_TEMP_3,CPU_TEMP_4,CPU_TEMP_5,CPU_TEMP_6,CPU_TEMP_7,CPU_TEMP_8,CPU_TEMP_9,CPU_USAGE_0,CPU_USAGE_1,CPU_USAGE_2,CPU_USAGE_3,CPU_USAGE_4,CPU_USAGE_5,CPU_USAGE_6,CPU_USAGE_7,SYSTEM_POWER (Watts),TOTAL_MEMORY,TOTAL_SWAP,USED_MEMORY,USED_SWAP
0,1729540569992,3228,3228,3228,3228,3228,3228,3228,3228,56.457271575927734,54.00469207763672,54.81414794921875,55.41193771362305,56.677818298339844,54.52537536621094,54.58546829223633,54.78602981567383,57.5053596496582,56.801719665527344,0,100,50,NaN,NaN,100,100,100,4.7278828620910645,17179869184,21474836480,5516066816,20369506304
309,1729540569992,3228,3228,3228,3228,3228,3228,3228,3228,56.457271575927734,54.00469207763672,54.81414794921875,55.41193771362305,56.677818298339844,54.52537536621094,54.58546829223633,54.78602981567383,57.5053596496582,56.801719665527344,100,0,NaN,100,100,NaN,NaN,NaN,4.7278828620910645,17179869184,21474836480,5518983168,20369506304
9,1729540570303,3228,3228,3228,3228,3228,3228,3228,3228,58.68854522705078,55.872901916503906,59.64082336425781,60.52273941040039,60.37168884277344,56.715206146240234,59.58405685424805,59.28755187988281,59.42502975463867,58.19239044189453,23.33333396911621,19.35483741760254,93.54838562011719,93.33333587646484,86.66666412353516,90.625,90.32257843017578,87.5,4.7278828620910645,17179869184,21474836480,5518983168,20369506304
