Delta,Time,CPU_FREQUENCY_0,CPU_FREQUENCY_1,CPU_FREQUENCY_2,CPU_FREQUENCY_3,CPU_FREQUENCY_4,CPU_FREQUENCY_5,CPU_FREQUENCY_6,CPU_FREQUENCY_7,CPU_TEMP_0,CPU_TEMP_1,CPU_TEMP_2,CPU_TEMP_3,CPU_TEMP_4,CPU_TEMP_5,CPU_TEMP_6,CPU_TEMP_7,CPU_TEMP_8,CPU_TEMP_9,CPU_USAGE_0,CPU_USAGE_1,CPU_USAGE_2,CPU_USAGE_3,CPU_USAGE_4,CPU_USAGE_5,CPU_USAGE_6,CPU_USAGE_7,SYSTEM_POWER (Watts),TOTAL_MEMORY,TOTAL_SWAP,USED_MEMORY,USED_SWAP
0,1729601521549,3228,3228,3228,3228,3228,3228,3228,3228,62.91574478149414,61.35646057128906,62.795631408691406,63.2838020324707,63.74298095703125,61.835548400878906,61.747859954833984,62.80381393432617,64.76903533935547,63.569610595703125,50,50,50,0,0,0,0,0,4.719930648803711,17179869184,22548578304,4725243904,20918173696
310,1729601521549,3228,3228,3228,3228,3228,3228,3228,3228,62.91574478149414,61.35646057128906,62.795631408691406,63.2838020324707,63.74298095703125,61.835548400878906,61.747859954833984,62.80381393432617,64.76903533935547,63.569610595703125,0,NaN,50,50,0,NaN,0,0,4.719930648803711,17179869184,22548578304,4725243904,20918173696
307,1729601521862,3228,3228,3228,3228,3228,3228,3228,3228,62.91574478149414,61.35646057128906,62.795631408691406,63.2838020324707,63.74298095703125,61.835548400878906,61.747859954833984,62.80381393432617,64.76903533935547,63.569610595703125,64.51612854003906,65.625,73.33333587646484,80.6451644897461,67.74193572998047,65.625,61.29032516479492,61.29032516479492,4.719930648803711,17179869184,22548578304,4725243904,20918173696
308,1729601522170,3228,3228,3228,3228,3228,3228,3228,3228,62.91574478149414,61.35646057128906,62.795631408691406,63.2838020324707,63.74298095703125,61.835548400878906,61.747859954833984,62.80381393432617,64.76903533935547,63.569610595703125,73.33333587646484,70,90.32257843017578,90,90.32257843017578,83.87096405029297,77.41934967041016,76.66666412353516,4.714900016784668,17179869184,22548578304,7073513472,20918173696
9,1729601522479,3228,3228,3228,3228,3228,3228,3228,3228,68.74703979492188,66.57909393310547,73.51190948486328,75.2882308959961,71.76627349853516,67.17694854736328,71.85679626464844,73.25508117675781,71.17161560058594,68.3359375,19.35483741760254,16.666667938232422,77.41934967041016,75,70.96774291992188,46.66666793823242,35.48387145996094,12.90322494506836,4.714900016784668,17179869184,22548578304,4741103616,20918173696
