Delta,Time,CPU_FREQUENCY_0,CPU_FREQUENCY_1,CPU_FREQUENCY_2,CPU_FREQUENCY_3,CPU_FREQUENCY_4,CPU_FREQUENCY_5,CPU_FREQUENCY_6,CPU_FREQUENCY_7,CPU_TEMP_0,CPU_TEMP_1,CPU_TEMP_2,CPU_TEMP_3,CPU_TEMP_4,CPU_TEMP_5,CPU_TEMP_6,CPU_TEMP_7,CPU_TEMP_8,CPU_TEMP_9,CPU_USAGE_0,CPU_USAGE_1,CPU_USAGE_2,CPU_USAGE_3,CPU_USAGE_4,CPU_USAGE_5,CPU_USAGE_6,CPU_USAGE_7,SYSTEM_POWER (Watts),TOTAL_MEMORY,TOTAL_SWAP,USED_MEMORY,USED_SWAP
0,1729595637455,3228,3228,3228,3228,3228,3228,3228,3228,64.446533203125,61.444976806640625,63.575706481933594,64.23883819580078,64.69282531738281,62.29323959350586,63.543827056884766,63.8119010925293,64.49278259277344,64.01333618164063,50,NaN,50,NaN,66.66667175292969,100,100,0,4.8460164070129395,17179869184,22548578304,5210079232,20968570880
302,1729595637455,3228,3228,3228,3228,3228,3228,3228,3228,64.446533203125,61.444976806640625,63.575706481933594,64.23883819580078,64.69282531738281,62.29323959350586,63.543827056884766,63.8119010925293,64.49278259277344,64.01333618164063,0,0,100,66.66667175292969,100,100,NaN,NaN,4.8460164070129395,17179869184,22548578304,5210079232,20968570880
7,1729595637757,3228,3228,3228,3228,3228,3228,3228,3228,64.446533203125,61.444976806640625,63.575706481933594,64.23883819580078,64.69282531738281,62.29323959350586,63.543827056884766,63.8119010925293,64.49278259277344,64.01333618164063,13.793103218078613,19.35483741760254,73.33333587646484,79.31034851074219,75.86206817626953,60.000003814697266,51.61289978027344,46.875,4.769805431365967,17179869184,22548578304,5210079232,20968570880
