Delta,Time,CPU_FREQUENCY_0,CPU_FREQUENCY_1,CPU_FREQUENCY_2,CPU_FREQUENCY_3,CPU_FREQUENCY_4,CPU_FREQUENCY_5,CPU_FREQUENCY_6,CPU_FREQUENCY_7,CPU_TEMP_0,CPU_TEMP_1,CPU_TEMP_2,CPU_TEMP_3,CPU_TEMP_4,CPU_TEMP_5,CPU_TEMP_6,CPU_TEMP_7,CPU_TEMP_8,CPU_TEMP_9,CPU_USAGE_0,CPU_USAGE_1,CPU_USAGE_2,CPU_USAGE_3,CPU_USAGE_4,CPU_USAGE_5,CPU_USAGE_6,CPU_USAGE_7,SYSTEM_POWER (Watts),TOTAL_MEMORY,TOTAL_SWAP,USED_MEMORY,USED_SWAP
0,1729534296937,3228,3228,3228,3228,3228,3228,3228,3228,70.74773406982422,66.307373046875,74.71553039550781,76.24260711669922,73.9295883178711,68.74275207519531,72.16434478759766,71.7890396118164,69.94062805175781,68.82830810546875,NaN,50,100,0,NaN,100,100,NaN,4.782328128814697,17179869184,19327352832,7892762624,18666356736
306,1729534296937,3228,3228,3228,3228,3228,3228,3228,3228,70.74773406982422,66.307373046875,74.71553039550781,76.24260711669922,73.9295883178711,68.74275207519531,72.16434478759766,71.7890396118164,69.94062805175781,68.82830810546875,NaN,NaN,NaN,100,50,NaN,100,100,4.782328128814697,17179869184,19327352832,7892762624,18666356736
9,1729534297243,3228,3228,3228,3228,3228,3228,3228,3228,70.74773406982422,66.307373046875,74.71553039550781,76.24260711669922,73.9295883178711,68.74275207519531,72.16434478759766,71.7890396118164,69.94062805175781,68.82830810546875,19.35483741760254,20,78.125,77.41934967041016,80,67.74193572998047,48.3870964050293,27.586206436157227,4.782328128814697,17179869184,19327352832,7892762624,18666356736
