Delta,Time,CPU_FREQUENCY_0,CPU_FREQUENCY_1,CPU_FREQUENCY_2,CPU_FREQUENCY_3,CPU_FREQUENCY_4,CPU_FREQUENCY_5,CPU_FREQUENCY_6,CPU_FREQUENCY_7,CPU_TEMP_0,CPU_TEMP_1,CPU_TEMP_2,CPU_TEMP_3,CPU_TEMP_4,CPU_TEMP_5,CPU_TEMP_6,CPU_TEMP_7,CPU_TEMP_8,CPU_TEMP_9,CPU_USAGE_0,CPU_USAGE_1,CPU_USAGE_2,CPU_USAGE_3,CPU_USAGE_4,CPU_USAGE_5,CPU_USAGE_6,CPU_USAGE_7,SYSTEM_POWER (Watts),TOTAL_MEMORY,TOTAL_SWAP,USED_MEMORY,USED_SWAP
0,1729576222491,3228,3228,3228,3228,3228,3228,3228,3228,63.91482925415039,61.087158203125,62.28898620605469,63.77084732055664,63.76960754394531,62.256221771240234,61.9354362487793,62.27287292480469,63.314273834228516,63.251190185546875,0,50,0,66.66667175292969,0,50,50,50,4.933658123016357,17179869184,22548578304,4476715008,21248278528
299,1729576222491,3228,3228,3228,3228,3228,3228,3228,3228,63.91482925415039,61.087158203125,62.28898620605469,63.77084732055664,63.76960754394531,62.256221771240234,61.9354362487793,62.27287292480469,63.314273834228516,63.251190185546875,0,0,50,NaN,0,100,0,0,4.933658123016357,17179869184,22548578304,4479877120,21248278528
8,1729576222791,3228,3228,3228,3228,3228,3228,3228,3228,63.91482925415039,61.087158203125,62.28898620605469,63.77084732055664,63.76960754394531,62.256221771240234,61.9354362487793,62.27287292480469,63.314273834228516,63.251190185546875,16.129032135009766,13.793103218078613,75.86206817626953,63.33333206176758,70,63.33333206176758,51.72413635253906,46.66666793823242,4.933658123016357,17179869184,22548578304,4527767552,21248278528
