Delta,Time,CPU_FREQUENCY_0,CPU_FREQUENCY_1,CPU_FREQUENCY_2,CPU_FREQUENCY_3,CPU_FREQUENCY_4,CPU_FREQUENCY_5,CPU_FREQUENCY_6,CPU_FREQUENCY_7,CPU_TEMP_0,CPU_TEMP_1,CPU_TEMP_2,CPU_TEMP_3,CPU_TEMP_4,CPU_TEMP_5,CPU_TEMP_6,CPU_TEMP_7,CPU_TEMP_8,CPU_TEMP_9,CPU_USAGE_0,CPU_USAGE_1,CPU_USAGE_2,CPU_USAGE_3,CPU_USAGE_4,CPU_USAGE_5,CPU_USAGE_6,CPU_USAGE_7,SYSTEM_POWER (Watts),TOTAL_MEMORY,TOTAL_SWAP,USED_MEMORY,USED_SWAP
0,1729541766505,3228,3228,3228,3228,3228,3228,3228,3228,67.83999633789063,63.27669143676758,71.37629699707031,73.04281616210938,71.0761489868164,66.32804870605469,68.1754150390625,67.44499206542969,66.54458618164063,65.37480926513672,100,0,100,50,100,100,100,100,4.685706615447998,17179869184,21474836480,5492015104,20369506304
309,1729541766505,3228,3228,3228,3228,3228,3228,3228,3228,67.83999633789063,63.27669143676758,71.37629699707031,73.04281616210938,71.0761489868164,66.32804870605469,68.1754150390625,67.44499206542969,66.54458618164063,65.37480926513672,0,0,NaN,100,NaN,50,100,100,4.685706615447998,17179869184,21474836480,5497946112,20369506304
305,1729541766815,3228,3228,3228,3228,3228,3228,3228,3228,67.83999633789063,63.27669143676758,71.37629699707031,73.04281616210938,71.0761489868164,66.32804870605469,68.1754150390625,67.44499206542969,66.54458618164063,65.37480926513672,93.54838562011719,96.66666412353516,100,100,100,100,100,100,9.253813743591309,17179869184,21474836480,5570641920,20369506304
8,1729541767121,3228,3228,3228,3228,3228,3228,3228,3228,70.52767944335938,68.12281799316406,75.7501449584961,77.95618438720703,73.74217224121094,69.09064483642578,75.14463806152344,74.78610229492188,72.5777359008789,69.58710479736328,26.666667938232422,25.80644989013672,80.6451644897461,70.96774291992188,54.83871078491211,61.29032516479492,30.000001907348633,36.66666793823242,9.253813743591309,17179869184,21474836480,5532450816,20369506304
