Delta,Time,CPU_FREQUENCY_0,CPU_FREQUENCY_1,CPU_FREQUENCY_2,CPU_FREQUENCY_3,CPU_FREQUENCY_4,CPU_FREQUENCY_5,CPU_FREQUENCY_6,CPU_FREQUENCY_7,CPU_TEMP_0,CPU_TEMP_1,CPU_TEMP_2,CPU_TEMP_3,CPU_TEMP_4,CPU_TEMP_5,CPU_TEMP_6,CPU_TEMP_7,CPU_TEMP_8,CPU_TEMP_9,CPU_USAGE_0,CPU_USAGE_1,CPU_USAGE_2,CPU_USAGE_3,CPU_USAGE_4,CPU_USAGE_5,CPU_USAGE_6,CPU_USAGE_7,SYSTEM_POWER (Watts),TOTAL_MEMORY,TOTAL_SWAP,USED_MEMORY,USED_SWAP
0,1729571466372,3228,3228,3228,3228,3228,3228,3228,3228,64.29378509521484,61.331298828125,67.14852905273438,66.05207061767578,64.84962463378906,62.084922790527344,64.1922607421875,64.25918579101563,64.2830810546875,63.809844970703125,0,100,100,NaN,100,100,NaN,0,20.04922103881836,17179869184,22548578304,4955947008,21248278528
308,1729571466372,3228,3228,3228,3228,3228,3228,3228,3228,64.29378509521484,61.331298828125,67.14852905273438,66.05207061767578,64.84962463378906,62.084922790527344,64.1922607421875,64.25918579101563,64.2830810546875,63.809844970703125,0,0,NaN,100,100,100,100,0,20.04922103881836,17179869184,22548578304,4959010816,21248278528
307,1729571466684,3228,3228,3228,3228,3228,3228,3228,3228,64.29378509521484,61.331298828125,67.14852905273438,66.05207061767578,64.84962463378906,62.084922790527344,64.1922607421875,64.25918579101563,64.2830810546875,63.809844970703125,100,96.7741928100586,100,100,100,100,100,100,20.04922103881836,17179869184,22548578304,5003411456,21248278528
306,1729571466991,3228,3228,3228,3228,3228,3228,3228,3228,68.17192840576172,64.54652404785156,72.95148468017578,73.77142333984375,71.7228775024414,65.88363647460938,70.73367309570313,70.9430160522461,68.31300354003906,66.34986114501953,12.90322494506836,12.90322494506836,61.29032516479492,25.80644989013672,38.70967483520508,40.625,32.25806427001953,19.35483741760254,20.04922103881836,17179869184,22548578304,5007589376,21248278528
7,1729571467297,3228,3228,3228,3228,3228,3228,3228,3228,68.17192840576172,64.54652404785156,72.95148468017578,73.77142333984375,71.7228775024414,65.88363647460938,70.73367309570313,70.9430160522461,68.31300354003906,66.34986114501953,20,20,86.66666412353516,80,76.66666412353516,83.33332824707031,9.67741870880127,6.6666669845581055,15.628311157226563,17179869184,22548578304,4969021440,21248278528
