Delta,Time,CPU_FREQUENCY_0,CPU_FREQUENCY_1,CPU_FREQUENCY_2,CPU_FREQUENCY_3,CPU_FREQUENCY_4,CPU_FREQUENCY_5,CPU_FREQUENCY_6,CPU_FREQUENCY_7,CPU_TEMP_0,CPU_TEMP_1,CPU_TEMP_2,CPU_TEMP_3,CPU_TEMP_4,CPU_TEMP_5,CPU_TEMP_6,CPU_TEMP_7,CPU_TEMP_8,CPU_TEMP_9,CPU_USAGE_0,CPU_USAGE_1,CPU_USAGE_2,CPU_USAGE_3,CPU_USAGE_4,CPU_USAGE_5,CPU_USAGE_6,CPU_USAGE_7,SYSTEM_POWER (Watts),TOTAL_MEMORY,TOTAL_SWAP,USED_MEMORY,USED_SWAP
0,1729595340744,3228,3228,3228,3228,3228,3228,3228,3228,67.47354125976563,63.988685607910156,67.49409484863281,69.28221130371094,68.14590454101563,65.23800659179688,65.9513931274414,66.68997192382813,66.51128387451172,66.01973724365234,NaN,0,100,50,100,100,NaN,0,21.84442901611328,17179869184,22548578304,5284954112,20968570880
309,1729595340744,3228,3228,3228,3228,3228,3228,3228,3228,67.47354125976563,63.988685607910156,67.49409484863281,69.28221130371094,68.14590454101563,65.23800659179688,65.9513931274414,66.68997192382813,66.51128387451172,66.01973724365234,0,0,NaN,NaN,100,0,100,NaN,10.329449653625488,17179869184,22548578304,5288787968,20968570880
306,1729595341055,3228,3228,3228,3228,3228,3228,3228,3228,67.47354125976563,63.988685607910156,67.49409484863281,69.28221130371094,68.14590454101563,65.23800659179688,65.9513931274414,66.68997192382813,66.51128387451172,66.01973724365234,96.7741928100586,93.54838562011719,96.875,100,100,100,100,96.7741928100586,10.329449653625488,17179869184,22548578304,5356093440,20968570880
303,1729595341361,3228,3228,3228,3228,3228,3228,3228,3228,72.37594604492188,68.75148010253906,76.71050262451172,79.55130767822266,75.46144104003906,70.18523406982422,75.538818359375,75.94517517089844,72.07563781738281,70.34376525878906,12.90322494506836,18.75,90.32257843017578,80.6451644897461,76.66666412353516,86.66666412353516,70,41.935482025146484,10.329449653625488,17179869184,22548578304,5371183104,20968570880
11,1729595341664,3228,3228,3228,3228,3228,3228,3228,3228,72.37594604492188,68.75148010253906,76.71050262451172,79.55130767822266,75.46144104003906,70.18523406982422,75.538818359375,75.94517517089844,72.07563781738281,70.34376525878906,29.032257080078125,20.689655303955078,17.241378784179688,13.793103218078613,9.67741870880127,12.90322494506836,12.90322494506836,3.3333334922790527,10.329449653625488,17179869184,22548578304,5309480960,20968570880
