Delta,Time,CPU_FREQUENCY_0,CPU_FREQUENCY_1,CPU_FREQUENCY_2,CPU_FREQUENCY_3,CPU_FREQUENCY_4,CPU_FREQUENCY_5,CPU_FREQUENCY_6,CPU_FREQUENCY_7,CPU_TEMP_0,CPU_TEMP_1,CPU_TEMP_2,CPU_TEMP_3,CPU_TEMP_4,CPU_TEMP_5,CPU_TEMP_6,CPU_TEMP_7,CPU_TEMP_8,CPU_TEMP_9,CPU_USAGE_0,CPU_USAGE_1,CPU_USAGE_2,CPU_USAGE_3,CPU_USAGE_4,CPU_USAGE_5,CPU_USAGE_6,CPU_USAGE_7,SYSTEM_POWER (Watts),TOTAL_MEMORY,TOTAL_SWAP,USED_MEMORY,USED_SWAP
0,1729583072938,3228,3228,3228,3228,3228,3228,3228,3228,62.60634994506836,60.50041961669922,60.863433837890625,63.02888488769531,63.314064025878906,61.2445068359375,60.86486053466797,61.7324104309082,63.15627670288086,62.69658660888672,100,33.333335876464844,0,0,0,0,0,0,8.000422477722168,17179869184,22548578304,5038096384,21144731648
301,1729583072938,3228,3228,3228,3228,3228,3228,3228,3228,62.60634994506836,60.50041961669922,60.863433837890625,63.02888488769531,63.314064025878906,61.2445068359375,60.86486053466797,61.7324104309082,63.15627670288086,62.69658660888672,0,0,0,NaN,0,0,0,0,8.000422477722168,17179869184,22548578304,5041111040,21144731648
8,1729583073240,3228,3228,3228,3228,3228,3228,3228,3228,62.005714416503906,60.261070251464844,61.46802520751953,63.47063446044922,63.18992614746094,61.356685638427734,61.05992126464844,61.45024871826172,62.69890213012695,62.365562438964844,22.580644607543945,20,40,38.70967483520508,19.35483741760254,6.6666669845581055,3.4482758045196533,3.3333334922790527,8.000422477722168,17179869184,22548578304,5085708288,21144731648
