Delta,Time,CPU_FREQUENCY_0,CPU_FREQUENCY_1,CPU_FREQUENCY_2,CPU_FREQUENCY_3,CPU_FREQUENCY_4,CPU_FREQUENCY_5,CPU_FREQUENCY_6,CPU_FREQUENCY_7,CPU_TEMP_0,CPU_TEMP_1,CPU_TEMP_2,CPU_TEMP_3,CPU_TEMP_4,CPU_TEMP_5,CPU_TEMP_6,CPU_TEMP_7,CPU_TEMP_8,CPU_TEMP_9,CPU_USAGE_0,CPU_USAGE_1,CPU_USAGE_2,CPU_USAGE_3,CPU_USAGE_4,CPU_USAGE_5,CPU_USAGE_6,CPU_USAGE_7,SYSTEM_POWER (Watts),TOTAL_MEMORY,TOTAL_SWAP,USED_MEMORY,USED_SWAP
0,1729549968215,3228,3228,3228,3228,3228,3228,3228,3228,60.042171478271484,57.021724700927734,58.66017150878906,59.462703704833984,60.173316955566406,58.37135696411133,57.91016387939453,58.44393539428711,60.216949462890625,59.90754699707031,50,0,0,0,0,0,0,0,4.727603912353516,17179869184,21474836480,6218219520,20766916608
308,1729549968215,3228,3228,3228,3228,3228,3228,3228,3228,60.042171478271484,57.021724700927734,58.66017150878906,59.462703704833984,60.173316955566406,58.37135696411133,57.91016387939453,58.44393539428711,60.216949462890625,59.90754699707031,0,NaN,NaN,NaN,0,NaN,NaN,NaN,4.727603912353516,17179869184,21474836480,6218219520,20766916608
9,1729549968523,3228,3228,3228,3228,3228,3228,3228,3228,60.00568771362305,56.95076370239258,58.751365661621094,59.41588592529297,60.28594207763672,58.395328521728516,57.6721076965332,58.300193786621094,59.96525192260742,59.871368408203125,19.35483741760254,12.90322494506836,29.032257080078125,29.032257080078125,13.333333969116211,6.45161247253418,3.22580623626709,0,4.727603912353516,17179869184,21474836480,6218219520,20766916608
