Delta,Time,CPU_FREQUENCY_0,CPU_FREQUENCY_1,CPU_FREQUENCY_2,CPU_FREQUENCY_3,CPU_FREQUENCY_4,CPU_FREQUENCY_5,CPU_FREQUENCY_6,CPU_FREQUENCY_7,CPU_TEMP_0,CPU_TEMP_1,CPU_TEMP_2,CPU_TEMP_3,CPU_TEMP_4,CPU_TEMP_5,CPU_TEMP_6,CPU_TEMP_7,CPU_TEMP_8,CPU_TEMP_9,CPU_USAGE_0,CPU_USAGE_1,CPU_USAGE_2,CPU_USAGE_3,CPU_USAGE_4,CPU_USAGE_5,CPU_USAGE_6,CPU_USAGE_7,SYSTEM_POWER (Watts),TOTAL_MEMORY,TOTAL_SWAP,USED_MEMORY,USED_SWAP
0,1729566612893,3228,3228,3228,3228,3228,3228,3228,3228,63.18593215942383,58.36478042602539,67.6722183227539,69.37065887451172,66.0053939819336,61.1588134765625,63.61671829223633,62.96149826049805,61.07522201538086,60.38727569580078,100,100,100,100,NaN,100,0,100,7.732248783111572,17179869184,22548578304,4378705920,21248278528
308,1729566612893,3228,3228,3228,3228,3228,3228,3228,3228,63.18593215942383,58.36478042602539,67.6722183227539,69.37065887451172,66.0053939819336,61.1588134765625,63.61671829223633,62.96149826049805,61.07522201538086,60.38727569580078,NaN,100,100,100,100,100,100,0,7.732248783111572,17179869184,22548578304,4381622272,21248278528
309,1729566613201,3228,3228,3228,3228,3228,3228,3228,3228,63.18593215942383,58.36478042602539,67.6722183227539,69.37065887451172,66.0053939819336,61.1588134765625,63.61671829223633,62.96149826049805,61.07522201538086,60.38727569580078,96.7741928100586,96.66666412353516,100,100,100,100,100,100,25.010332107543945,17179869184,22548578304,4381622272,21248278528
10,1729566613511,3228,3228,3228,3228,3228,3228,3228,3228,63.18593215942383,58.36478042602539,67.6722183227539,69.37065887451172,66.0053939819336,61.1588134765625,63.61671829223633,62.96149826049805,61.07522201538086,60.38727569580078,58.06451416015625,58.06451416015625,51.61289978027344,31.25,19.35483741760254,29.032257080078125,34.375,15.625,25.010332107543945,17179869184,22548578304,4400365568,21248278528
