Delta,Time,CPU_FREQUENCY_0,CPU_FREQUENCY_1,CPU_FREQUENCY_2,CPU_FREQUENCY_3,CPU_FREQUENCY_4,CPU_FREQUENCY_5,CPU_FREQUENCY_6,CPU_FREQUENCY_7,CPU_TEMP_0,CPU_TEMP_1,CPU_TEMP_2,CPU_TEMP_3,CPU_TEMP_4,CPU_TEMP_5,CPU_TEMP_6,CPU_TEMP_7,CPU_TEMP_8,CPU_TEMP_9,CPU_USAGE_0,CPU_USAGE_1,CPU_USAGE_2,CPU_USAGE_3,CPU_USAGE_4,CPU_USAGE_5,CPU_USAGE_6,CPU_USAGE_7,SYSTEM_POWER (Watts),TOTAL_MEMORY,TOTAL_SWAP,USED_MEMORY,USED_SWAP
0,1729535521203,3228,3228,3228,3228,3228,3228,3228,3228,69.74244689941406,64.07945251464844,74.65487670898438,76.17457580566406,72.43980407714844,66.98967742919922,69.62738037109375,68.38299560546875,66.14668273925781,66.0600814819336,50,0,100,100,100,100,0,0,14.965713500976563,17179869184,20401094656,6913015808,19940376576
309,1729535521203,3228,3228,3228,3228,3228,3228,3228,3228,69.74244689941406,64.07945251464844,74.65487670898438,76.17457580566406,72.43980407714844,66.98967742919922,69.62738037109375,68.38299560546875,66.14668273925781,66.0600814819336,0,0,100,100,NaN,100,100,0,14.965713500976563,17179869184,20401094656,6915571712,19940376576
9,1729535521513,3228,3228,3228,3228,3228,3228,3228,3228,69.74244689941406,64.07945251464844,74.65487670898438,76.17457580566406,72.43980407714844,66.98967742919922,69.62738037109375,68.38299560546875,66.14668273925781,66.0600814819336,13.333333969116211,13.333333969116211,96.66666412353516,93.33333587646484,90.32257843017578,90.32257843017578,51.61289978027344,19.35483741760254,22.044754028320313,17179869184,20401094656,6914965504,19940376576
