Delta,Time,CPU_FREQUENCY_0,CPU_FREQUENCY_1,CPU_FREQUENCY_2,CPU_FREQUENCY_3,CPU_FREQUENCY_4,CPU_FREQUENCY_5,CPU_FREQUENCY_6,CPU_FREQUENCY_7,CPU_TEMP_0,CPU_TEMP_1,CPU_TEMP_2,CPU_TEMP_3,CPU_TEMP_4,CPU_TEMP_5,CPU_TEMP_6,CPU_TEMP_7,CPU_TEMP_8,CPU_TEMP_9,CPU_USAGE_0,CPU_USAGE_1,CPU_USAGE_2,CPU_USAGE_3,CPU_USAGE_4,CPU_USAGE_5,CPU_USAGE_6,CPU_USAGE_7,SYSTEM_POWER (Watts),TOTAL_MEMORY,TOTAL_SWAP,USED_MEMORY,USED_SWAP
0,1729544662533,3228,3228,3228,3228,3228,3228,3228,3228,62.30390548706055,60.25831604003906,61.224395751953125,62.35396957397461,62.32732391357422,60.56903839111328,61.25102233886719,61.588138580322266,62.8756217956543,62.72437286376953,50,0,0,0,0,0,0,0,22.147903442382813,17179869184,21474836480,6346424320,20260454400
308,1729544662533,3228,3228,3228,3228,3228,3228,3228,3228,62.30390548706055,60.25831604003906,61.224395751953125,62.35396957397461,62.32732391357422,60.56903839111328,61.25102233886719,61.588138580322266,62.8756217956543,62.72437286376953,0,NaN,0,100,0,0,0,0,22.147903442382813,17179869184,21474836480,6348046336,20260454400
309,1729544662842,3228,3228,3228,3228,3228,3228,3228,3228,62.30390548706055,60.25831604003906,61.224395751953125,62.35396957397461,62.32732391357422,60.56903839111328,61.25102233886719,61.588138580322266,62.8756217956543,62.72437286376953,90,87.5,96.7741928100586,96.66666412353516,90.32257843017578,87.09677124023438,90.32257843017578,90,11.209771156311035,17179869184,21474836480,6348046336,20260454400
7,1729544663152,3228,3228,3228,3228,3228,3228,3228,3228,64.15233612060547,61.57140350341797,64.87547302246094,66.15119934082031,65.36479949951172,62.24135208129883,64.6511459350586,64.52481079101563,64.65896606445313,64.10232543945313,9.67741870880127,10,41.935482025146484,25.80644989013672,35.48387145996094,16.666667938232422,10,3.125,11.209771156311035,17179869184,21474836480,6362513408,20260454400
