Delta,Time,CPU_FREQUENCY_0,CPU_FREQUENCY_1,CPU_FREQUENCY_2,CPU_FREQUENCY_3,CPU_FREQUENCY_4,CPU_FREQUENCY_5,CPU_FREQUENCY_6,CPU_FREQUENCY_7,CPU_TEMP_0,CPU_TEMP_1,CPU_TEMP_2,CPU_TEMP_3,CPU_TEMP_4,CPU_TEMP_5,CPU_TEMP_6,CPU_TEMP_7,CPU_TEMP_8,CPU_TEMP_9,CPU_USAGE_0,CPU_USAGE_1,CPU_USAGE_2,CPU_USAGE_3,CPU_USAGE_4,CPU_USAGE_5,CPU_USAGE_6,CPU_USAGE_7,SYSTEM_POWER (Watts),TOTAL_MEMORY,TOTAL_SWAP,USED_MEMORY,USED_SWAP
0,1729593149408,3228,3228,3228,3228,3228,3228,3228,3228,67.3015365600586,64.3897476196289,72.28666687011719,74.46422576904297,70.38033294677734,65.18982696533203,72.36541748046875,73.0570068359375,67.73438262939453,65.75801086425781,0,NaN,100,50,100,100,NaN,0,13.710230827331543,17179869184,22548578304,4912168960,21060845568
306,1729593149408,3228,3228,3228,3228,3228,3228,3228,3228,67.3015365600586,64.3897476196289,72.28666687011719,74.46422576904297,70.38033294677734,65.18982696533203,72.36541748046875,73.0570068359375,67.73438262939453,65.75801086425781,0,0,50,NaN,NaN,NaN,50,0,13.710230827331543,17179869184,22548578304,4915642368,21060845568
10,1729593149715,3228,3228,3228,3228,3228,3228,3228,3228,67.3015365600586,64.3897476196289,72.28666687011719,74.46422576904297,70.38033294677734,65.18982696533203,72.36541748046875,73.0570068359375,67.73438262939453,65.75801086425781,25.80644989013672,25.80644989013672,70,74.19355010986328,56.66666793823242,58.06451416015625,41.935482025146484,35.48387145996094,27.14669418334961,17179869184,22548578304,4968677376,21060845568
