Delta,Time,CPU_FREQUENCY_0,CPU_FREQUENCY_1,CPU_FREQUENCY_2,CPU_FREQUENCY_3,CPU_FREQUENCY_4,CPU_FREQUENCY_5,CPU_FREQUENCY_6,CPU_FREQUENCY_7,CPU_TEMP_0,CPU_TEMP_1,CPU_TEMP_2,CPU_TEMP_3,CPU_TEMP_4,CPU_TEMP_5,CPU_TEMP_6,CPU_TEMP_7,CPU_TEMP_8,CPU_TEMP_9,CPU_USAGE_0,CPU_USAGE_1,CPU_USAGE_2,CPU_USAGE_3,CPU_USAGE_4,CPU_USAGE_5,CPU_USAGE_6,CPU_USAGE_7,SYSTEM_POWER (Watts),TOTAL_MEMORY,TOTAL_SWAP,USED_MEMORY,USED_SWAP
0,1729592691995,3228,3228,3228,3228,3228,3228,3228,3228,70.45465087890625,65.62432098388672,74.2198486328125,75.25426483154297,71.79029846191406,68.13440704345703,69.08526611328125,69.64031219482422,68.46005249023438,67.9559555053711,0,0,50,0,0,0,0,0,24.462844848632813,17179869184,22548578304,5733466112,21060845568
308,1729592691995,3228,3228,3228,3228,3228,3228,3228,3228,70.45465087890625,65.62432098388672,74.2198486328125,75.25426483154297,71.79029846191406,68.13440704345703,69.08526611328125,69.64031219482422,68.46005249023438,67.9559555053711,NaN,0,NaN,100,0,0,0,0,24.462844848632813,17179869184,22548578304,5733466112,21060845568
309,1729592692304,3228,3228,3228,3228,3228,3228,3228,3228,67.5732650756836,64.17627716064453,68.98438262939453,70.09793090820313,67.98351287841797,65.47220611572266,66.29200744628906,66.84419250488281,67.34774017333984,66.52745056152344,90.32257843017578,90.32257843017578,93.54838562011719,90.32257843017578,93.33333587646484,90.32257843017578,90.32257843017578,90.32257843017578,24.462844848632813,17179869184,22548578304,5733466112,21060845568
9,1729592692614,3228,3228,3228,3228,3228,3228,3228,3228,67.5732650756836,64.17627716064453,68.98438262939453,70.09793090820313,67.98351287841797,65.47220611572266,66.29200744628906,66.84419250488281,67.34774017333984,66.52745056152344,21.875,19.35483741760254,48.3870964050293,51.61289978027344,18.75,12.5,3.3333334922790527,3.22580623626709,24.462844848632813,17179869184,22548578304,5749981184,21060845568
