Delta,Time,CPU_FREQUENCY_0,CPU_FREQUENCY_1,CPU_FREQUENCY_2,CPU_FREQUENCY_3,CPU_FREQUENCY_4,CPU_FREQUENCY_5,CPU_FREQUENCY_6,CPU_FREQUENCY_7,CPU_TEMP_0,CPU_TEMP_1,CPU_TEMP_2,CPU_TEMP_3,CPU_TEMP_4,CPU_TEMP_5,CPU_TEMP_6,CPU_TEMP_7,CPU_TEMP_8,CPU_TEMP_9,CPU_USAGE_0,CPU_USAGE_1,CPU_USAGE_2,CPU_USAGE_3,CPU_USAGE_4,CPU_USAGE_5,CPU_USAGE_6,CPU_USAGE_7,SYSTEM_POWER (Watts),TOTAL_MEMORY,TOTAL_SWAP,USED_MEMORY,USED_SWAP
0,1729546282140,3228,3228,3228,3228,3228,3228,3228,3228,66.13117218017578,63.335811614990234,65.57624816894531,66.47283935546875,66.32044219970703,64.30072021484375,64.78392028808594,64.55262756347656,66.0652084350586,65.31330108642578,0,0,NaN,0,0,0,0,0,14.589357376098633,17179869184,21474836480,6147948544,20243677184
305,1729546282140,3228,3228,3228,3228,3228,3228,3228,3228,66.13117218017578,63.335811614990234,65.57624816894531,66.47283935546875,66.32044219970703,64.30072021484375,64.78392028808594,64.55262756347656,66.0652084350586,65.31330108642578,NaN,0,50,50,0,NaN,0,0,14.589357376098633,17179869184,21474836480,6150111232,20243677184
9,1729546282446,3228,3228,3228,3228,3228,3228,3228,3228,64.59965515136719,61.741493225097656,63.131988525390625,63.93244171142578,64.89746856689453,63.0685920715332,62.65071487426758,62.925941467285156,64.92210388183594,64.14335632324219,16.129032135009766,16.666667938232422,24.137929916381836,37.931034088134766,16.129032135009766,6.6666669845581055,0,0,14.589357376098633,17179869184,21474836480,6150111232,20243677184
