Delta,Time,CPU_FREQUENCY_0,CPU_FREQUENCY_1,CPU_FREQUENCY_2,CPU_FREQUENCY_3,CPU_FREQUENCY_4,CPU_FREQUENCY_5,CPU_FREQUENCY_6,CPU_FREQUENCY_7,CPU_TEMP_0,CPU_TEMP_1,CPU_TEMP_2,CPU_TEMP_3,CPU_TEMP_4,CPU_TEMP_5,CPU_TEMP_6,CPU_TEMP_7,CPU_TEMP_8,CPU_TEMP_9,CPU_USAGE_0,CPU_USAGE_1,CPU_USAGE_2,CPU_USAGE_3,CPU_USAGE_4,CPU_USAGE_5,CPU_USAGE_6,CPU_USAGE_7,SYSTEM_POWER (Watts),TOTAL_MEMORY,TOTAL_SWAP,USED_MEMORY,USED_SWAP
0,1729541040553,3228,3228,3228,3228,3228,3228,3228,3228,66.20939636230469,61.097232818603516,69.6403579711914,71.18965911865234,69.37828826904297,63.81869125366211,67.59973907470703,64.34207153320313,63.180545806884766,63.106597900390625,50,0,100,50,NaN,100,0,50,12.336172103881836,17179869184,21474836480,6684934144,20369506304
309,1729541040553,3228,3228,3228,3228,3228,3228,3228,3228,66.20939636230469,61.097232818603516,69.6403579711914,71.18965911865234,69.37828826904297,63.81869125366211,67.59973907470703,64.34207153320313,63.180545806884766,63.106597900390625,0,50,66.66667175292969,NaN,100,100,NaN,NaN,12.336172103881836,17179869184,21474836480,6687899648,20369506304
8,1729541040864,3228,3228,3228,3228,3228,3228,3228,3228,66.20939636230469,61.097232818603516,69.6403579711914,71.18965911865234,69.37828826904297,63.81869125366211,67.59973907470703,64.34207153320313,63.180545806884766,63.106597900390625,13.333333969116211,12.90322494506836,73.33333587646484,70.96774291992188,60.000003814697266,76.66666412353516,50,25.80644989013672,12.336172103881836,17179869184,21474836480,6687899648,20369506304
