Delta,Time,CPU_FREQUENCY_0,CPU_FREQUENCY_1,CPU_FREQUENCY_2,CPU_FREQUENCY_3,CPU_FREQUENCY_4,CPU_FREQUENCY_5,CPU_FREQUENCY_6,CPU_FREQUENCY_7,CPU_TEMP_0,CPU_TEMP_1,CPU_TEMP_2,CPU_TEMP_3,CPU_TEMP_4,CPU_TEMP_5,CPU_TEMP_6,CPU_TEMP_7,CPU_TEMP_8,CPU_TEMP_9,CPU_USAGE_0,CPU_USAGE_1,CPU_USAGE_2,CPU_USAGE_3,CPU_USAGE_4,CPU_USAGE_5,CPU_USAGE_6,CPU_USAGE_7,SYSTEM_POWER (Watts),TOTAL_MEMORY,TOTAL_SWAP,USED_MEMORY,USED_SWAP
0,1729536388320,3228,3228,3228,3228,3228,3228,3228,3228,64.18335723876953,60.924957275390625,65.31417846679688,66.95387268066406,66.0177001953125,62.081748962402344,63.52811813354492,63.462318420410156,63.93547058105469,63.53367614746094,0,0,100,100,100,100,100,0,4.822108745574951,17179869184,20401094656,4827938816,19923599360
308,1729536388320,3228,3228,3228,3228,3228,3228,3228,3228,64.18335723876953,60.924957275390625,65.31417846679688,66.95387268066406,66.0177001953125,62.081748962402344,63.52811813354492,63.462318420410156,63.93547058105469,63.53367614746094,0,50,NaN,50,50,NaN,100,100,4.822108745574951,17179869184,20401094656,4832477184,19923599360
309,1729536388629,3228,3228,3228,3228,3228,3228,3228,3228,64.18335723876953,60.924957275390625,65.31417846679688,66.95387268066406,66.0177001953125,62.081748962402344,63.52811813354492,63.462318420410156,63.93547058105469,63.53367614746094,63.33333206176758,56.66666793823242,90.625,93.54838562011719,90,87.09677124023438,87.09677124023438,83.87096405029297,4.754548072814941,17179869184,20401094656,5891719168,19923599360
303,1729536388939,3228,3228,3228,3228,3228,3228,3228,3228,64.18335723876953,60.924957275390625,65.31417846679688,66.95387268066406,66.0177001953125,62.081748962402344,63.52811813354492,63.462318420410156,63.93547058105469,63.53367614746094,84.375,80.6451644897461,100,96.66666412353516,96.7741928100586,93.75,96.66666412353516,93.54838562011719,4.754548072814941,17179869184,20401094656,6944014336,19923599360
9,1729536389242,3228,3228,3228,3228,3228,3228,3228,3228,70.54808044433594,68.42811584472656,75.71097564697266,78.61963653564453,74.82477569580078,68.77085876464844,76.79286193847656,76.89602661132813,73.58837127685547,70.37081909179688,53.333335876464844,53.333335876464844,93.54838562011719,93.33333587646484,93.33333587646484,89.6551742553711,80,60.000003814697266,4.754548072814941,17179869184,20401094656,5164056576,19923599360
