Delta,Time,CPU_FREQUENCY_0,CPU_FREQUENCY_1,CPU_FREQUENCY_2,CPU_FREQUENCY_3,CPU_FREQUENCY_4,CPU_FREQUENCY_5,CPU_FREQUENCY_6,CPU_FREQUENCY_7,CPU_TEMP_0,CPU_TEMP_1,CPU_TEMP_2,CPU_TEMP_3,CPU_TEMP_4,CPU_TEMP_5,CPU_TEMP_6,CPU_TEMP_7,CPU_TEMP_8,CPU_TEMP_9,CPU_USAGE_0,CPU_USAGE_1,CPU_USAGE_2,CPU_USAGE_3,CPU_USAGE_4,CPU_USAGE_5,CPU_USAGE_6,CPU_USAGE_7,SYSTEM_POWER (Watts),TOTAL_MEMORY,TOTAL_SWAP,USED_MEMORY,USED_SWAP
0,1729570587063,3228,3228,3228,3228,3228,3228,3228,3228,65.80769348144531,61.69174575805664,71.37393951416016,73.10993957519531,69.33455657958984,63.379920959472656,70.17384338378906,70.39066314697266,64.5097427368164,63.81206512451172,100,0,100,50,50,0,0,0,4.623520851135254,17179869184,22548578304,4257841152,21248278528
309,1729570587063,3228,3228,3228,3228,3228,3228,3228,3228,65.80769348144531,61.69174575805664,71.37393951416016,73.10993957519531,69.33455657958984,63.379920959472656,70.17384338378906,70.39066314697266,64.5097427368164,63.81206512451172,0,0,0,0,NaN,100,0,0,4.623520851135254,17179869184,22548578304,4262100992,21248278528
300,1729570587373,3228,3228,3228,3228,3228,3228,3228,3228,65.80769348144531,61.69174575805664,71.37393951416016,73.10993957519531,69.33455657958984,63.379920959472656,70.17384338378906,70.39066314697266,64.5097427368164,63.81206512451172,90.32257843017578,93.33333587646484,96.7741928100586,96.7741928100586,100,93.75,96.66666412353516,93.54838562011719,24.158016204833984,17179869184,22548578304,4262100992,21248278528
7,1729570587673,3228,3228,3228,3228,3228,3228,3228,3228,65.80769348144531,61.69174575805664,71.37393951416016,73.10993957519531,69.33455657958984,63.379920959472656,70.17384338378906,70.39066314697266,64.5097427368164,63.81206512451172,26.666667938232422,26.666667938232422,83.33332824707031,83.33332824707031,60.000003814697266,36.66666793823242,29.032257080078125,13.333333969116211,24.158016204833984,17179869184,22548578304,4311154688,21248278528
