Delta,Time,CPU_FREQUENCY_0,CPU_FREQUENCY_1,CPU_FREQUENCY_2,CPU_FREQUENCY_3,CPU_FREQUENCY_4,CPU_FREQUENCY_5,CPU_FREQUENCY_6,CPU_FREQUENCY_7,CPU_TEMP_0,CPU_TEMP_1,CPU_TEMP_2,CPU_TEMP_3,CPU_TEMP_4,CPU_TEMP_5,CPU_TEMP_6,CPU_TEMP_7,CPU_TEMP_8,CPU_TEMP_9,CPU_USAGE_0,CPU_USAGE_1,CPU_USAGE_2,CPU_USAGE_3,CPU_USAGE_4,CPU_USAGE_5,CPU_USAGE_6,CPU_USAGE_7,SYSTEM_POWER (Watts),TOTAL_MEMORY,TOTAL_SWAP,USED_MEMORY,USED_SWAP
0,1729536488066,3228,3228,3228,3228,3228,3228,3228,3228,60.09981155395508,56.91999816894531,59.38256072998047,60.02558135986328,60.65888214111328,58.20374298095703,59.3571891784668,58.86130905151367,60.50180435180664,59.34028625488281,NaN,NaN,100,100,50,0,0,100,4.7454142570495605,17179869184,20401094656,5871484928,19923599360
309,1729536488066,3228,3228,3228,3228,3228,3228,3228,3228,60.09981155395508,56.91999816894531,59.38256072998047,60.02558135986328,60.65888214111328,58.20374298095703,59.3571891784668,58.86130905151367,60.50180435180664,59.34028625488281,0,50,100,NaN,100,100,100,0,4.7454142570495605,17179869184,20401094656,5875515392,19923599360
10,1729536488376,3228,3228,3228,3228,3228,3228,3228,3228,60.09981155395508,56.91999816894531,59.38256072998047,60.02558135986328,60.65888214111328,58.20374298095703,59.3571891784668,58.86130905151367,60.50180435180664,59.34028625488281,29.032257080078125,23.33333396911621,93.33333587646484,93.54838562011719,93.33333587646484,93.54838562011719,90.32257843017578,64.51612854003906,4.7454142570495605,17179869184,20401094656,5872582656,19923599360
