Delta,Time,CPU_FREQUENCY_0,CPU_FREQUENCY_1,CPU_FREQUENCY_2,CPU_FREQUENCY_3,CPU_FREQUENCY_4,CPU_FREQUENCY_5,CPU_FREQUENCY_6,CPU_FREQUENCY_7,CPU_TEMP_0,CPU_TEMP_1,CPU_TEMP_2,CPU_TEMP_3,CPU_TEMP_4,CPU_TEMP_5,CPU_TEMP_6,CPU_TEMP_7,CPU_TEMP_8,CPU_TEMP_9,CPU_USAGE_0,CPU_USAGE_1,CPU_USAGE_2,CPU_USAGE_3,CPU_USAGE_4,CPU_USAGE_5,CPU_USAGE_6,CPU_USAGE_7,SYSTEM_POWER (Watts),TOTAL_MEMORY,TOTAL_SWAP,USED_MEMORY,USED_SWAP
0,1729554753885,3228,3228,3228,3228,3228,3228,3228,3228,66.34777069091797,62.146080017089844,71.42797088623047,73.79879760742188,70.51100158691406,64.43243408203125,70.03424835205078,69.95170593261719,64.80770111083984,63.196685791015625,50,50,50,0,100,50,0,0,28.323688507080078,17179869184,21474836480,5661474816,20798832640
307,1729554753885,3228,3228,3228,3228,3228,3228,3228,3228,66.34777069091797,62.146080017089844,71.42797088623047,73.79879760742188,70.51100158691406,64.43243408203125,70.03424835205078,69.95170593261719,64.80770111083984,63.196685791015625,0,0,100,NaN,0,100,0,0,28.323688507080078,17179869184,21474836480,5661474816,20798832640
308,1729554754192,3228,3228,3228,3228,3228,3228,3228,3228,66.34777069091797,62.146080017089844,71.42797088623047,73.79879760742188,70.51100158691406,64.43243408203125,70.03424835205078,69.95170593261719,64.80770111083984,63.196685791015625,93.10344696044922,90,96.7741928100586,96.875,100,93.33333587646484,93.75,90,28.323688507080078,17179869184,21474836480,5661474816,20798832640
10,1729554754501,3228,3228,3228,3228,3228,3228,3228,3228,64.4687728881836,61.350765228271484,68.55428314208984,69.69164276123047,67.59593963623047,62.84858322143555,66.0032958984375,66.40182495117188,64.96387481689453,62.74542236328125,28.125,32.25806427001953,70,64.51612854003906,51.61289978027344,38.70967483520508,22.580644607543945,6.45161247253418,28.323688507080078,17179869184,21474836480,5664047104,20798832640
