Delta,Time,CPU_FREQUENCY_0,CPU_FREQUENCY_1,CPU_FREQUENCY_2,CPU_FREQUENCY_3,CPU_FREQUENCY_4,CPU_FREQUENCY_5,CPU_FREQUENCY_6,CPU_FREQUENCY_7,CPU_TEMP_0,CPU_TEMP_1,CPU_TEMP_2,CPU_TEMP_3,CPU_TEMP_4,CPU_TEMP_5,CPU_TEMP_6,CPU_TEMP_7,CPU_TEMP_8,CPU_TEMP_9,CPU_USAGE_0,CPU_USAGE_1,CPU_USAGE_2,CPU_USAGE_3,CPU_USAGE_4,CPU_USAGE_5,CPU_USAGE_6,CPU_USAGE_7,SYSTEM_POWER (Watts),TOTAL_MEMORY,TOTAL_SWAP,USED_MEMORY,USED_SWAP
0,1729550448557,3228,3228,3228,3228,3228,3228,3228,3228,66.96552276611328,62.41219711303711,71.07669830322266,73.15960693359375,69.33599090576172,64.34561157226563,68.97100067138672,67.81824493408203,65.0589828491211,64.40375518798828,0,0,100,NaN,50,0,0,50,8.828092575073242,17179869184,21474836480,5669830656,20766916608
309,1729550448557,3228,3228,3228,3228,3228,3228,3228,3228,66.96552276611328,62.41219711303711,71.07669830322266,73.15960693359375,69.33599090576172,64.34561157226563,68.97100067138672,67.81824493408203,65.0589828491211,64.40375518798828,0,NaN,66.66667175292969,100,0,100,50,0,8.828092575073242,17179869184,21474836480,5672992768,20766916608
300,1729550448867,3228,3228,3228,3228,3228,3228,3228,3228,66.96552276611328,62.41219711303711,71.07669830322266,73.15960693359375,69.33599090576172,64.34561157226563,68.97100067138672,67.81824493408203,65.0589828491211,64.40375518798828,93.33333587646484,90.625,96.66666412353516,93.75,93.54838562011719,96.66666412353516,96.66666412353516,93.33333587646484,24.587858200073242,17179869184,21474836480,5672992768,20766916608
7,1729550449168,3228,3228,3228,3228,3228,3228,3228,3228,66.96552276611328,62.41219711303711,71.07669830322266,73.15960693359375,69.33599090576172,64.34561157226563,68.97100067138672,67.81824493408203,65.0589828491211,64.40375518798828,16.666667938232422,17.241378784179688,96.55171966552734,93.10344696044922,86.20689392089844,89.6551742553711,73.33333587646484,20,24.587858200073242,17179869184,21474836480,5658804224,20766916608
