Delta,Time,CPU_FREQUENCY_0,CPU_FREQUENCY_1,CPU_FREQUENCY_2,CPU_FREQUENCY_3,CPU_FREQUENCY_4,CPU_FREQUENCY_5,CPU_FREQUENCY_6,CPU_FREQUENCY_7,CPU_TEMP_0,CPU_TEMP_1,CPU_TEMP_2,CPU_TEMP_3,CPU_TEMP_4,CPU_TEMP_5,CPU_TEMP_6,CPU_TEMP_7,CPU_TEMP_8,CPU_TEMP_9,CPU_USAGE_0,CPU_USAGE_1,CPU_USAGE_2,CPU_USAGE_3,CPU_USAGE_4,CPU_USAGE_5,CPU_USAGE_6,CPU_USAGE_7,SYSTEM_POWER (Watts),TOTAL_MEMORY,TOTAL_SWAP,USED_MEMORY,USED_SWAP
0,1729592326262,3228,3228,3228,3228,3228,3228,3228,3228,59.44477844238281,56.569454193115234,57.79578399658203,59.67509078979492,59.17279052734375,57.308616638183594,56.5262451171875,57.84259033203125,58.99134063720703,58.443519592285156,NaN,0,NaN,0,0,0,0,0,16.77944564819336,17179869184,22548578304,5124915200,21060845568
299,1729592326262,3228,3228,3228,3228,3228,3228,3228,3228,59.44477844238281,56.569454193115234,57.79578399658203,59.67509078979492,59.17279052734375,57.308616638183594,56.5262451171875,57.84259033203125,58.99134063720703,58.443519592285156,0,100,0,100,0,0,0,0,16.77944564819336,17179869184,22548578304,5124915200,21060845568
309,1729592326562,3228,3228,3228,3228,3228,3228,3228,3228,59.44477844238281,56.569454193115234,57.79578399658203,59.67509078979492,59.17279052734375,57.308616638183594,56.5262451171875,57.84259033203125,58.99134063720703,58.443519592285156,90.32257843017578,90,93.33333587646484,96.66666412353516,96.66666412353516,90,90,90,16.77944564819336,17179869184,22548578304,5124915200,21060845568
9,1729592326872,3228,3228,3228,3228,3228,3228,3228,3228,59.44477844238281,56.569454193115234,57.79578399658203,59.67509078979492,59.17279052734375,57.308616638183594,56.5262451171875,57.84259033203125,58.99134063720703,58.443519592285156,19.35483741760254,19.35483741760254,53.333335876464844,54.83871078491211,12.90322494506836,6.45161247253418,6.45161247253418,6.45161247253418,5.631016254425049,17179869184,22548578304,5131534336,21060845568
