Delta,Time,CPU_FREQUENCY_0,CPU_FREQUENCY_1,CPU_FREQUENCY_2,CPU_FREQUENCY_3,CPU_FREQUENCY_4,CPU_FREQUENCY_5,CPU_FREQUENCY_6,CPU_FREQUENCY_7,CPU_TEMP_0,CPU_TEMP_1,CPU_TEMP_2,CPU_TEMP_3,CPU_TEMP_4,CPU_TEMP_5,CPU_TEMP_6,CPU_TEMP_7,CPU_TEMP_8,CPU_TEMP_9,CPU_USAGE_0,CPU_USAGE_1,CPU_USAGE_2,CPU_USAGE_3,CPU_USAGE_4,CPU_USAGE_5,CPU_USAGE_6,CPU_USAGE_7,SYSTEM_POWER (Watts),TOTAL_MEMORY,TOTAL_SWAP,USED_MEMORY,USED_SWAP
0,1729547876845,3228,3228,3228,3228,3228,3228,3228,3228,63.74538040161133,61.649532318115234,62.20081329345703,62.776527404785156,64.00875091552734,62.88217544555664,62.094730377197266,62.789493560791016,64.91952514648438,64.39511108398438,66.66667175292969,NaN,0,0,0,0,0,0,5.512791156768799,17179869184,21474836480,6957760512,20766916608
309,1729547876845,3228,3228,3228,3228,3228,3228,3228,3228,63.74538040161133,61.649532318115234,62.20081329345703,62.776527404785156,64.00875091552734,62.88217544555664,62.094730377197266,62.789493560791016,64.91952514648438,64.39511108398438,NaN,50,0,100,100,0,NaN,0,5.512791156768799,17179869184,21474836480,6960594944,20766916608
6,1729547877155,3228,3228,3228,3228,3228,3228,3228,3228,63.74538040161133,61.649532318115234,62.20081329345703,62.776527404785156,64.00875091552734,62.88217544555664,62.094730377197266,62.789493560791016,64.91952514648438,64.39511108398438,45.16128921508789,53.333335876464844,32.25806427001953,35.48387145996094,3.3333334922790527,3.3333334922790527,6.25,3.22580623626709,5.512791156768799,17179869184,21474836480,7011631104,20766916608
