Delta,Time,CPU_FREQUENCY_0,CPU_FREQUENCY_1,CPU_FREQUENCY_2,CPU_FREQUENCY_3,CPU_FREQUENCY_4,CPU_FREQUENCY_5,CPU_FREQUENCY_6,CPU_FREQUENCY_7,CPU_TEMP_0,CPU_TEMP_1,CPU_TEMP_2,CPU_TEMP_3,CPU_TEMP_4,CPU_TEMP_5,CPU_TEMP_6,CPU_TEMP_7,CPU_TEMP_8,CPU_TEMP_9,CPU_USAGE_0,CPU_USAGE_1,CPU_USAGE_2,CPU_USAGE_3,CPU_USAGE_4,CPU_USAGE_5,CPU_USAGE_6,CPU_USAGE_7,SYSTEM_POWER (Watts),TOTAL_MEMORY,TOTAL_SWAP,USED_MEMORY,USED_SWAP
0,1729601663102,3228,3228,3228,3228,3228,3228,3228,3228,61.31739807128906,59.927345275878906,60.904029846191406,62.16840744018555,62.03594970703125,60.51570510864258,59.6926383972168,61.29524612426758,62.8301887512207,61.80821228027344,50,NaN,0,0,0,0,0,0,4.944409370422363,17179869184,22548578304,6048137216,20918173696
307,1729601663102,3228,3228,3228,3228,3228,3228,3228,3228,61.31739807128906,59.927345275878906,60.904029846191406,62.16840744018555,62.03594970703125,60.51570510864258,59.6926383972168,61.29524612426758,62.8301887512207,61.80821228027344,50,0,0,100,0,0,0,0,4.944409370422363,17179869184,22548578304,6049873920,20918173696
309,1729601663410,3228,3228,3228,3228,3228,3228,3228,3228,61.31739807128906,59.927345275878906,60.904029846191406,62.16840744018555,62.03594970703125,60.51570510864258,59.6926383972168,61.29524612426758,62.8301887512207,61.80821228027344,90.32257843017578,90.32257843017578,96.7741928100586,90,90,90,87.09677124023438,93.10344696044922,4.944409370422363,17179869184,22548578304,6104104960,20918173696
9,1729601663720,3228,3228,3228,3228,3228,3228,3228,3228,62.768821716308594,61.249752044677734,64.23052978515625,65.78661346435547,64.04371643066406,61.51700210571289,62.72053146362305,63.670589447021484,64.56204223632813,62.889678955078125,13.793103218078613,25.80644989013672,51.61289978027344,50,16.129032135009766,9.67741870880127,6.45161247253418,6.25,4.944409370422363,17179869184,22548578304,6064308224,20918173696
