Delta,Time,CPU_FREQUENCY_0,CPU_FREQUENCY_1,CPU_FREQUENCY_2,CPU_FREQUENCY_3,CPU_FREQUENCY_4,CPU_FREQUENCY_5,CPU_FREQUENCY_6,CPU_FREQUENCY_7,CPU_TEMP_0,CPU_TEMP_1,CPU_TEMP_2,CPU_TEMP_3,CPU_TEMP_4,CPU_TEMP_5,CPU_TEMP_6,CPU_TEMP_7,CPU_TEMP_8,CPU_TEMP_9,CPU_USAGE_0,CPU_USAGE_1,CPU_USAGE_2,CPU_USAGE_3,CPU_USAGE_4,CPU_USAGE_5,CPU_USAGE_6,CPU_USAGE_7,SYSTEM_POWER (Watts),TOTAL_MEMORY,TOTAL_SWAP,USED_MEMORY,USED_SWAP
0,1729548036971,3228,3228,3228,3228,3228,3228,3228,3228,57.88570022583008,55.672882080078125,57.275901794433594,58.388511657714844,59.16600036621094,56.658973693847656,56.4931640625,56.5917854309082,58.39851379394531,58.12892150878906,0,100,100,100,50,100,50,NaN,5.148818016052246,17179869184,21474836480,6425247744,20766916608
301,1729548036971,3228,3228,3228,3228,3228,3228,3228,3228,57.88570022583008,55.672882080078125,57.275901794433594,58.388511657714844,59.16600036621094,56.658973693847656,56.4931640625,56.5917854309082,58.39851379394531,58.12892150878906,100,NaN,100,100,100,NaN,100,100,5.148818016052246,17179869184,21474836480,6425247744,20766916608
7,1729548037273,3228,3228,3228,3228,3228,3228,3228,3228,65.18431854248047,62.64206314086914,70.1644515991211,71.98163604736328,69.29215240478516,63.53690719604492,69.56317138671875,69.56649780273438,67.06995391845703,64.43618774414063,56.66666793823242,56.66666793823242,93.54838562011719,93.54838562011719,93.10344696044922,96.66666412353516,93.33333587646484,74.19355010986328,5.148818016052246,17179869184,21474836480,6425247744,20766916608
