Delta,Time,CPU_FREQUENCY_0,CPU_FREQUENCY_1,CPU_FREQUENCY_2,CPU_FREQUENCY_3,CPU_FREQUENCY_4,CPU_FREQUENCY_5,CPU_FREQUENCY_6,CPU_FREQUENCY_7,CPU_TEMP_0,CPU_TEMP_1,CPU_TEMP_2,CPU_TEMP_3,CPU_TEMP_4,CPU_TEMP_5,CPU_TEMP_6,CPU_TEMP_7,CPU_TEMP_8,CPU_TEMP_9,CPU_USAGE_0,CPU_USAGE_1,CPU_USAGE_2,CPU_USAGE_3,CPU_USAGE_4,CPU_USAGE_5,CPU_USAGE_6,CPU_USAGE_7,SYSTEM_POWER (Watts),TOTAL_MEMORY,TOTAL_SWAP,USED_MEMORY,USED_SWAP
0,1729578476442,3228,3228,3228,3228,3228,3228,3228,3228,70.64622497558594,66.61729431152344,74.75003051757813,77.17040252685547,73.82500457763672,68.46179962158203,72.43995666503906,73.42362976074219,69.36448669433594,68.15978240966797,50,50,0,0,0,0,0,0,28.62432861328125,17179869184,22548578304,4502388736,21248278528
301,1729578476443,3228,3228,3228,3228,3228,3228,3228,3228,70.64622497558594,66.61729431152344,74.75003051757813,77.17040252685547,73.82500457763672,68.46179962158203,72.43995666503906,73.42362976074219,69.36448669433594,68.15978240966797,0,NaN,0,0,0,0,0,0,28.62432861328125,17179869184,22548578304,4504272896,21248278528
309,1729578476745,3228,3228,3228,3228,3228,3228,3228,3228,70.64622497558594,66.61729431152344,74.75003051757813,77.17040252685547,73.82500457763672,68.46179962158203,72.43995666503906,73.42362976074219,69.36448669433594,68.15978240966797,79.31034851074219,66.66667175292969,93.33333587646484,93.33333587646484,90,93.10344696044922,93.10344696044922,90,28.62432861328125,17179869184,22548578304,4540448768,21248278528
308,1729578477055,3228,3228,3228,3228,3228,3228,3228,3228,68.32447814941406,64.98771667480469,71.76030731201172,74.4602279663086,70.45591735839844,66.21173095703125,68.78256225585938,69.25520324707031,67.91860961914063,66.94590759277344,31.25,33.333335876464844,43.33333206176758,64.51612854003906,36.66666793823242,25,12.5,0,28.62432861328125,17179869184,22548578304,4593385472,21248278528
13,1729578477364,3228,3228,3228,3228,3228,3228,3228,3228,68.32447814941406,64.98771667480469,71.76030731201172,74.4602279663086,70.45591735839844,66.21173095703125,68.78256225585938,69.25520324707031,67.91860961914063,66.94590759277344,26.666667938232422,28.125,37.5,25,31.25,16.129032135009766,0,6.25,21.610389709472656,17179869184,22548578304,4561780736,21248278528
