Delta,Time,CPU_FREQUENCY_0,CPU_FREQUENCY_1,CPU_FREQUENCY_2,CPU_FREQUENCY_3,CPU_FREQUENCY_4,CPU_FREQUENCY_5,CPU_FREQUENCY_6,CPU_FREQUENCY_7,CPU_TEMP_0,CPU_TEMP_1,CPU_TEMP_2,CPU_TEMP_3,CPU_TEMP_4,CPU_TEMP_5,CPU_TEMP_6,CPU_TEMP_7,CPU_TEMP_8,CPU_TEMP_9,CPU_USAGE_0,CPU_USAGE_1,CPU_USAGE_2,CPU_USAGE_3,CPU_USAGE_4,CPU_USAGE_5,CPU_USAGE_6,CPU_USAGE_7,SYSTEM_POWER (Watts),TOTAL_MEMORY,TOTAL_SWAP,USED_MEMORY,USED_SWAP
0,1729554942858,3228,3228,3228,3228,3228,3228,3228,3228,66.9545669555664,63.613258361816406,69.57847595214844,71.01094055175781,70.02571868896484,65.49481201171875,66.15248107910156,66.04560852050781,66.00541687011719,65.42031860351563,0,50,0,0,0,0,0,0,12.679344177246094,17179869184,21474836480,5167808512,20798832640
306,1729554942858,3228,3228,3228,3228,3228,3228,3228,3228,66.9545669555664,63.613258361816406,69.57847595214844,71.01094055175781,70.02571868896484,65.49481201171875,66.15248107910156,66.04560852050781,66.00541687011719,65.42031860351563,50,0,NaN,0,0,0,0,0,12.679344177246094,17179869184,21474836480,5170544640,20798832640
9,1729554943164,3228,3228,3228,3228,3228,3228,3228,3228,66.9545669555664,63.613258361816406,69.57847595214844,71.01094055175781,70.02571868896484,65.49481201171875,66.15248107910156,66.04560852050781,66.00541687011719,65.42031860351563,13.333333969116211,16.666667938232422,38.70967483520508,16.666667938232422,20,6.6666669845581055,3.3333334922790527,0,12.679344177246094,17179869184,21474836480,5192187904,20798832640
