Delta,Time,CPU_FREQUENCY_0,CPU_FREQUENCY_1,CPU_FREQUENCY_2,CPU_FREQUENCY_3,CPU_FREQUENCY_4,CPU_FREQUENCY_5,CPU_FREQUENCY_6,CPU_FREQUENCY_7,CPU_TEMP_0,CPU_TEMP_1,CPU_TEMP_2,CPU_TEMP_3,CPU_TEMP_4,CPU_TEMP_5,CPU_TEMP_6,CPU_TEMP_7,CPU_TEMP_8,CPU_TEMP_9,CPU_USAGE_0,CPU_USAGE_1,CPU_USAGE_2,CPU_USAGE_3,CPU_USAGE_4,CPU_USAGE_5,CPU_USAGE_6,CPU_USAGE_7,SYSTEM_POWER (Watts),TOTAL_MEMORY,TOTAL_SWAP,USED_MEMORY,USED_SWAP
0,1729537769282,3228,3228,3228,3228,3228,3228,3228,3228,59.03294372558594,56.22378158569336,58.10734558105469,59.22612380981445,59.84782409667969,57.297874450683594,57.076717376708984,57.76688003540039,59.9179801940918,59.167877197265625,50,50,50,0,0,0,0,0,5.092258930206299,17179869184,20401094656,5416599552,19881656320
303,1729537769282,3228,3228,3228,3228,3228,3228,3228,3228,59.03294372558594,56.22378158569336,58.10734558105469,59.22612380981445,59.84782409667969,57.297874450683594,57.076717376708984,57.76688003540039,59.9179801940918,59.167877197265625,100,50,0,50,0,0,0,0,5.092258930206299,17179869184,20401094656,5416599552,19881656320
309,1729537769585,3228,3228,3228,3228,3228,3228,3228,3228,59.03294372558594,56.22378158569336,58.10734558105469,59.22612380981445,59.84782409667969,57.297874450683594,57.076717376708984,57.76688003540039,59.9179801940918,59.167877197265625,90,89.6551742553711,100,90.32257843017578,96.66666412353516,90.32257843017578,87.09677124023438,93.33333587646484,4.728131294250488,17179869184,20401094656,5416599552,19881656320
10,1729537769896,3228,3228,3228,3228,3228,3228,3228,3228,59.03294372558594,56.22378158569336,58.10734558105469,59.22612380981445,59.84782409667969,57.297874450683594,57.076717376708984,57.76688003540039,59.9179801940918,59.167877197265625,25,12.90322494506836,16.129032135009766,53.333335876464844,25.80644989013672,6.45161247253418,3.22580623626709,3.22580623626709,4.728131294250488,17179869184,20401094656,5412405248,19881656320
