Delta,Time,CPU_FREQUENCY_0,CPU_FREQUENCY_1,CPU_FREQUENCY_2,CPU_FREQUENCY_3,CPU_FREQUENCY_4,CPU_FREQUENCY_5,CPU_FREQUENCY_6,CPU_FREQUENCY_7,CPU_TEMP_0,CPU_TEMP_1,CPU_TEMP_2,CPU_TEMP_3,CPU_TEMP_4,CPU_TEMP_5,CPU_TEMP_6,CPU_TEMP_7,CPU_TEMP_8,CPU_TEMP_9,CPU_USAGE_0,CPU_USAGE_1,CPU_USAGE_2,CPU_USAGE_3,CPU_USAGE_4,CPU_USAGE_5,CPU_USAGE_6,CPU_USAGE_7,SYSTEM_POWER (Watts),TOTAL_MEMORY,TOTAL_SWAP,USED_MEMORY,USED_SWAP
0,1729536711420,3228,3228,3228,3228,3228,3228,3228,3228,69.96456146240234,66.08257293701172,74.4741439819336,76.09944915771484,72.91722106933594,67.78636169433594,72.90872192382813,72.33990478515625,69.61921691894531,68.02201843261719,0,NaN,100,NaN,0,0,0,0,27.926856994628906,17179869184,20401094656,5396070400,19923599360
309,1729536711420,3228,3228,3228,3228,3228,3228,3228,3228,69.96456146240234,66.08257293701172,74.4741439819336,76.09944915771484,72.91722106933594,67.78636169433594,72.90872192382813,72.33990478515625,69.61921691894531,68.02201843261719,NaN,0,100,66.66667175292969,NaN,100,0,NaN,27.926856994628906,17179869184,20401094656,5396070400,19923599360
11,1729536711731,3228,3228,3228,3228,3228,3228,3228,3228,69.96456146240234,66.08257293701172,74.4741439819336,76.09944915771484,72.91722106933594,67.78636169433594,72.90872192382813,72.33990478515625,69.61921691894531,68.02201843261719,28.125,25,32.25806427001953,36.66666793823242,40.625,16.666667938232422,12.90322494506836,3.22580623626709,27.926856994628906,17179869184,20401094656,5396070400,19923599360
