Delta,Time,CPU_FREQUENCY_0,CPU_FREQUENCY_1,CPU_FREQUENCY_2,CPU_FREQUENCY_3,CPU_FREQUENCY_4,CPU_FREQUENCY_5,CPU_FREQUENCY_6,CPU_FREQUENCY_7,CPU_TEMP_0,CPU_TEMP_1,CPU_TEMP_2,CPU_TEMP_3,CPU_TEMP_4,CPU_TEMP_5,CPU_TEMP_6,CPU_TEMP_7,CPU_TEMP_8,CPU_TEMP_9,CPU_USAGE_0,CPU_USAGE_1,CPU_USAGE_2,CPU_USAGE_3,CPU_USAGE_4,CPU_USAGE_5,CPU_USAGE_6,CPU_USAGE_7,SYSTEM_POWER (Watts),TOTAL_MEMORY,TOTAL_SWAP,USED_MEMORY,USED_SWAP
0,1729546360011,3228,3228,3228,3228,3228,3228,3228,3228,71.67849731445313,69.11579132080078,75.27588653564453,76.51062774658203,74.0223617553711,69.56580352783203,74.03753662109375,73.57133483886719,71.85853576660156,69.6361312866211,100,0,100,100,100,50,50,0,24.623287200927734,17179869184,21474836480,6643171328,20243677184
308,1729546360011,3228,3228,3228,3228,3228,3228,3228,3228,71.67849731445313,69.11579132080078,75.27588653564453,76.51062774658203,74.0223617553711,69.56580352783203,74.03753662109375,73.57133483886719,71.85853576660156,69.6361312866211,0,100,100,100,100,NaN,100,0,24.623287200927734,17179869184,21474836480,6643171328,20243677184
304,1729546360320,3228,3228,3228,3228,3228,3228,3228,3228,71.3983383178711,68.19647216796875,74.7997817993164,76.13321685791016,74.08406829833984,69.39836120605469,73.04318237304688,71.8755874633789,70.53636169433594,68.77271270751953,60.000003814697266,58.06451416015625,93.54838562011719,93.54838562011719,93.33333587646484,93.75,90,70,24.623287200927734,17179869184,21474836480,6643171328,20243677184
306,1729546360626,3228,3228,3228,3228,3228,3228,3228,3228,71.3983383178711,68.19647216796875,74.7997817993164,76.13321685791016,74.08406829833984,69.39836120605469,73.04318237304688,71.8755874633789,70.53636169433594,68.77271270751953,76.66666412353516,74.19355010986328,100,100,96.7741928100586,96.55171966552734,93.33333587646484,86.66666412353516,18.193992614746094,17179869184,21474836480,8619786240,20243677184
9,1729546360932,3228,3228,3228,3228,3228,3228,3228,3228,71.3983383178711,68.19647216796875,74.7997817993164,76.13321685791016,74.08406829833984,69.39836120605469,73.04318237304688,71.8755874633789,70.53636169433594,68.77271270751953,37.5,43.33333206176758,96.66666412353516,93.33333587646484,90.32257843017578,93.33333587646484,50,29.032257080078125,18.193992614746094,17179869184,21474836480,6838288384,20243677184
