Delta,Time,CPU_FREQUENCY_0,CPU_FREQUENCY_1,CPU_FREQUENCY_2,CPU_FREQUENCY_3,CPU_FREQUENCY_4,CPU_FREQUENCY_5,CPU_FREQUENCY_6,CPU_FREQUENCY_7,CPU_TEMP_0,CPU_TEMP_1,CPU_TEMP_2,CPU_TEMP_3,CPU_TEMP_4,CPU_TEMP_5,CPU_TEMP_6,CPU_TEMP_7,CPU_TEMP_8,CPU_TEMP_9,CPU_USAGE_0,CPU_USAGE_1,CPU_USAGE_2,CPU_USAGE_3,CPU_USAGE_4,CPU_USAGE_5,CPU_USAGE_6,CPU_USAGE_7,SYSTEM_POWER (Watts),TOTAL_MEMORY,TOTAL_SWAP,USED_MEMORY,USED_SWAP
0,1729562273252,3228,3228,3228,3228,3228,3228,3228,3228,60.758506774902344,56.82333755493164,62.130126953125,64.09214782714844,63.174034118652344,58.96208190917969,60.67519760131836,60.18739700317383,59.08253860473633,58.933448791503906,0,0,50,0,0,0,0,0,19.611881256103516,17179869184,22548578304,5434048512,21256667136
309,1729562273252,3228,3228,3228,3228,3228,3228,3228,3228,60.758506774902344,56.82333755493164,62.130126953125,64.09214782714844,63.174034118652344,58.96208190917969,60.67519760131836,60.18739700317383,59.08253860473633,58.933448791503906,0,0,0,NaN,0,0,0,0,19.611881256103516,17179869184,22548578304,5437734912,21256667136
308,1729562273562,3228,3228,3228,3228,3228,3228,3228,3228,62.922157287597656,58.936500549316406,66.35926055908203,68.3043441772461,65.84111785888672,60.90811538696289,64.44351196289063,64.21833801269531,61.97047424316406,60.90599060058594,87.09677124023438,87.5,96.66666412353516,96.7741928100586,93.54838562011719,90.32257843017578,90.32257843017578,90.32257843017578,19.611881256103516,17179869184,22548578304,5524127744,21256667136
309,1729562273871,3228,3228,3228,3228,3228,3228,3228,3228,62.922157287597656,58.936500549316406,66.35926055908203,68.3043441772461,65.84111785888672,60.90811538696289,64.44351196289063,64.21833801269531,61.97047424316406,60.90599060058594,19.35483741760254,13.333333969116211,93.75,90,93.10344696044922,96.66666412353516,74.19355010986328,53.125,19.611881256103516,17179869184,22548578304,5538136064,21256667136
8,1729562274181,3228,3228,3228,3228,3228,3228,3228,3228,62.922157287597656,58.936500549316406,66.35926055908203,68.3043441772461,65.84111785888672,60.90811538696289,64.44351196289063,64.21833801269531,61.97047424316406,60.90599060058594,16.666667938232422,22.580644607543945,96.66666412353516,93.54838562011719,90.625,93.54838562011719,32.25806427001953,19.35483741760254,16.27562713623047,17179869184,22548578304,5473206272,21256667136
