Delta,Time,CPU_FREQUENCY_0,CPU_FREQUENCY_1,CPU_FREQUENCY_2,CPU_FREQUENCY_3,CPU_FREQUENCY_4,CPU_FREQUENCY_5,CPU_FREQUENCY_6,CPU_FREQUENCY_7,CPU_TEMP_0,CPU_TEMP_1,CPU_TEMP_2,CPU_TEMP_3,CPU_TEMP_4,CPU_TEMP_5,CPU_TEMP_6,CPU_TEMP_7,CPU_TEMP_8,CPU_TEMP_9,CPU_USAGE_0,CPU_USAGE_1,CPU_USAGE_2,CPU_USAGE_3,CPU_USAGE_4,CPU_USAGE_5,CPU_USAGE_6,CPU_USAGE_7,SYSTEM_POWER (Watts),TOTAL_MEMORY,TOTAL_SWAP,USED_MEMORY,USED_SWAP
0,1729546812234,3228,3228,3228,3228,3228,3228,3228,3228,56.7809944152832,54.063438415527344,56.4693603515625,57.34444046020508,57.59049987792969,55.347984313964844,55.77462387084961,56.156280517578125,57.68476867675781,56.746734619140625,50,50,50,NaN,100,NaN,0,0,14.290494918823242,17179869184,21474836480,6241746944,20243677184
304,1729546812234,3228,3228,3228,3228,3228,3228,3228,3228,56.7809944152832,54.063438415527344,56.4693603515625,57.34444046020508,57.59049987792969,55.347984313964844,55.77462387084961,56.156280517578125,57.68476867675781,56.746734619140625,NaN,NaN,NaN,100,0,100,NaN,NaN,14.290494918823242,17179869184,21474836480,6244417536,20243677184
9,1729546812539,3228,3228,3228,3228,3228,3228,3228,3228,56.7809944152832,54.063438415527344,56.4693603515625,57.34444046020508,57.59049987792969,55.347984313964844,55.77462387084961,56.156280517578125,57.68476867675781,56.746734619140625,63.33333206176758,67.74193572998047,83.33332824707031,83.87096405029297,74.19355010986328,67.74193572998047,61.29032516479492,45.16128921508789,14.290494918823242,17179869184,21474836480,6284148736,20243677184
