Delta,Time,CPU_FREQUENCY_0,CPU_FREQUENCY_1,CPU_FREQUENCY_2,CPU_FREQUENCY_3,CPU_FREQUENCY_4,CPU_FREQUENCY_5,CPU_FREQUENCY_6,CPU_FREQUENCY_7,CPU_TEMP_0,CPU_TEMP_1,CPU_TEMP_2,CPU_TEMP_3,CPU_TEMP_4,CPU_TEMP_5,CPU_TEMP_6,CPU_TEMP_7,CPU_TEMP_8,CPU_TEMP_9,CPU_USAGE_0,CPU_USAGE_1,CPU_USAGE_2,CPU_USAGE_3,CPU_USAGE_4,CPU_USAGE_5,CPU_USAGE_6,CPU_USAGE_7,SYSTEM_POWER (Watts),TOTAL_MEMORY,TOTAL_SWAP,USED_MEMORY,USED_SWAP
0,1729580891634,3228,3228,3228,3228,3228,3228,3228,3228,65.61702728271484,63.0053825378418,66.47184753417969,67.37950134277344,66.62339782714844,63.835784912109375,64.15746307373047,64.88622283935547,65.28329467773438,65.00466918945313,0,0,0,0,0,0,0,0,17.11394500732422,17179869184,22548578304,5141970944,21248278528
308,1729580891634,3228,3228,3228,3228,3228,3228,3228,3228,65.61702728271484,63.0053825378418,66.47184753417969,67.37950134277344,66.62339782714844,63.835784912109375,64.15746307373047,64.88622283935547,65.28329467773438,65.00466918945313,NaN,0,NaN,50,0,50,0,0,17.11394500732422,17179869184,22548578304,5144903680,21248278528
307,1729580891943,3228,3228,3228,3228,3228,3228,3228,3228,65.61702728271484,63.0053825378418,66.47184753417969,67.37950134277344,66.62339782714844,63.835784912109375,64.15746307373047,64.88622283935547,65.28329467773438,65.00466918945313,87.09677124023438,90,90.625,93.54838562011719,93.33333587646484,93.33333587646484,87.09677124023438,90,17.11394500732422,17179869184,22548578304,5208014848,21248278528
308,1729580892251,3228,3228,3228,3228,3228,3228,3228,3228,64.85009765625,63.006290435791016,65.34806823730469,67.2081298828125,66.27066802978516,63.63737487792969,64.94857788085938,65.81932830810547,65.85165405273438,64.63267517089844,16.129032135009766,19.35483741760254,73.33333587646484,25.80644989013672,16.129032135009766,29.032257080078125,13.333333969116211,15.15151596069336,17.11394500732422,17179869184,22548578304,5226414080,21248278528
13,1729580892560,3228,3228,3228,3228,3228,3228,3228,3228,64.85009765625,63.006290435791016,65.34806823730469,67.2081298828125,66.27066802978516,63.63737487792969,64.94857788085938,65.81932830810547,65.85165405273438,64.63267517089844,16.129032135009766,20,28.125,3.3333334922790527,6.25,12.90322494506836,3.22580623626709,0,7.0435404777526855,17179869184,22548578304,5162500096,21248278528
