Delta,Time,CPU_FREQUENCY_0,CPU_FREQUENCY_1,CPU_FREQUENCY_2,CPU_FREQUENCY_3,CPU_FREQUENCY_4,CPU_FREQUENCY_5,CPU_FREQUENCY_6,CPU_FREQUENCY_7,CPU_TEMP_0,CPU_TEMP_1,CPU_TEMP_2,CPU_TEMP_3,CPU_TEMP_4,CPU_TEMP_5,CPU_TEMP_6,CPU_TEMP_7,CPU_TEMP_8,CPU_TEMP_9,CPU_USAGE_0,CPU_USAGE_1,CPU_USAGE_2,CPU_USAGE_3,CPU_USAGE_4,CPU_USAGE_5,CPU_USAGE_6,CPU_USAGE_7,SYSTEM_POWER (Watts),TOTAL_MEMORY,TOTAL_SWAP,USED_MEMORY,USED_SWAP
0,1729593170243,3228,3228,3228,3228,3228,3228,3228,3228,66.58648681640625,62.80390930175781,71.19190216064453,73.19921112060547,70.08525085449219,64.21151733398438,70.70860290527344,70.59774780273438,65.36972045898438,64.6397476196289,0,0,100,100,100,NaN,0,NaN,12.074821472167969,17179869184,22548578304,5248548864,21060845568
303,1729593170243,3228,3228,3228,3228,3228,3228,3228,3228,66.58648681640625,62.80390930175781,71.19190216064453,73.19921112060547,70.08525085449219,64.21151733398438,70.70860290527344,70.59774780273438,65.36972045898438,64.6397476196289,0,NaN,NaN,NaN,NaN,100,100,0,12.074821472167969,17179869184,22548578304,5248548864,21060845568
301,1729593170547,3228,3228,3228,3228,3228,3228,3228,3228,66.58648681640625,62.80390930175781,71.19190216064453,73.19921112060547,70.08525085449219,64.21151733398438,70.70860290527344,70.59774780273438,65.36972045898438,64.6397476196289,96.7741928100586,93.54838562011719,100,100,96.7741928100586,100,100,96.7741928100586,12.074821472167969,17179869184,22548578304,5248548864,21060845568
309,1729593170848,3228,3228,3228,3228,3228,3228,3228,3228,66.58648681640625,62.80390930175781,71.19190216064453,73.19921112060547,70.08525085449219,64.21151733398438,70.70860290527344,70.59774780273438,65.36972045898438,64.6397476196289,36.66666793823242,24.137929916381836,93.33333587646484,96.55171966552734,89.6551742553711,87.09677124023438,80,44.82758712768555,26.825654983520508,17179869184,22548578304,5300011008,21060845568
10,1729593171158,3228,3228,3228,3228,3228,3228,3228,3228,66.58648681640625,62.80390930175781,71.19190216064453,73.19921112060547,70.08525085449219,64.21151733398438,70.70860290527344,70.59774780273438,65.36972045898438,64.6397476196289,30.000001907348633,25,84.375,81.25,70.96774291992188,75,53.125,41.935482025146484,26.825654983520508,17179869184,22548578304,5257920512,21060845568
