Delta,Time,CPU_FREQUENCY_0,CPU_FREQUENCY_1,CPU_FREQUENCY_2,CPU_FREQUENCY_3,CPU_FREQUENCY_4,CPU_FREQUENCY_5,CPU_FREQUENCY_6,CPU_FREQUENCY_7,CPU_TEMP_0,CPU_TEMP_1,CPU_TEMP_2,CPU_TEMP_3,CPU_TEMP_4,CPU_TEMP_5,CPU_TEMP_6,CPU_TEMP_7,CPU_TEMP_8,CPU_TEMP_9,CPU_USAGE_0,CPU_USAGE_1,CPU_USAGE_2,CPU_USAGE_3,CPU_USAGE_4,CPU_USAGE_5,CPU_USAGE_6,CPU_USAGE_7,SYSTEM_POWER (Watts),TOTAL_MEMORY,TOTAL_SWAP,USED_MEMORY,USED_SWAP
0,1729550544798,3228,3228,3228,3228,3228,3228,3228,3228,58.22610092163086,55.788814544677734,56.65687561035156,58.30967712402344,58.524391174316406,57.0040283203125,57.14228820800781,57.38079833984375,58.93004608154297,58.93163299560547,50,66.66667175292969,NaN,NaN,0,66.66667175292969,0,0,4.877707004547119,17179869184,21474836480,6356418560,20766916608
309,1729550544799,3228,3228,3228,3228,3228,3228,3228,3228,58.22610092163086,55.788814544677734,56.65687561035156,58.30967712402344,58.524391174316406,57.0040283203125,57.14228820800781,57.38079833984375,58.93004608154297,58.93163299560547,100,NaN,100,0,50,NaN,0,0,4.877707004547119,17179869184,21474836480,6358532096,20766916608
309,1729550545109,3228,3228,3228,3228,3228,3228,3228,3228,58.22610092163086,55.788814544677734,56.65687561035156,58.30967712402344,58.524391174316406,57.0040283203125,57.14228820800781,57.38079833984375,58.93004608154297,58.93163299560547,74.19355010986328,74.19355010986328,90.625,93.54838562011719,90.32257843017578,93.33333587646484,86.66666412353516,87.09677124023438,4.877707004547119,17179869184,21474836480,8722513920,20766916608
303,1729550545419,3228,3228,3228,3228,3228,3228,3228,3228,61.49066162109375,59.09358596801758,62.99706268310547,65.16986846923828,63.523582458496094,60.005191802978516,63.64929962158203,63.72322082519531,63.62186050415039,61.43950653076172,70,66.66667175292969,93.54838562011719,90.32257843017578,90,78.125,75.75757598876953,73.33333587646484,4.877707004547119,17179869184,21474836480,7032389632,20766916608
10,1729550545723,3228,3228,3228,3228,3228,3228,3228,3228,61.49066162109375,59.09358596801758,62.99706268310547,65.16986846923828,63.523582458496094,60.005191802978516,63.64929962158203,63.72322082519531,63.62186050415039,61.43950653076172,16.666667938232422,22.580644607543945,76.66666412353516,77.41934967041016,80,60.000003814697266,36.66666793823242,16.129032135009766,6.163393497467041,17179869184,21474836480,6421528576,20766916608
