Delta,Time,CPU_FREQUENCY_0,CPU_FREQUENCY_1,CPU_FREQUENCY_2,CPU_FREQUENCY_3,CPU_FREQUENCY_4,CPU_FREQUENCY_5,CPU_FREQUENCY_6,CPU_FREQUENCY_7,CPU_TEMP_0,CPU_TEMP_1,CPU_TEMP_2,CPU_TEMP_3,CPU_TEMP_4,CPU_TEMP_5,CPU_TEMP_6,CPU_TEMP_7,CPU_TEMP_8,CPU_TEMP_9,CPU_USAGE_0,CPU_USAGE_1,CPU_USAGE_2,CPU_USAGE_3,CPU_USAGE_4,CPU_USAGE_5,CPU_USAGE_6,CPU_USAGE_7,SYSTEM_POWER (Watts),TOTAL_MEMORY,TOTAL_SWAP,USED_MEMORY,USED_SWAP
0,1729533927760,3228,3228,3228,3228,3228,3228,3228,3228,59.996253967285156,57.428260803222656,60.11988830566406,61.10734558105469,61.765586853027344,58.787200927734375,58.7642822265625,59.391273498535156,60.67652130126953,60.40606689453125,0,0,100,50,50,100,NaN,0,4.903981685638428,17179869184,19327352832,7075004416,18683133952
309,1729533927760,3228,3228,3228,3228,3228,3228,3228,3228,59.996253967285156,57.428260803222656,60.11988830566406,61.10734558105469,61.765586853027344,58.787200927734375,58.7642822265625,59.391273498535156,60.67652130126953,60.40606689453125,0,50,100,100,NaN,100,50,100,4.903981685638428,17179869184,19327352832,7077167104,18683133952
9,1729533928070,3228,3228,3228,3228,3228,3228,3228,3228,66.46414184570313,62.987613677978516,71.47159576416016,72.9859390258789,70.3133544921875,64.44471740722656,70.29292297363281,70.21900177001953,67.0080337524414,65.00457763671875,16.666667938232422,10,77.41934967041016,73.33333587646484,70.96774291992188,66.66667175292969,54.83871078491211,56.25,4.903981685638428,17179869184,19327352832,7129448448,18683133952
