Delta,Time,CPU_FREQUENCY_0,CPU_FREQUENCY_1,CPU_FREQUENCY_2,CPU_FREQUENCY_3,CPU_FREQUENCY_4,CPU_FREQUENCY_5,CPU_FREQUENCY_6,CPU_FREQUENCY_7,CPU_TEMP_0,CPU_TEMP_1,CPU_TEMP_2,CPU_TEMP_3,CPU_TEMP_4,CPU_TEMP_5,CPU_TEMP_6,CPU_TEMP_7,CPU_TEMP_8,CPU_TEMP_9,CPU_USAGE_0,CPU_USAGE_1,CPU_USAGE_2,CPU_USAGE_3,CPU_USAGE_4,CPU_USAGE_5,CPU_USAGE_6,CPU_USAGE_7,SYSTEM_POWER (Watts),TOTAL_MEMORY,TOTAL_SWAP,USED_MEMORY,USED_SWAP
0,1729550155985,3228,3228,3228,3228,3228,3228,3228,3228,63.33167266845703,61.39478302001953,62.214622497558594,62.9167366027832,63.880516052246094,61.91312789916992,61.88707733154297,62.3331413269043,63.50017166137695,64.0987319946289,0,50,0,0,0,0,0,0,4.763242721557617,17179869184,21474836480,4877090816,20766916608
304,1729550155985,3228,3228,3228,3228,3228,3228,3228,3228,63.33167266845703,61.39478302001953,62.214622497558594,62.9167366027832,63.880516052246094,61.91312789916992,61.88707733154297,62.3331413269043,63.50017166137695,64.0987319946289,50,0,NaN,NaN,0,0,0,0,4.763242721557617,17179869184,21474836480,4879073280,20766916608
308,1729550156290,3228,3228,3228,3228,3228,3228,3228,3228,64.3118667602539,62.36598587036133,64.40718841552734,65.50560760498047,65.4510498046875,62.76564025878906,63.9838752746582,64.05306243896484,64.84281921386719,64.71638488769531,90.32257843017578,90,93.33333587646484,93.33333587646484,93.33333587646484,93.10344696044922,93.54838562011719,93.33333587646484,4.763242721557617,17179869184,21474836480,4926013440,20766916608
10,1729550156598,3228,3228,3228,3228,3228,3228,3228,3228,64.3118667602539,62.36598587036133,64.40718841552734,65.50560760498047,65.4510498046875,62.76564025878906,63.9838752746582,64.05306243896484,64.84281921386719,64.71638488769531,16.666667938232422,19.35483741760254,51.61289978027344,15.625,32.25806427001953,28.125,12.90322494506836,6.45161247253418,4.763242721557617,17179869184,21474836480,4898209792,20766916608
