Delta,Time,CPU_FREQUENCY_0,CPU_FREQUENCY_1,CPU_FREQUENCY_2,CPU_FREQUENCY_3,CPU_FREQUENCY_4,CPU_FREQUENCY_5,CPU_FREQUENCY_6,CPU_FREQUENCY_7,CPU_TEMP_0,CPU_TEMP_1,CPU_TEMP_2,CPU_TEMP_3,CPU_TEMP_4,CPU_TEMP_5,CPU_TEMP_6,CPU_TEMP_7,CPU_TEMP_8,CPU_TEMP_9,CPU_USAGE_0,CPU_USAGE_1,CPU_USAGE_2,CPU_USAGE_3,CPU_USAGE_4,CPU_USAGE_5,CPU_USAGE_6,CPU_USAGE_7,SYSTEM_POWER (Watts),TOTAL_MEMORY,TOTAL_SWAP,USED_MEMORY,USED_SWAP
0,1729601705466,3228,3228,3228,3228,3228,3228,3228,3228,61.72434997558594,60.12154769897461,61.401954650878906,61.98271179199219,62.53571319580078,60.30754852294922,60.62737274169922,60.89643859863281,62.651893615722656,61.811180114746094,0,0,NaN,50,NaN,0,0,0,21.15045928955078,17179869184,22548578304,4332945408,20918173696
306,1729601705466,3228,3228,3228,3228,3228,3228,3228,3228,61.72434997558594,60.12154769897461,61.401954650878906,61.98271179199219,62.53571319580078,60.30754852294922,60.62737274169922,60.89643859863281,62.651893615722656,61.811180114746094,0,0,0,100,0,0,0,0,21.15045928955078,17179869184,22548578304,4335484928,20918173696
309,1729601705773,3228,3228,3228,3228,3228,3228,3228,3228,61.72434997558594,60.12154769897461,61.401954650878906,61.98271179199219,62.53571319580078,60.30754852294922,60.62737274169922,60.89643859863281,62.651893615722656,61.811180114746094,90.32257843017578,90.32257843017578,93.54838562011719,93.54838562011719,90.625,90,90,90.32257843017578,21.15045928955078,17179869184,22548578304,4335484928,20918173696
9,1729601706083,3228,3228,3228,3228,3228,3228,3228,3228,61.72434997558594,60.12154769897461,61.401954650878906,61.98271179199219,62.53571319580078,60.30754852294922,60.62737274169922,60.89643859863281,62.651893615722656,61.811180114746094,12.90322494506836,10,61.29032516479492,29.032257080078125,12.90322494506836,22.580644607543945,22.580644607543945,9.67741870880127,7.335493087768555,17179869184,22548578304,4351393792,20918173696
