Delta,Time,CPU_FREQUENCY_0,CPU_FREQUENCY_1,CPU_FREQUENCY_2,CPU_FREQUENCY_3,CPU_FREQUENCY_4,CPU_FREQUENCY_5,CPU_FREQUENCY_6,CPU_FREQUENCY_7,CPU_TEMP_0,CPU_TEMP_1,CPU_TEMP_2,CPU_TEMP_3,CPU_TEMP_4,CPU_TEMP_5,CPU_TEMP_6,CPU_TEMP_7,CPU_TEMP_8,CPU_TEMP_9,CPU_USAGE_0,CPU_USAGE_1,CPU_USAGE_2,CPU_USAGE_3,CPU_USAGE_4,CPU_USAGE_5,CPU_USAGE_6,CPU_USAGE_7,SYSTEM_POWER (Watts),TOTAL_MEMORY,TOTAL_SWAP,USED_MEMORY,USED_SWAP
0,1729554963712,3228,3228,3228,3228,3228,3228,3228,3228,63.51822280883789,61.378849029541016,62.69775390625,63.36603927612305,64.26811981201172,61.638954162597656,62.05192947387695,62.304534912109375,64.19181060791016,63.952301025390625,0,50,0,0,0,0,0,0,9.943681716918945,17179869184,21474836480,5946048512,20798832640
309,1729554963713,3228,3228,3228,3228,3228,3228,3228,3228,63.51822280883789,61.378849029541016,62.69775390625,63.36603927612305,64.26811981201172,61.638954162597656,62.05192947387695,62.304534912109375,64.19181060791016,63.952301025390625,0,0,0,100,0,0,0,0,9.943681716918945,17179869184,21474836480,5948112896,20798832640
10,1729554964022,3228,3228,3228,3228,3228,3228,3228,3228,63.51822280883789,61.378849029541016,62.69775390625,63.36603927612305,64.26811981201172,61.638954162597656,62.05192947387695,62.304534912109375,64.19181060791016,63.952301025390625,16.129032135009766,16.666667938232422,41.935482025146484,25.80644989013672,3.3333334922790527,13.333333969116211,0,0,4.825916290283203,17179869184,21474836480,5967429632,20798832640
