Delta,Time,CPU_FREQUENCY_0,CPU_FREQUENCY_1,CPU_FREQUENCY_2,CPU_FREQUENCY_3,CPU_FREQUENCY_4,CPU_FREQUENCY_5,CPU_FREQUENCY_6,CPU_FREQUENCY_7,CPU_TEMP_0,CPU_TEMP_1,CPU_TEMP_2,CPU_TEMP_3,CPU_TEMP_4,CPU_TEMP_5,CPU_TEMP_6,CPU_TEMP_7,CPU_TEMP_8,CPU_TEMP_9,CPU_USAGE_0,CPU_USAGE_1,CPU_USAGE_2,CPU_USAGE_3,CPU_USAGE_4,CPU_USAGE_5,CPU_USAGE_6,CPU_USAGE_7,SYSTEM_POWER (Watts),TOTAL_MEMORY,TOTAL_SWAP,USED_MEMORY,USED_SWAP
0,1729538923575,3228,3228,3228,3228,3228,3228,3228,3228,61.28662872314453,58.9823112487793,59.97352600097656,60.48231506347656,61.843162536621094,59.43126678466797,59.383934020996094,59.57720947265625,62.714881896972656,61.09325408935547,NaN,0,0,0,0,0,0,0,5.270561695098877,17179869184,21474836480,4908580864,20377894912
309,1729538923575,3228,3228,3228,3228,3228,3228,3228,3228,61.28662872314453,58.9823112487793,59.97352600097656,60.48231506347656,61.843162536621094,59.43126678466797,59.383934020996094,59.57720947265625,62.714881896972656,61.09325408935547,0,0,NaN,50,0,0,0,0,5.270561695098877,17179869184,21474836480,4911415296,20377894912
306,1729538923888,3228,3228,3228,3228,3228,3228,3228,3228,61.28662872314453,58.9823112487793,59.97352600097656,60.48231506347656,61.843162536621094,59.43126678466797,59.383934020996094,59.57720947265625,62.714881896972656,61.09325408935547,59.375,58.06451416015625,54.83871078491211,74.19355010986328,75,51.61289978027344,53.125,53.125,5.270561695098877,17179869184,21474836480,4961861632,20377894912
309,1729538924195,3228,3228,3228,3228,3228,3228,3228,3228,62.89236068725586,59.997928619384766,62.430137634277344,63.375244140625,64.73882293701172,60.751712799072266,61.304386138916016,61.578338623046875,63.853782653808594,61.920684814453125,43.33333206176758,41.935482025146484,62.5,86.66666412353516,46.66666793823242,33.333335876464844,35.48387145996094,33.333335876464844,5.270561695098877,17179869184,21474836480,4979720192,20377894912
9,1729538924505,3228,3228,3228,3228,3228,3228,3228,3228,62.89236068725586,59.997928619384766,62.430137634277344,63.375244140625,64.73882293701172,60.751712799072266,61.304386138916016,61.578338623046875,63.853782653808594,61.920684814453125,15.625,12.90322494506836,13.333333969116211,87.09677124023438,0,0,0,0,6.053773403167725,17179869184,21474836480,4979425280,20377894912
