Delta,Time,CPU_FREQUENCY_0,CPU_FREQUENCY_1,CPU_FREQUENCY_2,CPU_FREQUENCY_3,CPU_FREQUENCY_4,CPU_FREQUENCY_5,CPU_FREQUENCY_6,CPU_FREQUENCY_7,CPU_TEMP_0,CPU_TEMP_1,CPU_TEMP_2,CPU_TEMP_3,CPU_TEMP_4,CPU_TEMP_5,CPU_TEMP_6,CPU_TEMP_7,CPU_TEMP_8,CPU_TEMP_9,CPU_USAGE_0,CPU_USAGE_1,CPU_USAGE_2,CPU_USAGE_3,CPU_USAGE_4,CPU_USAGE_5,CPU_USAGE_6,CPU_USAGE_7,SYSTEM_POWER (Watts),TOTAL_MEMORY,TOTAL_SWAP,USED_MEMORY,USED_SWAP
0,1729592174440,3228,3228,3228,3228,3228,3228,3228,3228,64.6287612915039,61.38682556152344,66.32093811035156,67.9979019165039,65.17425537109375,62.05965042114258,61.75850296020508,63.15332794189453,63.23612594604492,62.69055938720703,0,0,0,50,50,0,0,0,12.369098663330078,17179869184,22548578304,5625085952,21060845568
301,1729592174440,3228,3228,3228,3228,3228,3228,3228,3228,64.6287612915039,61.38682556152344,66.32093811035156,67.9979019165039,65.17425537109375,62.05965042114258,61.75850296020508,63.15332794189453,63.23612594604492,62.69055938720703,0,NaN,NaN,50,NaN,0,0,0,12.369098663330078,17179869184,22548578304,5625085952,21060845568
309,1729592174742,3228,3228,3228,3228,3228,3228,3228,3228,64.6287612915039,61.38682556152344,66.32093811035156,67.9979019165039,65.17425537109375,62.05965042114258,61.75850296020508,63.15332794189453,63.23612594604492,62.69055938720703,93.33333587646484,90.32257843017578,96.7741928100586,96.55171966552734,93.54838562011719,93.33333587646484,90,93.33333587646484,12.088171005249023,17179869184,22548578304,5625085952,21060845568
308,1729592175052,3228,3228,3228,3228,3228,3228,3228,3228,64.6287612915039,61.38682556152344,66.32093811035156,67.9979019165039,65.17425537109375,62.05965042114258,61.75850296020508,63.15332794189453,63.23612594604492,62.69055938720703,12.90322494506836,9.67741870880127,58.06451416015625,43.75,36.66666793823242,30.000001907348633,9.67741870880127,3.125,12.088171005249023,17179869184,22548578304,5716869120,21060845568
8,1729592175360,3228,3228,3228,3228,3228,3228,3228,3228,66.74075317382813,63.673954010009766,69.5685806274414,70.91954040527344,68.50113677978516,64.36773681640625,66.25193786621094,67.31158447265625,66.31918334960938,64.80256652832031,19.35483741760254,16.666667938232422,35.48387145996094,10,9.67741870880127,9.67741870880127,9.67741870880127,0,12.088171005249023,17179869184,22548578304,5666947072,21060845568
