Delta,Time,CPU_FREQUENCY_0,CPU_FREQUENCY_1,CPU_FREQUENCY_2,CPU_FREQUENCY_3,CPU_FREQUENCY_4,CPU_FREQUENCY_5,CPU_FREQUENCY_6,CPU_FREQUENCY_7,CPU_TEMP_0,CPU_TEMP_1,CPU_TEMP_2,CPU_TEMP_3,CPU_TEMP_4,CPU_TEMP_5,CPU_TEMP_6,CPU_TEMP_7,CPU_TEMP_8,CPU_TEMP_9,CPU_USAGE_0,CPU_USAGE_1,CPU_USAGE_2,CPU_USAGE_3,CPU_USAGE_4,CPU_USAGE_5,CPU_USAGE_6,CPU_USAGE_7,SYSTEM_POWER (Watts),TOTAL_MEMORY,TOTAL_SWAP,USED_MEMORY,USED_SWAP
0,1729596635801,3228,3228,3228,3228,3228,3228,3228,3228,61.64472579956055,57.30816650390625,65.39360809326172,67.54524230957031,63.881385803222656,59.051883697509766,61.59320831298828,62.158809661865234,59.91196060180664,58.93229675292969,0,0,100,100,0,66.66667175292969,100,100,7.893131256103516,17179869184,22548578304,4637278208,20968570880
301,1729596635801,3228,3228,3228,3228,3228,3228,3228,3228,61.64472579956055,57.30816650390625,65.39360809326172,67.54524230957031,63.881385803222656,59.051883697509766,61.59320831298828,62.158809661865234,59.91196060180664,58.93229675292969,0,50,50,100,100,100,50,100,7.893131256103516,17179869184,22548578304,4637278208,20968570880
8,1729596636102,3228,3228,3228,3228,3228,3228,3228,3228,61.64472579956055,57.30816650390625,65.39360809326172,67.54524230957031,63.881385803222656,59.051883697509766,61.59320831298828,62.158809661865234,59.91196060180664,58.93229675292969,41.379310607910156,43.33333206176758,86.66666412353516,83.33332824707031,83.33332824707031,72.41378784179688,63.33333206176758,53.333335876464844,7.893131256103516,17179869184,22548578304,4637278208,20968570880
