Delta,Time,CPU_FREQUENCY_0,CPU_FREQUENCY_1,CPU_FREQUENCY_2,CPU_FREQUENCY_3,CPU_FREQUENCY_4,CPU_FREQUENCY_5,CPU_FREQUENCY_6,CPU_FREQUENCY_7,CPU_TEMP_0,CPU_TEMP_1,CPU_TEMP_2,CPU_TEMP_3,CPU_TEMP_4,CPU_TEMP_5,CPU_TEMP_6,CPU_TEMP_7,CPU_TEMP_8,CPU_TEMP_9,CPU_USAGE_0,CPU_USAGE_1,CPU_USAGE_2,CPU_USAGE_3,CPU_USAGE_4,CPU_USAGE_5,CPU_USAGE_6,CPU_USAGE_7,SYSTEM_POWER (Watts),TOTAL_MEMORY,TOTAL_SWAP,USED_MEMORY,USED_SWAP
0,1729564340013,3228,3228,3228,3228,3228,3228,3228,3228,56.59001159667969,54.73090362548828,55.4036865234375,56.872032165527344,57.406829833984375,55.01274871826172,54.86923599243164,55.94368362426758,57.33434295654297,56.725677490234375,0,0,33.333335876464844,0,0,0,0,0,5.056182384490967,17179869184,22548578304,5871976448,21256667136
306,1729564340014,3228,3228,3228,3228,3228,3228,3228,3228,56.59001159667969,54.73090362548828,55.4036865234375,56.872032165527344,57.406829833984375,55.01274871826172,54.86923599243164,55.94368362426758,57.33434295654297,56.725677490234375,100,0,NaN,100,0,0,0,0,5.056182384490967,17179869184,22548578304,5871976448,21256667136
308,1729564340321,3228,3228,3228,3228,3228,3228,3228,3228,56.59001159667969,54.73090362548828,55.4036865234375,56.872032165527344,57.406829833984375,55.01274871826172,54.86923599243164,55.94368362426758,57.33434295654297,56.725677490234375,90,90.32257843017578,100,93.33333587646484,90.625,90.32257843017578,90,90,4.87443733215332,17179869184,22548578304,5871976448,21256667136
9,1729564340629,3228,3228,3228,3228,3228,3228,3228,3228,59.12313461303711,56.8266487121582,60.33274841308594,61.38451385498047,60.63568878173828,57.08787536621094,58.72160720825195,59.27585220336914,60.27743911743164,58.50830841064453,12.90322494506836,13.333333969116211,61.29032516479492,23.33333396911621,30.000001907348633,25,6.45161247253418,6.45161247253418,4.87443733215332,17179869184,22548578304,5896519680,21256667136
