Delta,Time,CPU_FREQUENCY_0,CPU_FREQUENCY_1,CPU_FREQUENCY_2,CPU_FREQUENCY_3,CPU_FREQUENCY_4,CPU_FREQUENCY_5,CPU_FREQUENCY_6,CPU_FREQUENCY_7,CPU_TEMP_0,CPU_TEMP_1,CPU_TEMP_2,CPU_TEMP_3,CPU_TEMP_4,CPU_TEMP_5,CPU_TEMP_6,CPU_TEMP_7,CPU_TEMP_8,CPU_TEMP_9,CPU_USAGE_0,CPU_USAGE_1,CPU_USAGE_2,CPU_USAGE_3,CPU_USAGE_4,CPU_USAGE_5,CPU_USAGE_6,CPU_USAGE_7,SYSTEM_POWER (Watts),TOTAL_MEMORY,TOTAL_SWAP,USED_MEMORY,USED_SWAP
0,1729568015749,3228,3228,3228,3228,3228,3228,3228,3228,63.72336959838867,60.278953552246094,66.7867431640625,68.0562973022461,65.35661315917969,61.64459228515625,65.37971496582031,64.82083129882813,63.047786712646484,62.58863067626953,NaN,0,100,0,0,50,0,0,15.245404243469238,17179869184,22548578304,4365336576,21248278528
308,1729568015749,3228,3228,3228,3228,3228,3228,3228,3228,63.72336959838867,60.278953552246094,66.7867431640625,68.0562973022461,65.35661315917969,61.64459228515625,65.37971496582031,64.82083129882813,63.047786712646484,62.58863067626953,0,0,50,100,0,0,0,0,15.245404243469238,17179869184,22548578304,4376297472,21248278528
309,1729568016058,3228,3228,3228,3228,3228,3228,3228,3228,63.72336959838867,60.278953552246094,66.7867431640625,68.0562973022461,65.35661315917969,61.64459228515625,65.37971496582031,64.82083129882813,63.047786712646484,62.58863067626953,86.66666412353516,77.41934967041016,96.7741928100586,96.7741928100586,93.54838562011719,96.66666412353516,93.54838562011719,96.66666412353516,15.245404243469238,17179869184,22548578304,4427382784,21248278528
307,1729568016368,3228,3228,3228,3228,3228,3228,3228,3228,63.72336959838867,60.278953552246094,66.7867431640625,68.0562973022461,65.35661315917969,61.64459228515625,65.37971496582031,64.82083129882813,63.047786712646484,62.58863067626953,26.666667938232422,20,100,96.55171966552734,96.66666412353516,96.7741928100586,83.87096405029297,54.83871078491211,24.53900146484375,17179869184,22548578304,4433510400,21248278528
6,1729568016676,3228,3228,3228,3228,3228,3228,3228,3228,64.9588394165039,61.6260986328125,68.82093811035156,70.75372314453125,67.52979278564453,62.642601013183594,66.9509048461914,67.04537963867188,65.21202087402344,63.439849853515625,30.000001907348633,22.580644607543945,90.32257843017578,87.09677124023438,77.41934967041016,64.51612854003906,33.333335876464844,12.90322494506836,24.53900146484375,17179869184,22548578304,4387913728,21248278528
