Delta,Time,CPU_FREQUENCY_0,CPU_FREQUENCY_1,CPU_FREQUENCY_2,CPU_FREQUENCY_3,CPU_FREQUENCY_4,CPU_FREQUENCY_5,CPU_FREQUENCY_6,CPU_FREQUENCY_7,CPU_TEMP_0,CPU_TEMP_1,CPU_TEMP_2,CPU_TEMP_3,CPU_TEMP_4,CPU_TEMP_5,CPU_TEMP_6,CPU_TEMP_7,CPU_TEMP_8,CPU_TEMP_9,CPU_USAGE_0,CPU_USAGE_1,CPU_USAGE_2,CPU_USAGE_3,CPU_USAGE_4,CPU_USAGE_5,CPU_USAGE_6,CPU_USAGE_7,SYSTEM_POWER (Watts),TOTAL_MEMORY,TOTAL_SWAP,USED_MEMORY,USED_SWAP
0,1729534345080,3228,3228,3228,3228,3228,3228,3228,3228,65.02139282226563,61.85519790649414,63.05280303955078,64.29855346679688,65.43235778808594,63.06266403198242,63.438934326171875,63.47646713256836,65.4034652709961,64.846435546875,0,50,0,0,0,0,0,0,26.230119705200195,17179869184,19327352832,6457819136,18666356736
309,1729534345080,3228,3228,3228,3228,3228,3228,3228,3228,65.02139282226563,61.85519790649414,63.05280303955078,64.29855346679688,65.43235778808594,63.06266403198242,63.438934326171875,63.47646713256836,65.4034652709961,64.846435546875,0,0,0,100,0,0,0,0,26.230119705200195,17179869184,19327352832,6459441152,18666356736
7,1729534345390,3228,3228,3228,3228,3228,3228,3228,3228,65.02139282226563,61.85519790649414,63.05280303955078,64.29855346679688,65.43235778808594,63.06266403198242,63.438934326171875,63.47646713256836,65.4034652709961,64.846435546875,19.35483741760254,16.666667938232422,59.375,38.70967483520508,33.333335876464844,26.666667938232422,0,0,10.67890453338623,17179869184,19327352832,6440763392,18666356736
