Delta,Time,CPU_FREQUENCY_0,CPU_FREQUENCY_1,CPU_FREQUENCY_2,CPU_FREQUENCY_3,CPU_FREQUENCY_4,CPU_FREQUENCY_5,CPU_FREQUENCY_6,CPU_FREQUENCY_7,CPU_TEMP_0,CPU_TEMP_1,CPU_TEMP_2,CPU_TEMP_3,CPU_TEMP_4,CPU_TEMP_5,CPU_TEMP_6,CPU_TEMP_7,CPU_TEMP_8,CPU_TEMP_9,CPU_USAGE_0,CPU_USAGE_1,CPU_USAGE_2,CPU_USAGE_3,CPU_USAGE_4,CPU_USAGE_5,CPU_USAGE_6,CPU_USAGE_7,SYSTEM_POWER (Watts),TOTAL_MEMORY,TOTAL_SWAP,USED_MEMORY,USED_SWAP
0,1729597862419,3228,3228,3228,3228,3228,3228,3228,3228,65.87041473388672,63.1011848449707,71.65504455566406,73.59117126464844,70.04623413085938,64.22320556640625,71.75090026855469,72.35381317138672,67.2791748046875,64.14125061035156,0,50,50,50,0,100,0,0,5.3949432373046875,17179869184,22548578304,4780736512,20968570880
309,1729597862420,3228,3228,3228,3228,3228,3228,3228,3228,65.87041473388672,63.1011848449707,71.65504455566406,73.59117126464844,70.04623413085938,64.22320556640625,71.75090026855469,72.35381317138672,67.2791748046875,64.14125061035156,0,0,NaN,100,100,50,100,50,5.3949432373046875,17179869184,22548578304,4785815552,20968570880
302,1729597862730,3228,3228,3228,3228,3228,3228,3228,3228,65.87041473388672,63.1011848449707,71.65504455566406,73.59117126464844,70.04623413085938,64.22320556640625,71.75090026855469,72.35381317138672,67.2791748046875,64.14125061035156,96.66666412353516,96.7741928100586,100,96.66666412353516,96.875,100,100,96.66666412353516,5.3949432373046875,17179869184,22548578304,4837572608,20968570880
308,1729597863033,3228,3228,3228,3228,3228,3228,3228,3228,65.87041473388672,63.1011848449707,71.65504455566406,73.59117126464844,70.04623413085938,64.22320556640625,71.75090026855469,72.35381317138672,67.2791748046875,64.14125061035156,33.333335876464844,27.586206436157227,77.41934967041016,81.25,63.33333206176758,48.3870964050293,30.000001907348633,36.66666793823242,26.55215835571289,17179869184,22548578304,4843438080,20968570880
6,1729597863342,3228,3228,3228,3228,3228,3228,3228,3228,65.35688018798828,61.9675178527832,69.73809814453125,70.5616455078125,68.33285522460938,63.3896484375,66.71603393554688,67.0172119140625,66.24143981933594,63.490936279296875,29.032257080078125,25.80644989013672,73.33333587646484,48.27585983276367,40,18.75,6.6666669845581055,3.22580623626709,26.55215835571289,17179869184,22548578304,4796891136,20968570880
