Delta,Time,CPU_FREQUENCY_0,CPU_FREQUENCY_1,CPU_FREQUENCY_2,CPU_FREQUENCY_3,CPU_FREQUENCY_4,CPU_FREQUENCY_5,CPU_FREQUENCY_6,CPU_FREQUENCY_7,CPU_TEMP_0,CPU_TEMP_1,CPU_TEMP_2,CPU_TEMP_3,CPU_TEMP_4,CPU_TEMP_5,CPU_TEMP_6,CPU_TEMP_7,CPU_TEMP_8,CPU_TEMP_9,CPU_USAGE_0,CPU_USAGE_1,CPU_USAGE_2,CPU_USAGE_3,CPU_USAGE_4,CPU_USAGE_5,CPU_USAGE_6,CPU_USAGE_7,SYSTEM_POWER (Watts),TOTAL_MEMORY,TOTAL_SWAP,USED_MEMORY,USED_SWAP
0,1729540612621,3228,3228,3228,3228,3228,3228,3228,3228,57.44894027709961,54.49101638793945,58.300682067871094,58.96322250366211,59.06830596923828,55.82183074951172,56.839637756347656,56.85744094848633,57.19770431518555,56.98358154296875,0,NaN,100,100,100,100,100,NaN,4.792489051818848,17179869184,21474836480,5878513664,20369506304
307,1729540612621,3228,3228,3228,3228,3228,3228,3228,3228,57.44894027709961,54.49101638793945,58.300682067871094,58.96322250366211,59.06830596923828,55.82183074951172,56.839637756347656,56.85744094848633,57.19770431518555,56.98358154296875,0,0,0,50,NaN,NaN,100,100,4.792489051818848,17179869184,21474836480,5882363904,20369506304
309,1729540612929,3228,3228,3228,3228,3228,3228,3228,3228,57.44894027709961,54.49101638793945,58.300682067871094,58.96322250366211,59.06830596923828,55.82183074951172,56.839637756347656,56.85744094848633,57.19770431518555,56.98358154296875,96.7741928100586,96.7741928100586,100,100,96.875,100,100,96.875,4.792489051818848,17179869184,21474836480,5916786688,20369506304
302,1729540613239,3228,3228,3228,3228,3228,3228,3228,3228,63.41237258911133,60.907588958740234,68.45751953125,70.20073699951172,66.7711410522461,61.2625617980957,68.23049926757813,68.1233139038086,65.24159240722656,62.60621643066406,43.33333206176758,38.70967483520508,100,96.66666412353516,96.66666412353516,96.7741928100586,96.66666412353516,96.66666412353516,4.792489051818848,17179869184,21474836480,5933596672,20369506304
8,1729540613541,3228,3228,3228,3228,3228,3228,3228,3228,63.41237258911133,60.907588958740234,68.45751953125,70.20073699951172,66.7711410522461,61.2625617980957,68.23049926757813,68.1233139038086,65.24159240722656,62.60621643066406,20,23.33333396911621,93.54838562011719,96.66666412353516,93.54838562011719,96.66666412353516,90.32257843017578,55.17241287231445,20.428007125854492,17179869184,21474836480,5891424256,20369506304
