Delta,Time,CPU_FREQUENCY_0,CPU_FREQUENCY_1,CPU_FREQUENCY_2,CPU_FREQUENCY_3,CPU_FREQUENCY_4,CPU_FREQUENCY_5,CPU_FREQUENCY_6,CPU_FREQUENCY_7,CPU_TEMP_0,CPU_TEMP_1,CPU_TEMP_2,CPU_TEMP_3,CPU_TEMP_4,CPU_TEMP_5,CPU_TEMP_6,CPU_TEMP_7,CPU_TEMP_8,CPU_TEMP_9,CPU_USAGE_0,CPU_USAGE_1,CPU_USAGE_2,CPU_USAGE_3,CPU_USAGE_4,CPU_USAGE_5,CPU_USAGE_6,CPU_USAGE_7,SYSTEM_POWER (Watts),TOTAL_MEMORY,TOTAL_SWAP,USED_MEMORY,USED_SWAP
0,1729598566388,3228,3228,3228,3228,3228,3228,3228,3228,64.26808166503906,62.21580505371094,67.12918853759766,68.50325012207031,66.84895324707031,63.05356216430664,66.32736206054688,66.94987487792969,65.38162231445313,64.11612701416016,100,100,NaN,100,50,100,100,100,4.83662223815918,17179869184,22548578304,3949527040,20968570880
308,1729598566388,3228,3228,3228,3228,3228,3228,3228,3228,64.26808166503906,62.21580505371094,67.12918853759766,68.50325012207031,66.84895324707031,63.05356216430664,66.32736206054688,66.94987487792969,65.38162231445313,64.11612701416016,NaN,0,100,100,100,100,NaN,0,4.83662223815918,17179869184,22548578304,3950821376,20968570880
309,1729598566697,3228,3228,3228,3228,3228,3228,3228,3228,64.26808166503906,62.21580505371094,67.12918853759766,68.50325012207031,66.84895324707031,63.05356216430664,66.32736206054688,66.94987487792969,65.38162231445313,64.11612701416016,78.125,76.66666412353516,96.7741928100586,96.66666412353516,96.66666412353516,96.66666412353516,93.75,96.7741928100586,4.83662223815918,17179869184,22548578304,6275186688,20968570880
309,1729598567006,3228,3228,3228,3228,3228,3228,3228,3228,64.26808166503906,62.21580505371094,67.12918853759766,68.50325012207031,66.84895324707031,63.05356216430664,66.32736206054688,66.94987487792969,65.38162231445313,64.11612701416016,89.6551742553711,87.09677124023438,100,96.7741928100586,96.66666412353516,96.66666412353516,93.54838562011719,93.33333587646484,5.578906059265137,17179869184,22548578304,6480183296,20968570880
7,1729598567316,3228,3228,3228,3228,3228,3228,3228,3228,64.26808166503906,62.21580505371094,67.12918853759766,68.50325012207031,66.84895324707031,63.05356216430664,66.32736206054688,66.94987487792969,65.38162231445313,64.11612701416016,25,22.580644607543945,87.09677124023438,75,75,59.375,48.3870964050293,38.70967483520508,5.578906059265137,17179869184,22548578304,3974021120,20968570880
