Delta,Time,CPU_FREQUENCY_0,CPU_FREQUENCY_1,CPU_FREQUENCY_2,CPU_FREQUENCY_3,CPU_FREQUENCY_4,CPU_FREQUENCY_5,CPU_FREQUENCY_6,CPU_FREQUENCY_7,CPU_TEMP_0,CPU_TEMP_1,CPU_TEMP_2,CPU_TEMP_3,CPU_TEMP_4,CPU_TEMP_5,CPU_TEMP_6,CPU_TEMP_7,CPU_TEMP_8,CPU_TEMP_9,CPU_USAGE_0,CPU_USAGE_1,CPU_USAGE_2,CPU_USAGE_3,CPU_USAGE_4,CPU_USAGE_5,CPU_USAGE_6,CPU_USAGE_7,SYSTEM_POWER (Watts),TOTAL_MEMORY,TOTAL_SWAP,USED_MEMORY,USED_SWAP
0,1729601387621,3228,3228,3228,3228,3228,3228,3228,3228,63.75974655151367,62.39110565185547,63.63226318359375,64.31135559082031,64.63763427734375,62.87810134887695,62.53352355957031,64.06968688964844,65.7376708984375,64.21271514892578,0,0,0,0,0,0,0,0,20.836278915405273,17179869184,22548578304,5839372288,20918173696
302,1729601387621,3228,3228,3228,3228,3228,3228,3228,3228,63.75974655151367,62.39110565185547,63.63226318359375,64.31135559082031,64.63763427734375,62.87810134887695,62.53352355957031,64.06968688964844,65.7376708984375,64.21271514892578,0,0,0,0,0,0,0,0,20.836278915405273,17179869184,22548578304,5840551936,20918173696
9,1729601387924,3228,3228,3228,3228,3228,3228,3228,3228,63.75974655151367,62.39110565185547,63.63226318359375,64.31135559082031,64.63763427734375,62.87810134887695,62.53352355957031,64.06968688964844,65.7376708984375,64.21271514892578,23.33333396911621,16.666667938232422,41.935482025146484,46.66666793823242,29.032257080078125,16.666667938232422,6.6666669845581055,6.45161247253418,11.237565040588379,17179869184,22548578304,5899010048,20918173696
