Delta,Time,CPU_FREQUENCY_0,CPU_FREQUENCY_1,CPU_FREQUENCY_2,CPU_FREQUENCY_3,CPU_FREQUENCY_4,CPU_FREQUENCY_5,CPU_FREQUENCY_6,CPU_FREQUENCY_7,CPU_TEMP_0,CPU_TEMP_1,CPU_TEMP_2,CPU_TEMP_3,CPU_TEMP_4,CPU_TEMP_5,CPU_TEMP_6,CPU_TEMP_7,CPU_TEMP_8,CPU_TEMP_9,CPU_USAGE_0,CPU_USAGE_1,CPU_USAGE_2,CPU_USAGE_3,CPU_USAGE_4,CPU_USAGE_5,CPU_USAGE_6,CPU_USAGE_7,SYSTEM_POWER (Watts),TOTAL_MEMORY,TOTAL_SWAP,USED_MEMORY,USED_SWAP
0,1729595231358,3228,3228,3228,3228,3228,3228,3228,3228,64.98663330078125,61.68716812133789,66.20880126953125,67.90914154052734,66.63699340820313,62.859397888183594,65.11125183105469,66.22411346435547,64.891845703125,63.83940124511719,50,0,100,0,100,100,50,0,8.193418502807617,17179869184,22548578304,4546969600,20968570880
300,1729595231358,3228,3228,3228,3228,3228,3228,3228,3228,64.98663330078125,61.68716812133789,66.20880126953125,67.90914154052734,66.63699340820313,62.859397888183594,65.11125183105469,66.22411346435547,64.891845703125,63.83940124511719,0,0,0,100,100,100,100,100,8.193418502807617,17179869184,22548578304,4550246400,20968570880
309,1729595231658,3228,3228,3228,3228,3228,3228,3228,3228,64.98663330078125,61.68716812133789,66.20880126953125,67.90914154052734,66.63699340820313,62.859397888183594,65.11125183105469,66.22411346435547,64.891845703125,63.83940124511719,83.33332824707031,82.75862121582031,100,96.66666412353516,96.66666412353516,93.10344696044922,90,86.20689392089844,8.193418502807617,17179869184,22548578304,5677105152,20968570880
7,1729595231968,3228,3228,3228,3228,3228,3228,3228,3228,64.98663330078125,61.68716812133789,66.20880126953125,67.90914154052734,66.63699340820313,62.859397888183594,65.11125183105469,66.22411346435547,64.891845703125,63.83940124511719,53.333335876464844,54.83871078491211,93.54838562011719,96.66666412353516,93.54838562011719,90.32257843017578,86.66666412353516,80.6451644897461,5.9479522705078125,17179869184,22548578304,4693458944,20968570880
