Delta,Time,CPU_FREQUENCY_0,CPU_FREQUENCY_1,CPU_FREQUENCY_2,CPU_FREQUENCY_3,CPU_FREQUENCY_4,CPU_FREQUENCY_5,CPU_FREQUENCY_6,CPU_FREQUENCY_7,CPU_TEMP_0,CPU_TEMP_1,CPU_TEMP_2,CPU_TEMP_3,CPU_TEMP_4,CPU_TEMP_5,CPU_TEMP_6,CPU_TEMP_7,CPU_TEMP_8,CPU_TEMP_9,CPU_USAGE_0,CPU_USAGE_1,CPU_USAGE_2,CPU_USAGE_3,CPU_USAGE_4,CPU_USAGE_5,CPU_USAGE_6,CPU_USAGE_7,SYSTEM_POWER (Watts),TOTAL_MEMORY,TOTAL_SWAP,USED_MEMORY,USED_SWAP
0,1729582914650,3228,3228,3228,3228,3228,3228,3228,3228,61.38180923461914,56.95618438720703,62.5478515625,64.2196044921875,63.518898010253906,59.36067199707031,58.563045501708984,59.68918991088867,59.65439987182617,59.640602111816406,50,0,0,50,0,0,0,0,22.136220932006836,17179869184,22548578304,4230037504,21153120256
304,1729582914650,3228,3228,3228,3228,3228,3228,3228,3228,61.38180923461914,56.95618438720703,62.5478515625,64.2196044921875,63.518898010253906,59.36067199707031,58.563045501708984,59.68918991088867,59.65439987182617,59.640602111816406,0,0,100,0,0,0,0,0,22.136220932006836,17179869184,22548578304,4230037504,21153120256
7,1729582914955,3228,3228,3228,3228,3228,3228,3228,3228,61.38180923461914,56.95618438720703,62.5478515625,64.2196044921875,63.518898010253906,59.36067199707031,58.563045501708984,59.68918991088867,59.65439987182617,59.640602111816406,13.333333969116211,16.129032135009766,38.70967483520508,23.33333396911621,19.35483741760254,3.3333334922790527,6.6666669845581055,0,22.136220932006836,17179869184,22548578304,4230037504,21153120256
