Delta,Time,CPU_FREQUENCY_0,CPU_FREQUENCY_1,CPU_FREQUENCY_2,CPU_FREQUENCY_3,CPU_FREQUENCY_4,CPU_FREQUENCY_5,CPU_FREQUENCY_6,CPU_FREQUENCY_7,CPU_TEMP_0,CPU_TEMP_1,CPU_TEMP_2,CPU_TEMP_3,CPU_TEMP_4,CPU_TEMP_5,CPU_TEMP_6,CPU_TEMP_7,CPU_TEMP_8,CPU_TEMP_9,CPU_USAGE_0,CPU_USAGE_1,CPU_USAGE_2,CPU_USAGE_3,CPU_USAGE_4,CPU_USAGE_5,CPU_USAGE_6,CPU_USAGE_7,SYSTEM_POWER (Watts),TOTAL_MEMORY,TOTAL_SWAP,USED_MEMORY,USED_SWAP
0,1729583240441,3228,3228,3228,3228,3228,3228,3228,3228,62.485084533691406,59.5308723449707,62.03894805908203,63.539825439453125,64.02565002441406,60.63498306274414,61.6469612121582,62.39498519897461,62.83469772338867,61.96440124511719,100,NaN,100,100,NaN,100,NaN,100,4.638555526733398,17179869184,22548578304,4431478784,21136343040
309,1729583240441,3228,3228,3228,3228,3228,3228,3228,3228,62.485084533691406,59.5308723449707,62.03894805908203,63.539825439453125,64.02565002441406,60.63498306274414,61.6469612121582,62.39498519897461,62.83469772338867,61.96440124511719,50,0,NaN,50,50,100,100,100,4.638555526733398,17179869184,22548578304,4435476480,21136343040
305,1729583240752,3228,3228,3228,3228,3228,3228,3228,3228,62.485084533691406,59.5308723449707,62.03894805908203,63.539825439453125,64.02565002441406,60.63498306274414,61.6469612121582,62.39498519897461,62.83469772338867,61.96440124511719,73.33333587646484,71.875,100,100,96.7741928100586,100,93.54838562011719,100,4.616361618041992,17179869184,22548578304,6343065600,21136343040
9,1729583241058,3228,3228,3228,3228,3228,3228,3228,3228,69.63072967529297,68.2843017578125,74.40332794189453,77.12431335449219,73.61127471923828,67.89629364013672,75.34768676757813,76.16131591796875,74.42359924316406,69.99667358398438,41.935482025146484,40,93.54838562011719,96.7741928100586,93.54838562011719,93.54838562011719,93.54838562011719,83.87096405029297,4.616361618041992,17179869184,22548578304,4486004736,21136343040
