Delta,Time,CPU_FREQUENCY_0,CPU_FREQUENCY_1,CPU_FREQUENCY_2,CPU_FREQUENCY_3,CPU_FREQUENCY_4,CPU_FREQUENCY_5,CPU_FREQUENCY_6,CPU_FREQUENCY_7,CPU_TEMP_0,CPU_TEMP_1,CPU_TEMP_2,CPU_TEMP_3,CPU_TEMP_4,CPU_TEMP_5,CPU_TEMP_6,CPU_TEMP_7,CPU_TEMP_8,CPU_TEMP_9,CPU_USAGE_0,CPU_USAGE_1,CPU_USAGE_2,CPU_USAGE_3,CPU_USAGE_4,CPU_USAGE_5,CPU_USAGE_6,CPU_USAGE_7,SYSTEM_POWER (Watts),TOTAL_MEMORY,TOTAL_SWAP,USED_MEMORY,USED_SWAP
0,1729588749636,3228,3228,3228,3228,3228,3228,3228,3228,61.85591125488281,59.80400466918945,60.66584014892578,62.004451751708984,62.075111389160156,60.67466735839844,60.161712646484375,61.152069091796875,62.128353118896484,61.46449279785156,33.333335876464844,0,50,0,0,0,0,0,4.880431175231934,17179869184,22548578304,5958025216,21077622784
309,1729588749636,3228,3228,3228,3228,3228,3228,3228,3228,61.85591125488281,59.80400466918945,60.66584014892578,62.004451751708984,62.075111389160156,60.67466735839844,60.161712646484375,61.152069091796875,62.128353118896484,61.46449279785156,0,0,50,0,0,0,0,0,4.880431175231934,17179869184,22548578304,5958926336,21077622784
8,1729588749946,3228,3228,3228,3228,3228,3228,3228,3228,61.85591125488281,59.80400466918945,60.66584014892578,62.004451751708984,62.075111389160156,60.67466735839844,60.161712646484375,61.152069091796875,62.128353118896484,61.46449279785156,23.33333396911621,19.35483741760254,46.66666793823242,26.666667938232422,22.580644607543945,6.6666669845581055,6.45161247253418,3.22580623626709,4.880431175231934,17179869184,22548578304,5958926336,21077622784
