Delta,Time,CPU_FREQUENCY_0,CPU_FREQUENCY_1,CPU_FREQUENCY_2,CPU_FREQUENCY_3,CPU_FREQUENCY_4,CPU_FREQUENCY_5,CPU_FREQUENCY_6,CPU_FREQUENCY_7,CPU_TEMP_0,CPU_TEMP_1,CPU_TEMP_2,CPU_TEMP_3,CPU_TEMP_4,CPU_TEMP_5,CPU_TEMP_6,CPU_TEMP_7,CPU_TEMP_8,CPU_TEMP_9,CPU_USAGE_0,CPU_USAGE_1,CPU_USAGE_2,CPU_USAGE_3,CPU_USAGE_4,CPU_USAGE_5,CPU_USAGE_6,CPU_USAGE_7,SYSTEM_POWER (Watts),TOTAL_MEMORY,TOTAL_SWAP,USED_MEMORY,USED_SWAP
0,1729541188175,3228,3228,3228,3228,3228,3228,3228,3228,68.50315856933594,64.27154541015625,72.89029693603516,74.09395599365234,70.62773895263672,66.05262756347656,70.52056884765625,68.88514709472656,66.42716217041016,65.57828521728516,0,0,100,0,0,0,0,0,13.219853401184082,17179869184,21474836480,5821562880,20369506304
309,1729541188175,3228,3228,3228,3228,3228,3228,3228,3228,68.50315856933594,64.27154541015625,72.89029693603516,74.09395599365234,70.62773895263672,66.05262756347656,70.52056884765625,68.88514709472656,66.42716217041016,65.57828521728516,0,0,100,NaN,100,NaN,0,0,13.219853401184082,17179869184,21474836480,5823512576,20369506304
300,1729541188485,3228,3228,3228,3228,3228,3228,3228,3228,68.50315856933594,64.27154541015625,72.89029693603516,74.09395599365234,70.62773895263672,66.05262756347656,70.52056884765625,68.88514709472656,66.42716217041016,65.57828521728516,86.66666412353516,87.09677124023438,100,96.7741928100586,96.7741928100586,93.93939208984375,90.625,93.54838562011719,13.219853401184082,17179869184,21474836480,5862260736,20369506304
9,1729541188786,3228,3228,3228,3228,3228,3228,3228,3228,68.50315856933594,64.27154541015625,72.89029693603516,74.09395599365234,70.62773895263672,66.05262756347656,70.52056884765625,68.88514709472656,66.42716217041016,65.57828521728516,9.67741870880127,6.6666669845581055,40,26.666667938232422,26.666667938232422,21.428571701049805,10.344827651977539,3.3333334922790527,26.149612426757813,17179869184,21474836480,5800198144,20369506304
