Delta,Time,CPU_FREQUENCY_0,CPU_FREQUENCY_1,CPU_FREQUENCY_2,CPU_FREQUENCY_3,CPU_FREQUENCY_4,CPU_FREQUENCY_5,CPU_FREQUENCY_6,CPU_FREQUENCY_7,CPU_TEMP_0,CPU_TEMP_1,CPU_TEMP_2,CPU_TEMP_3,CPU_TEMP_4,CPU_TEMP_5,CPU_TEMP_6,CPU_TEMP_7,CPU_TEMP_8,CPU_TEMP_9,CPU_USAGE_0,CPU_USAGE_1,CPU_USAGE_2,CPU_USAGE_3,CPU_USAGE_4,CPU_USAGE_5,CPU_USAGE_6,CPU_USAGE_7,SYSTEM_POWER (Watts),TOTAL_MEMORY,TOTAL_SWAP,USED_MEMORY,USED_SWAP
0,1729579372502,3228,3228,3228,3228,3228,3228,3228,3228,66.25161743164063,62.97285842895508,70.16389465332031,71.1947021484375,68.38448333740234,63.46561050415039,68.96259307861328,68.73745727539063,66.13700103759766,64.55061340332031,0,50,0,50,0,0,0,0,28.461172103881836,17179869184,22548578304,4817387520,21248278528
306,1729579372502,3228,3228,3228,3228,3228,3228,3228,3228,66.25161743164063,62.97285842895508,70.16389465332031,71.1947021484375,68.38448333740234,63.46561050415039,68.96259307861328,68.73745727539063,66.13700103759766,64.55061340332031,0,0,100,0,0,50,0,0,28.461172103881836,17179869184,22548578304,4817387520,21248278528
8,1729579372809,3228,3228,3228,3228,3228,3228,3228,3228,66.25161743164063,62.97285842895508,70.16389465332031,71.1947021484375,68.38448333740234,63.46561050415039,68.96259307861328,68.73745727539063,66.13700103759766,64.55061340332031,23.33333396911621,20,35.48387145996094,23.33333396911621,29.032257080078125,3.3333334922790527,3.3333334922790527,0,28.461172103881836,17179869184,22548578304,4817387520,21248278528
