Delta,Time,CPU_FREQUENCY_0,CPU_FREQUENCY_1,CPU_FREQUENCY_2,CPU_FREQUENCY_3,CPU_FREQUENCY_4,CPU_FREQUENCY_5,CPU_FREQUENCY_6,CPU_FREQUENCY_7,CPU_TEMP_0,CPU_TEMP_1,CPU_TEMP_2,CPU_TEMP_3,CPU_TEMP_4,CPU_TEMP_5,CPU_TEMP_6,CPU_TEMP_7,CPU_TEMP_8,CPU_TEMP_9,CPU_USAGE_0,CPU_USAGE_1,CPU_USAGE_2,CPU_USAGE_3,CPU_USAGE_4,CPU_USAGE_5,CPU_USAGE_6,CPU_USAGE_7,SYSTEM_POWER (Watts),TOTAL_MEMORY,TOTAL_SWAP,USED_MEMORY,USED_SWAP
0,1729536366866,3228,3228,3228,3228,3228,3228,3228,3228,72.41746520996094,69.46234130859375,76.64286041259766,78.87936401367188,75.9222640991211,70.3063735961914,76.29618835449219,75.5911865234375,72.76939392089844,71.26362609863281,0,0,50,50,0,0,100,0,19.805578231811523,17179869184,20401094656,5452595200,19923599360
309,1729536366866,3228,3228,3228,3228,3228,3228,3228,3228,72.41746520996094,69.46234130859375,76.64286041259766,78.87936401367188,75.9222640991211,70.3063735961914,76.29618835449219,75.5911865234375,72.76939392089844,71.26362609863281,0,0,NaN,NaN,0,0,100,0,19.805578231811523,17179869184,20401094656,5452595200,19923599360
306,1729536367176,3228,3228,3228,3228,3228,3228,3228,3228,70.4403305053711,67.4163818359375,73.45601654052734,74.15460968017578,71.45246887207031,67.60265350341797,70.93168640136719,70.41450500488281,70.25811004638672,69.39685821533203,93.54838562011719,90.32257843017578,93.54838562011719,96.7741928100586,93.33333587646484,96.7741928100586,90.32257843017578,87.09677124023438,19.805578231811523,17179869184,20401094656,5452595200,19923599360
306,1729536367482,3228,3228,3228,3228,3228,3228,3228,3228,70.4403305053711,67.4163818359375,73.45601654052734,74.15460968017578,71.45246887207031,67.60265350341797,70.93168640136719,70.41450500488281,70.25811004638672,69.39685821533203,3.3333334922790527,6.6666669845581055,50,30.000001907348633,22.580644607543945,32.25806427001953,23.33333396911621,6.45161247253418,21.98160171508789,17179869184,20401094656,5536989184,19923599360
11,1729536367789,3228,3228,3228,3228,3228,3228,3228,3228,70.4403305053711,67.4163818359375,73.45601654052734,74.15460968017578,71.45246887207031,67.60265350341797,70.93168640136719,70.41450500488281,70.25811004638672,69.39685821533203,15.625,10,12.90322494506836,0,3.22580623626709,3.22580623626709,0,0,21.98160171508789,17179869184,20401094656,5476974592,19923599360
