Delta,Time,CPU_FREQUENCY_0,CPU_FREQUENCY_1,CPU_FREQUENCY_2,CPU_FREQUENCY_3,CPU_FREQUENCY_4,CPU_FREQUENCY_5,CPU_FREQUENCY_6,CPU_FREQUENCY_7,CPU_TEMP_0,CPU_TEMP_1,CPU_TEMP_2,CPU_TEMP_3,CPU_TEMP_4,CPU_TEMP_5,CPU_TEMP_6,CPU_TEMP_7,CPU_TEMP_8,CPU_TEMP_9,CPU_USAGE_0,CPU_USAGE_1,CPU_USAGE_2,CPU_USAGE_3,CPU_USAGE_4,CPU_USAGE_5,CPU_USAGE_6,CPU_USAGE_7,SYSTEM_POWER (Watts),TOTAL_MEMORY,TOTAL_SWAP,USED_MEMORY,USED_SWAP
0,1729546017095,3228,3228,3228,3228,3228,3228,3228,3228,59.728431701660156,57.314788818359375,59.235931396484375,60.30628204345703,60.53028106689453,57.953765869140625,58.710201263427734,58.604312896728516,60.34501647949219,59.693687438964844,50,0,0,0,0,0,0,0,13.340672492980957,17179869184,21474836480,6420119552,20252065792
309,1729546017095,3228,3228,3228,3228,3228,3228,3228,3228,59.728431701660156,57.314788818359375,59.235931396484375,60.30628204345703,60.53028106689453,57.953765869140625,58.710201263427734,58.604312896728516,60.34501647949219,59.693687438964844,0,0,100,66.66667175292969,0,0,0,0,13.340672492980957,17179869184,21474836480,6421889024,20252065792
306,1729546017405,3228,3228,3228,3228,3228,3228,3228,3228,58.211326599121094,55.94682693481445,57.079124450683594,58.47821807861328,58.90583038330078,56.68076705932617,57.35895538330078,57.262969970703125,59.376522064208984,58.602394104003906,38.70967483520508,26.666667938232422,77.41934967041016,68.96551513671875,62.5,70,61.29032516479492,59.375,13.340672492980957,17179869184,21474836480,7791902720,20252065792
306,1729546017711,3228,3228,3228,3228,3228,3228,3228,3228,58.211326599121094,55.94682693481445,57.079124450683594,58.47821807861328,58.90583038330078,56.68076705932617,57.35895538330078,57.262969970703125,59.376522064208984,58.602394104003906,48.27585983276367,45.16128921508789,67.74193572998047,64.51612854003906,60.000003814697266,53.333335876464844,46.66666793823242,43.33333206176758,5.4971489906311035,17179869184,21474836480,7988641792,20252065792
10,1729546018019,3228,3228,3228,3228,3228,3228,3228,3228,58.211326599121094,55.94682693481445,57.079124450683594,58.47821807861328,58.90583038330078,56.68076705932617,57.35895538330078,57.262969970703125,59.376522064208984,58.602394104003906,34.375,33.333335876464844,13.333333969116211,3.22580623626709,0,3.22580623626709,0,3.3333334922790527,5.4971489906311035,17179869184,21474836480,6562070528,20252065792
