Delta,Time,CPU_FREQUENCY_0,CPU_FREQUENCY_1,CPU_FREQUENCY_2,CPU_FREQUENCY_3,CPU_FREQUENCY_4,CPU_FREQUENCY_5,CPU_FREQUENCY_6,CPU_FREQUENCY_7,CPU_TEMP_0,CPU_TEMP_1,CPU_TEMP_2,CPU_TEMP_3,CPU_TEMP_4,CPU_TEMP_5,CPU_TEMP_6,CPU_TEMP_7,CPU_TEMP_8,CPU_TEMP_9,CPU_USAGE_0,CPU_USAGE_1,CPU_USAGE_2,CPU_USAGE_3,CPU_USAGE_4,CPU_USAGE_5,CPU_USAGE_6,CPU_USAGE_7,SYSTEM_POWER (Watts),TOTAL_MEMORY,TOTAL_SWAP,USED_MEMORY,USED_SWAP
0,1729566123863,3228,3228,3228,3228,3228,3228,3228,3228,66.34935760498047,63.58976364135742,68.55343627929688,68.88443756103516,66.66339111328125,64.09760284423828,66.55683898925781,66.05647277832031,65.6312484741211,65.24052429199219,100,50,0,0,0,0,0,0,28.70041275024414,17179869184,22548578304,4843241472,21248278528
303,1729566123863,3228,3228,3228,3228,3228,3228,3228,3228,66.34935760498047,63.58976364135742,68.55343627929688,68.88443756103516,66.66339111328125,64.09760284423828,66.55683898925781,66.05647277832031,65.6312484741211,65.24052429199219,0,0,100,0,0,0,0,0,28.70041275024414,17179869184,22548578304,4843241472,21248278528
309,1729566124167,3228,3228,3228,3228,3228,3228,3228,3228,66.34935760498047,63.58976364135742,68.55343627929688,68.88443756103516,66.66339111328125,64.09760284423828,66.55683898925781,66.05647277832031,65.6312484741211,65.24052429199219,90,90,96.55171966552734,90.32257843017578,90.32257843017578,90,93.54838562011719,90,17.90608787536621,17179869184,22548578304,4843241472,21248278528
10,1729566124477,3228,3228,3228,3228,3228,3228,3228,3228,66.34935760498047,63.58976364135742,68.55343627929688,68.88443756103516,66.66339111328125,64.09760284423828,66.55683898925781,66.05647277832031,65.6312484741211,65.24052429199219,9.67741870880127,12.90322494506836,45.16128921508789,32.25806427001953,30.000001907348633,16.129032135009766,10,3.22580623626709,17.90608787536621,17179869184,22548578304,4856610816,21248278528
