Delta,Time,CPU_FREQUENCY_0,CPU_FREQUENCY_1,CPU_FREQUENCY_2,CPU_FREQUENCY_3,CPU_FREQUENCY_4,CPU_FREQUENCY_5,CPU_FREQUENCY_6,CPU_FREQUENCY_7,CPU_TEMP_0,CPU_TEMP_1,CPU_TEMP_2,CPU_TEMP_3,CPU_TEMP_4,CPU_TEMP_5,CPU_TEMP_6,CPU_TEMP_7,CPU_TEMP_8,CPU_TEMP_9,CPU_USAGE_0,CPU_USAGE_1,CPU_USAGE_2,CPU_USAGE_3,CPU_USAGE_4,CPU_USAGE_5,CPU_USAGE_6,CPU_USAGE_7,SYSTEM_POWER (Watts),TOTAL_MEMORY,TOTAL_SWAP,USED_MEMORY,USED_SWAP
0,1729536169566,3228,3228,3228,3228,3228,3228,3228,3228,66.77342224121094,63.04486846923828,66.80646514892578,67.55160522460938,67.61918640136719,64.67560577392578,64.92295837402344,64.99047088623047,65.31993103027344,65.50840759277344,0,50,0,0,0,0,0,0,15.800965309143066,17179869184,20401094656,5777145856,19923599360
309,1729536169566,3228,3228,3228,3228,3228,3228,3228,3228,66.77342224121094,63.04486846923828,66.80646514892578,67.55160522460938,67.61918640136719,64.67560577392578,64.92295837402344,64.99047088623047,65.31993103027344,65.50840759277344,50,0,0,100,0,0,0,0,15.800965309143066,17179869184,20401094656,5777145856,19923599360
309,1729536169876,3228,3228,3228,3228,3228,3228,3228,3228,66.77342224121094,63.04486846923828,66.80646514892578,67.55160522460938,67.61918640136719,64.67560577392578,64.92295837402344,64.99047088623047,65.31993103027344,65.50840759277344,93.54838562011719,90,96.7741928100586,96.875,93.33333587646484,93.33333587646484,93.33333587646484,93.54838562011719,15.800965309143066,17179869184,20401094656,5777145856,19923599360
9,1729536170186,3228,3228,3228,3228,3228,3228,3228,3228,69.19467163085938,65.45909118652344,71.85211181640625,72.63493347167969,71.23678588867188,66.81752014160156,69.60934448242188,69.025634765625,68.81134033203125,67.82897186279297,26.666667938232422,26.666667938232422,96.66666412353516,96.55171966552734,93.33333587646484,96.875,70.96774291992188,38.70967483520508,15.800965309143066,17179869184,20401094656,5759205376,19923599360
