Delta,Time,CPU_FREQUENCY_0,CPU_FREQUENCY_1,CPU_FREQUENCY_2,CPU_FREQUENCY_3,CPU_FREQUENCY_4,CPU_FREQUENCY_5,CPU_FREQUENCY_6,CPU_FREQUENCY_7,CPU_TEMP_0,CPU_TEMP_1,CPU_TEMP_2,CPU_TEMP_3,CPU_TEMP_4,CPU_TEMP_5,CPU_TEMP_6,CPU_TEMP_7,CPU_TEMP_8,CPU_TEMP_9,CPU_USAGE_0,CPU_USAGE_1,CPU_USAGE_2,CPU_USAGE_3,CPU_USAGE_4,CPU_USAGE_5,CPU_USAGE_6,CPU_USAGE_7,SYSTEM_POWER (Watts),TOTAL_MEMORY,TOTAL_SWAP,USED_MEMORY,USED_SWAP
0,1729546260660,3228,3228,3228,3228,3228,3228,3228,3228,65.5898666381836,63.2077522277832,63.79783630371094,65.23672485351563,65.59710693359375,63.82771301269531,63.52185821533203,63.935977935791016,65.9522705078125,65.04132080078125,100,100,0,50,0,0,0,0,11.978798866271973,17179869184,21474836480,5863227392,20243677184
309,1729546260661,3228,3228,3228,3228,3228,3228,3228,3228,65.5898666381836,63.2077522277832,63.79783630371094,65.23672485351563,65.59710693359375,63.82771301269531,63.52185821533203,63.935977935791016,65.9522705078125,65.04132080078125,100,NaN,100,NaN,66.66667175292969,100,100,0,11.978798866271973,17179869184,21474836480,5863227392,20243677184
305,1729546260971,3228,3228,3228,3228,3228,3228,3228,3228,65.5898666381836,63.2077522277832,63.79783630371094,65.23672485351563,65.59710693359375,63.82771301269531,63.52185821533203,63.935977935791016,65.9522705078125,65.04132080078125,90,90.32257843017578,96.7741928100586,96.7741928100586,96.66666412353516,93.33333587646484,90.625,93.54838562011719,11.978798866271973,17179869184,21474836480,5863227392,20243677184
309,1729546261277,3228,3228,3228,3228,3228,3228,3228,3228,67.91935729980469,65.45116424560547,69.1438980102539,70.93943786621094,69.66928100585938,66.25172424316406,68.27220153808594,68.16667938232422,68.66690826416016,66.79583740234375,26.666667938232422,20,56.66666793823242,45.16128921508789,35.48387145996094,51.61289978027344,10.344827651977539,6.6666669845581055,11.978798866271973,17179869184,21474836480,5994479616,20243677184
10,1729546261587,3228,3228,3228,3228,3228,3228,3228,3228,67.91935729980469,65.45116424560547,69.1438980102539,70.93943786621094,69.66928100585938,66.25172424316406,68.27220153808594,68.16667938232422,68.66690826416016,66.79583740234375,50,46.875,33.333335876464844,12.90322494506836,3.3333334922790527,9.67741870880127,3.22580623626709,0,11.978798866271973,17179869184,21474836480,5954273280,20243677184
