Delta,Time,CPU_FREQUENCY_0,CPU_FREQUENCY_1,CPU_FREQUENCY_2,CPU_FREQUENCY_3,CPU_FREQUENCY_4,CPU_FREQUENCY_5,CPU_FREQUENCY_6,CPU_FREQUENCY_7,CPU_TEMP_0,CPU_TEMP_1,CPU_TEMP_2,CPU_TEMP_3,CPU_TEMP_4,CPU_TEMP_5,CPU_TEMP_6,CPU_TEMP_7,CPU_TEMP_8,CPU_TEMP_9,CPU_USAGE_0,CPU_USAGE_1,CPU_USAGE_2,CPU_USAGE_3,CPU_USAGE_4,CPU_USAGE_5,CPU_USAGE_6,CPU_USAGE_7,SYSTEM_POWER (Watts),TOTAL_MEMORY,TOTAL_SWAP,USED_MEMORY,USED_SWAP
0,1729572504882,3228,3228,3228,3228,3228,3228,3228,3228,62.40217971801758,59.35877990722656,61.19641876220703,61.90837478637695,61.80863952636719,60.567657470703125,59.92265701293945,60.94340515136719,61.76154708862305,61.916236877441406,50,NaN,0,0,0,0,0,0,4.826624393463135,17179869184,22548578304,4225089536,21248278528
309,1729572504882,3228,3228,3228,3228,3228,3228,3228,3228,62.40217971801758,59.35877990722656,61.19641876220703,61.90837478637695,61.80863952636719,60.567657470703125,59.92265701293945,60.94340515136719,61.76154708862305,61.916236877441406,50,0,50,NaN,0,0,0,0,4.826624393463135,17179869184,22548578304,4225089536,21248278528
309,1729572505191,3228,3228,3228,3228,3228,3228,3228,3228,62.40217971801758,59.35877990722656,61.19641876220703,61.90837478637695,61.80863952636719,60.567657470703125,59.92265701293945,60.94340515136719,61.76154708862305,61.916236877441406,90,86.66666412353516,96.7741928100586,93.75,90.32257843017578,90,93.10344696044922,87.09677124023438,4.826624393463135,17179869184,22548578304,4225089536,21248278528
7,1729572505501,3228,3228,3228,3228,3228,3228,3228,3228,62.40217971801758,59.35877990722656,61.19641876220703,61.90837478637695,61.80863952636719,60.567657470703125,59.92265701293945,60.94340515136719,61.76154708862305,61.916236877441406,12.90322494506836,12.5,41.935482025146484,50,25,21.875,9.090909004211426,3.22580623626709,4.8996806144714355,17179869184,22548578304,4231397376,21248278528
