Delta,Time,CPU_FREQUENCY_0,CPU_FREQUENCY_1,CPU_FREQUENCY_2,CPU_FREQUENCY_3,CPU_FREQUENCY_4,CPU_FREQUENCY_5,CPU_FREQUENCY_6,CPU_FREQUENCY_7,CPU_TEMP_0,CPU_TEMP_1,CPU_TEMP_2,CPU_TEMP_3,CPU_TEMP_4,CPU_TEMP_5,CPU_TEMP_6,CPU_TEMP_7,CPU_TEMP_8,CPU_TEMP_9,CPU_USAGE_0,CPU_USAGE_1,CPU_USAGE_2,CPU_USAGE_3,CPU_USAGE_4,CPU_USAGE_5,CPU_USAGE_6,CPU_USAGE_7,SYSTEM_POWER (Watts),TOTAL_MEMORY,TOTAL_SWAP,USED_MEMORY,USED_SWAP
0,1729593500723,3228,3228,3228,3228,3228,3228,3228,3228,74.9493179321289,71.31781768798828,79.7157211303711,80.80216979980469,77.30712890625,72.36629486083984,77.19976806640625,77.71038818359375,72.86907958984375,72.49443054199219,50,NaN,NaN,50,0,0,0,0,29.142690658569336,17179869184,22548578304,5581389824,21060845568
307,1729593500724,3228,3228,3228,3228,3228,3228,3228,3228,74.9493179321289,71.31781768798828,79.7157211303711,80.80216979980469,77.30712890625,72.36629486083984,77.19976806640625,77.71038818359375,72.86907958984375,72.49443054199219,NaN,0,100,0,100,0,0,0,29.142690658569336,17179869184,22548578304,5583568896,21060845568
309,1729593501032,3228,3228,3228,3228,3228,3228,3228,3228,74.9493179321289,71.31781768798828,79.7157211303711,80.80216979980469,77.30712890625,72.36629486083984,77.19976806640625,77.71038818359375,72.86907958984375,72.49443054199219,63.33333206176758,56.66666793823242,70.96774291992188,86.66666412353516,80.6451644897461,64.51612854003906,60.000003814697266,56.66666793823242,29.142690658569336,17179869184,22548578304,6624149504,21060845568
8,1729593501342,3228,3228,3228,3228,3228,3228,3228,3228,73.44581604003906,70.36475372314453,77.51615905761719,78.78067016601563,75.3443603515625,71.08401489257813,74.51026916503906,75.61000061035156,73.23539733886719,71.85810089111328,51.61289978027344,50,74.19355010986328,80.6451644897461,73.33333587646484,64.51612854003906,48.3870964050293,46.875,29.142690658569336,17179869184,22548578304,5797199872,21060845568
